frame_id,relative_path,reason
4964,Z_RADA_C_BABJ_P_ACHN_CREF000_20260213145400_12.2_54.2_73.0_135.0.png,[Errno 2] No such file or directory: 'D:\\BaiduNetdiskDownload\\气象大模型数据（中南）-20260224\\气象雷达拼图（UTC）\\Z_RADA_C_BABJ_P_ACHN_CREF000_20260213145400_12.2_54.2_73.0_135.0.png'
4965,Z_RADA_C_BABJ_P_ACHN_CREF000_20260213150000_12.2_54.2_73.0_135.0.png,[Errno 2] No such file or directory: 'D:\\BaiduNetdiskDownload\\气象大模型数据（中南）-20260224\\气象雷达拼图（UTC）\\Z_RADA_C_BABJ_P_ACHN_CREF000_20260213150000_12.2_54.2_73.0_135.0.png'
4966,Z_RADA_C_BABJ_P_ACHN_CREF000_20260213150600_12.2_54.2_73.0_135.0.png,[Errno 2] No such file or directory: 'D:\\BaiduNetdiskDownload\\气象大模型数据（中南）-20260224\\气象雷达拼图（UTC）\\Z_RADA_C_BABJ_P_ACHN_CREF000_20260213150600_12.2_54.2_73.0_135.0.png'
4967,Z_RADA_C_BABJ_P_ACHN_CREF000_20260213151200_12.2_54.2_73.0_135.0.png,[Errno 2] No such file or directory: 'D:\\BaiduNetdiskDownload\\气象大模型数据（中南）-20260224\\气象雷达拼图（UTC）\\Z_RADA_C_BABJ_P_ACHN_CREF000_20260213151200_12.2_54.2_73.0_135.0.png'
4968,Z_RADA_C_BABJ_P_ACHN_CREF000_20260213151800_12.2_54.2_73.0_135.0.png,[Errno 2] No such file or directory: 'D:\\BaiduNetdiskDownload\\气象大模型数据（中南）-20260224\\气象雷达拼图（UTC）\\Z_RADA_C_BABJ_P_ACHN_CREF000_20260213151800_12.2_54.2_73.0_135.0.png'
4969,Z_RADA_C_BABJ_P_ACHN_CREF000_20260213152400_12.2_54.2_73.0_135.0.png,[Errno 2] No such file or directory: 'D:\\BaiduNetdiskDownload\\气象大模型数据（中南）-20260224\\气象雷达拼图（UTC）\\Z_RADA_C_BABJ_P_ACHN_CREF000_20260213152400_12.2_54.2_73.0_135.0.png'
4970,Z_RADA_C_BABJ_P_ACHN_CREF000_20260213153000_12.2_54.2_73.0_135.0.png,[Errno 2] No such file or directory: 'D:\\BaiduNetdiskDownload\\气象大模型数据（中南）-20260224\\气象雷达拼图（UTC）\\Z_RADA_C_BABJ_P_ACHN_CREF000_20260213153000_12.2_54.2_73.0_135.0.png'
4971,Z_RADA_C_BABJ_P_ACHN_CREF000_20260213153600_12.2_54.2_73.0_135.0.png,[Errno 2] No such file or directory: 'D:\\BaiduNetdiskDownload\\气象大模型数据（中南）-20260224\\气象雷达拼图（UTC）\\Z_RADA_C_BABJ_P_ACHN_CREF000_20260213153600_12.2_54.2_73.0_135.0.png'
4972,Z_RADA_C_BABJ_P_ACHN_CREF000_20260213154200_12.2_54.2_73.0_135.0.png,[Errno 2] No such file or directory: 'D:\\BaiduNetdiskDownload\\气象大模型数据（中南）-20260224\\气象雷达拼图（UTC）\\Z_RADA_C_BABJ_P_ACHN_CREF000_20260213154200_12.2_54.2_73.0_135.0.png'
4973,Z_RADA_C_BABJ_P_ACHN_CREF000_20260213154800_12.2_54.2_73.0_135.0.png,[Errno 2] No such file or directory: 'D:\\BaiduNetdiskDownload\\气象大模型数据（中南）-20260224\\气象雷达拼图（UTC）\\Z_RADA_C_BABJ_P_ACHN_CREF000_20260213154800_12.2_54.2_73.0_135.0.png'
4974,Z_RADA_C_BABJ_P_ACHN_CREF000_20260213155400_12.2_54.2_73.0_135.0.png,[Errno 2] No such file or directory: 'D:\\BaiduNetdiskDownload\\气象大模型数据（中南）-20260224\\气象雷达拼图（UTC）\\Z_RADA_C_BABJ_P_ACHN_CREF000_20260213155400_12.2_54.2_73.0_135.0.png'
4975,Z_RADA_C_BABJ_P_ACHN_CREF000_20260213160000_12.2_54.2_73.0_135.0.png,[Errno 2] No such file or directory: 'D:\\BaiduNetdiskDownload\\气象大模型数据（中南）-20260224\\气象雷达拼图（UTC）\\Z_RADA_C_BABJ_P_ACHN_CREF000_20260213160000_12.2_54.2_73.0_135.0.png'
4976,Z_RADA_C_BABJ_P_ACHN_CREF000_20260213160600_12.2_54.2_73.0_135.0.png,[Errno 2] No such file or directory: 'D:\\BaiduNetdiskDownload\\气象大模型数据（中南）-20260224\\气象雷达拼图（UTC）\\Z_RADA_C_BABJ_P_ACHN_CREF000_20260213160600_12.2_54.2_73.0_135.0.png'
4977,Z_RADA_C_BABJ_P_ACHN_CREF000_20260213161200_12.2_54.2_73.0_135.0.png,[Errno 2] No such file or directory: 'D:\\BaiduNetdiskDownload\\气象大模型数据（中南）-20260224\\气象雷达拼图（UTC）\\Z_RADA_C_BABJ_P_ACHN_CREF000_20260213161200_12.2_54.2_73.0_135.0.png'
4978,Z_RADA_C_BABJ_P_ACHN_CREF000_20260213161800_12.2_54.2_73.0_135.0.png,[Errno 2] No such file or directory: 'D:\\BaiduNetdiskDownload\\气象大模型数据（中南）-20260224\\气象雷达拼图（UTC）\\Z_RADA_C_BABJ_P_ACHN_CREF000_20260213161800_12.2_54.2_73.0_135.0.png'
4979,Z_RADA_C_BABJ_P_ACHN_CREF000_20260213162400_12.2_54.2_73.0_135.0.png,[Errno 2] No such file or directory: 'D:\\BaiduNetdiskDownload\\气象大模型数据（中南）-20260224\\气象雷达拼图（UTC）\\Z_RADA_C_BABJ_P_ACHN_CREF000_20260213162400_12.2_54.2_73.0_135.0.png'
4980,Z_RADA_C_BABJ_P_ACHN_CREF000_20260213163000_12.2_54.2_73.0_135.0.png,[Errno 2] No such file or directory: 'D:\\BaiduNetdiskDownload\\气象大模型数据（中南）-20260224\\气象雷达拼图（UTC）\\Z_RADA_C_BABJ_P_ACHN_CREF000_20260213163000_12.2_54.2_73.0_135.0.png'
4981,Z_RADA_C_BABJ_P_ACHN_CREF000_20260213163600_12.2_54.2_73.0_135.0.png,[Errno 2] No such file or directory: 'D:\\BaiduNetdiskDownload\\气象大模型数据（中南）-20260224\\气象雷达拼图（UTC）\\Z_RADA_C_BABJ_P_ACHN_CREF000_20260213163600_12.2_54.2_73.0_135.0.png'
4982,Z_RADA_C_BABJ_P_ACHN_CREF000_20260213164200_12.2_54.2_73.0_135.0.png,[Errno 2] No such file or directory: 'D:\\BaiduNetdiskDownload\\气象大模型数据（中南）-20260224\\气象雷达拼图（UTC）\\Z_RADA_C_BABJ_P_ACHN_CREF000_20260213164200_12.2_54.2_73.0_135.0.png'
4983,Z_RADA_C_BABJ_P_ACHN_CREF000_20260213164800_12.2_54.2_73.0_135.0.png,[Errno 2] No such file or directory: 'D:\\BaiduNetdiskDownload\\气象大模型数据（中南）-20260224\\气象雷达拼图（UTC）\\Z_RADA_C_BABJ_P_ACHN_CREF000_20260213164800_12.2_54.2_73.0_135.0.png'
4984,Z_RADA_C_BABJ_P_ACHN_CREF000_20260213165400_12.2_54.2_73.0_135.0.png,[Errno 2] No such file or directory: 'D:\\BaiduNetdiskDownload\\气象大模型数据（中南）-20260224\\气象雷达拼图（UTC）\\Z_RADA_C_BABJ_P_ACHN_CREF000_20260213165400_12.2_54.2_73.0_135.0.png'
4985,Z_RADA_C_BABJ_P_ACHN_CREF000_20260213170000_12.2_54.2_73.0_135.0.png,[Errno 2] No such file or directory: 'D:\\BaiduNetdiskDownload\\气象大模型数据（中南）-20260224\\气象雷达拼图（UTC）\\Z_RADA_C_BABJ_P_ACHN_CREF000_20260213170000_12.2_54.2_73.0_135.0.png'
4986,Z_RADA_C_BABJ_P_ACHN_CREF000_20260213170600_12.2_54.2_73.0_135.0.png,[Errno 2] No such file or directory: 'D:\\BaiduNetdiskDownload\\气象大模型数据（中南）-20260224\\气象雷达拼图（UTC）\\Z_RADA_C_BABJ_P_ACHN_CREF000_20260213170600_12.2_54.2_73.0_135.0.png'
4987,Z_RADA_C_BABJ_P_ACHN_CREF000_20260213171200_12.2_54.2_73.0_135.0.png,[Errno 2] No such file or directory: 'D:\\BaiduNetdiskDownload\\气象大模型数据（中南）-20260224\\气象雷达拼图（UTC）\\Z_RADA_C_BABJ_P_ACHN_CREF000_20260213171200_12.2_54.2_73.0_135.0.png'
4988,Z_RADA_C_BABJ_P_ACHN_CREF000_20260213171800_12.2_54.2_73.0_135.0.png,[Errno 2] No such file or directory: 'D:\\BaiduNetdiskDownload\\气象大模型数据（中南）-20260224\\气象雷达拼图（UTC）\\Z_RADA_C_BABJ_P_ACHN_CREF000_20260213171800_12.2_54.2_73.0_135.0.png'
4989,Z_RADA_C_BABJ_P_ACHN_CREF000_20260213172400_12.2_54.2_73.0_135.0.png,[Errno 2] No such file or directory: 'D:\\BaiduNetdiskDownload\\气象大模型数据（中南）-20260224\\气象雷达拼图（UTC）\\Z_RADA_C_BABJ_P_ACHN_CREF000_20260213172400_12.2_54.2_73.0_135.0.png'
4990,Z_RADA_C_BABJ_P_ACHN_CREF000_20260213173000_12.2_54.2_73.0_135.0.png,[Errno 2] No such file or directory: 'D:\\BaiduNetdiskDownload\\气象大模型数据（中南）-20260224\\气象雷达拼图（UTC）\\Z_RADA_C_BABJ_P_ACHN_CREF000_20260213173000_12.2_54.2_73.0_135.0.png'
4991,Z_RADA_C_BABJ_P_ACHN_CREF000_20260213173600_12.2_54.2_73.0_135.0.png,[Errno 2] No such file or directory: 'D:\\BaiduNetdiskDownload\\气象大模型数据（中南）-20260224\\气象雷达拼图（UTC）\\Z_RADA_C_BABJ_P_ACHN_CREF000_20260213173600_12.2_54.2_73.0_135.0.png'
4992,Z_RADA_C_BABJ_P_ACHN_CREF000_20260213174200_12.2_54.2_73.0_135.0.png,[Errno 2] No such file or directory: 'D:\\BaiduNetdiskDownload\\气象大模型数据（中南）-20260224\\气象雷达拼图（UTC）\\Z_RADA_C_BABJ_P_ACHN_CREF000_20260213174200_12.2_54.2_73.0_135.0.png'
4993,Z_RADA_C_BABJ_P_ACHN_CREF000_20260213174800_12.2_54.2_73.0_135.0.png,[Errno 2] No such file or directory: 'D:\\BaiduNetdiskDownload\\气象大模型数据（中南）-20260224\\气象雷达拼图（UTC）\\Z_RADA_C_BABJ_P_ACHN_CREF000_20260213174800_12.2_54.2_73.0_135.0.png'
4994,Z_RADA_C_BABJ_P_ACHN_CREF000_20260213175400_12.2_54.2_73.0_135.0.png,[Errno 2] No such file or directory: 'D:\\BaiduNetdiskDownload\\气象大模型数据（中南）-20260224\\气象雷达拼图（UTC）\\Z_RADA_C_BABJ_P_ACHN_CREF000_20260213175400_12.2_54.2_73.0_135.0.png'
4995,Z_RADA_C_BABJ_P_ACHN_CREF000_20260213180000_12.2_54.2_73.0_135.0.png,[Errno 2] No such file or directory: 'D:\\BaiduNetdiskDownload\\气象大模型数据（中南）-20260224\\气象雷达拼图（UTC）\\Z_RADA_C_BABJ_P_ACHN_CREF000_20260213180000_12.2_54.2_73.0_135.0.png'
4996,Z_RADA_C_BABJ_P_ACHN_CREF000_20260213180600_12.2_54.2_73.0_135.0.png,[Errno 2] No such file or directory: 'D:\\BaiduNetdiskDownload\\气象大模型数据（中南）-20260224\\气象雷达拼图（UTC）\\Z_RADA_C_BABJ_P_ACHN_CREF000_20260213180600_12.2_54.2_73.0_135.0.png'
4997,Z_RADA_C_BABJ_P_ACHN_CREF000_20260213181200_12.2_54.2_73.0_135.0.png,[Errno 2] No such file or directory: 'D:\\BaiduNetdiskDownload\\气象大模型数据（中南）-20260224\\气象雷达拼图（UTC）\\Z_RADA_C_BABJ_P_ACHN_CREF000_20260213181200_12.2_54.2_73.0_135.0.png'
4998,Z_RADA_C_BABJ_P_ACHN_CREF000_20260213181800_12.2_54.2_73.0_135.0.png,[Errno 2] No such file or directory: 'D:\\BaiduNetdiskDownload\\气象大模型数据（中南）-20260224\\气象雷达拼图（UTC）\\Z_RADA_C_BABJ_P_ACHN_CREF000_20260213181800_12.2_54.2_73.0_135.0.png'
4999,Z_RADA_C_BABJ_P_ACHN_CREF000_20260213182400_12.2_54.2_73.0_135.0.png,[Errno 2] No such file or directory: 'D:\\BaiduNetdiskDownload\\气象大模型数据（中南）-20260224\\气象雷达拼图（UTC）\\Z_RADA_C_BABJ_P_ACHN_CREF000_20260213182400_12.2_54.2_73.0_135.0.png'
5000,Z_RADA_C_BABJ_P_ACHN_CREF000_20260213183000_12.2_54.2_73.0_135.0.png,[Errno 2] No such file or directory: 'D:\\BaiduNetdiskDownload\\气象大模型数据（中南）-20260224\\气象雷达拼图（UTC）\\Z_RADA_C_BABJ_P_ACHN_CREF000_20260213183000_12.2_54.2_73.0_135.0.png'
5001,Z_RADA_C_BABJ_P_ACHN_CREF000_20260213183600_12.2_54.2_73.0_135.0.png,[Errno 2] No such file or directory: 'D:\\BaiduNetdiskDownload\\气象大模型数据（中南）-20260224\\气象雷达拼图（UTC）\\Z_RADA_C_BABJ_P_ACHN_CREF000_20260213183600_12.2_54.2_73.0_135.0.png'
5002,Z_RADA_C_BABJ_P_ACHN_CREF000_20260213184200_12.2_54.2_73.0_135.0.png,[Errno 2] No such file or directory: 'D:\\BaiduNetdiskDownload\\气象大模型数据（中南）-20260224\\气象雷达拼图（UTC）\\Z_RADA_C_BABJ_P_ACHN_CREF000_20260213184200_12.2_54.2_73.0_135.0.png'
5003,Z_RADA_C_BABJ_P_ACHN_CREF000_20260213184800_12.2_54.2_73.0_135.0.png,[Errno 2] No such file or directory: 'D:\\BaiduNetdiskDownload\\气象大模型数据（中南）-20260224\\气象雷达拼图（UTC）\\Z_RADA_C_BABJ_P_ACHN_CREF000_20260213184800_12.2_54.2_73.0_135.0.png'
5004,Z_RADA_C_BABJ_P_ACHN_CREF000_20260213185400_12.2_54.2_73.0_135.0.png,[Errno 2] No such file or directory: 'D:\\BaiduNetdiskDownload\\气象大模型数据（中南）-20260224\\气象雷达拼图（UTC）\\Z_RADA_C_BABJ_P_ACHN_CREF000_20260213185400_12.2_54.2_73.0_135.0.png'
5005,Z_RADA_C_BABJ_P_ACHN_CREF000_20260213190000_12.2_54.2_73.0_135.0.png,[Errno 2] No such file or directory: 'D:\\BaiduNetdiskDownload\\气象大模型数据（中南）-20260224\\气象雷达拼图（UTC）\\Z_RADA_C_BABJ_P_ACHN_CREF000_20260213190000_12.2_54.2_73.0_135.0.png'
5006,Z_RADA_C_BABJ_P_ACHN_CREF000_20260213190600_12.2_54.2_73.0_135.0.png,[Errno 2] No such file or directory: 'D:\\BaiduNetdiskDownload\\气象大模型数据（中南）-20260224\\气象雷达拼图（UTC）\\Z_RADA_C_BABJ_P_ACHN_CREF000_20260213190600_12.2_54.2_73.0_135.0.png'
5007,Z_RADA_C_BABJ_P_ACHN_CREF000_20260213191200_12.2_54.2_73.0_135.0.png,[Errno 2] No such file or directory: 'D:\\BaiduNetdiskDownload\\气象大模型数据（中南）-20260224\\气象雷达拼图（UTC）\\Z_RADA_C_BABJ_P_ACHN_CREF000_20260213191200_12.2_54.2_73.0_135.0.png'
5008,Z_RADA_C_BABJ_P_ACHN_CREF000_20260213191800_12.2_54.2_73.0_135.0.png,[Errno 2] No such file or directory: 'D:\\BaiduNetdiskDownload\\气象大模型数据（中南）-20260224\\气象雷达拼图（UTC）\\Z_RADA_C_BABJ_P_ACHN_CREF000_20260213191800_12.2_54.2_73.0_135.0.png'
5009,Z_RADA_C_BABJ_P_ACHN_CREF000_20260213192400_12.2_54.2_73.0_135.0.png,[Errno 2] No such file or directory: 'D:\\BaiduNetdiskDownload\\气象大模型数据（中南）-20260224\\气象雷达拼图（UTC）\\Z_RADA_C_BABJ_P_ACHN_CREF000_20260213192400_12.2_54.2_73.0_135.0.png'
5010,Z_RADA_C_BABJ_P_ACHN_CREF000_20260213193000_12.2_54.2_73.0_135.0.png,[Errno 2] No such file or directory: 'D:\\BaiduNetdiskDownload\\气象大模型数据（中南）-20260224\\气象雷达拼图（UTC）\\Z_RADA_C_BABJ_P_ACHN_CREF000_20260213193000_12.2_54.2_73.0_135.0.png'
5011,Z_RADA_C_BABJ_P_ACHN_CREF000_20260213193600_12.2_54.2_73.0_135.0.png,[Errno 2] No such file or directory: 'D:\\BaiduNetdiskDownload\\气象大模型数据（中南）-20260224\\气象雷达拼图（UTC）\\Z_RADA_C_BABJ_P_ACHN_CREF000_20260213193600_12.2_54.2_73.0_135.0.png'
5012,Z_RADA_C_BABJ_P_ACHN_CREF000_20260213194200_12.2_54.2_73.0_135.0.png,[Errno 2] No such file or directory: 'D:\\BaiduNetdiskDownload\\气象大模型数据（中南）-20260224\\气象雷达拼图（UTC）\\Z_RADA_C_BABJ_P_ACHN_CREF000_20260213194200_12.2_54.2_73.0_135.0.png'
5013,Z_RADA_C_BABJ_P_ACHN_CREF000_20260213194800_12.2_54.2_73.0_135.0.png,[Errno 2] No such file or directory: 'D:\\BaiduNetdiskDownload\\气象大模型数据（中南）-20260224\\气象雷达拼图（UTC）\\Z_RADA_C_BABJ_P_ACHN_CREF000_20260213194800_12.2_54.2_73.0_135.0.png'
5014,Z_RADA_C_BABJ_P_ACHN_CREF000_20260213195400_12.2_54.2_73.0_135.0.png,[Errno 2] No such file or directory: 'D:\\BaiduNetdiskDownload\\气象大模型数据（中南）-20260224\\气象雷达拼图（UTC）\\Z_RADA_C_BABJ_P_ACHN_CREF000_20260213195400_12.2_54.2_73.0_135.0.png'
5015,Z_RADA_C_BABJ_P_ACHN_CREF000_20260213200000_12.2_54.2_73.0_135.0.png,[Errno 2] No such file or directory: 'D:\\BaiduNetdiskDownload\\气象大模型数据（中南）-20260224\\气象雷达拼图（UTC）\\Z_RADA_C_BABJ_P_ACHN_CREF000_20260213200000_12.2_54.2_73.0_135.0.png'
5016,Z_RADA_C_BABJ_P_ACHN_CREF000_20260213200600_12.2_54.2_73.0_135.0.png,[Errno 2] No such file or directory: 'D:\\BaiduNetdiskDownload\\气象大模型数据（中南）-20260224\\气象雷达拼图（UTC）\\Z_RADA_C_BABJ_P_ACHN_CREF000_20260213200600_12.2_54.2_73.0_135.0.png'
5017,Z_RADA_C_BABJ_P_ACHN_CREF000_20260213201200_12.2_54.2_73.0_135.0.png,[Errno 2] No such file or directory: 'D:\\BaiduNetdiskDownload\\气象大模型数据（中南）-20260224\\气象雷达拼图（UTC）\\Z_RADA_C_BABJ_P_ACHN_CREF000_20260213201200_12.2_54.2_73.0_135.0.png'
5018,Z_RADA_C_BABJ_P_ACHN_CREF000_20260213201800_12.2_54.2_73.0_135.0.png,[Errno 2] No such file or directory: 'D:\\BaiduNetdiskDownload\\气象大模型数据（中南）-20260224\\气象雷达拼图（UTC）\\Z_RADA_C_BABJ_P_ACHN_CREF000_20260213201800_12.2_54.2_73.0_135.0.png'
5019,Z_RADA_C_BABJ_P_ACHN_CREF000_20260213202400_12.2_54.2_73.0_135.0.png,[Errno 2] No such file or directory: 'D:\\BaiduNetdiskDownload\\气象大模型数据（中南）-20260224\\气象雷达拼图（UTC）\\Z_RADA_C_BABJ_P_ACHN_CREF000_20260213202400_12.2_54.2_73.0_135.0.png'
5020,Z_RADA_C_BABJ_P_ACHN_CREF000_20260213203000_12.2_54.2_73.0_135.0.png,[Errno 2] No such file or directory: 'D:\\BaiduNetdiskDownload\\气象大模型数据（中南）-20260224\\气象雷达拼图（UTC）\\Z_RADA_C_BABJ_P_ACHN_CREF000_20260213203000_12.2_54.2_73.0_135.0.png'
5021,Z_RADA_C_BABJ_P_ACHN_CREF000_20260213203600_12.2_54.2_73.0_135.0.png,[Errno 2] No such file or directory: 'D:\\BaiduNetdiskDownload\\气象大模型数据（中南）-20260224\\气象雷达拼图（UTC）\\Z_RADA_C_BABJ_P_ACHN_CREF000_20260213203600_12.2_54.2_73.0_135.0.png'
5022,Z_RADA_C_BABJ_P_ACHN_CREF000_20260213204200_12.2_54.2_73.0_135.0.png,[Errno 2] No such file or directory: 'D:\\BaiduNetdiskDownload\\气象大模型数据（中南）-20260224\\气象雷达拼图（UTC）\\Z_RADA_C_BABJ_P_ACHN_CREF000_20260213204200_12.2_54.2_73.0_135.0.png'
5023,Z_RADA_C_BABJ_P_ACHN_CREF000_20260213204800_12.2_54.2_73.0_135.0.png,[Errno 2] No such file or directory: 'D:\\BaiduNetdiskDownload\\气象大模型数据（中南）-20260224\\气象雷达拼图（UTC）\\Z_RADA_C_BABJ_P_ACHN_CREF000_20260213204800_12.2_54.2_73.0_135.0.png'
5024,Z_RADA_C_BABJ_P_ACHN_CREF000_20260213205400_12.2_54.2_73.0_135.0.png,[Errno 2] No such file or directory: 'D:\\BaiduNetdiskDownload\\气象大模型数据（中南）-20260224\\气象雷达拼图（UTC）\\Z_RADA_C_BABJ_P_ACHN_CREF000_20260213205400_12.2_54.2_73.0_135.0.png'
5025,Z_RADA_C_BABJ_P_ACHN_CREF000_20260213210000_12.2_54.2_73.0_135.0.png,[Errno 2] No such file or directory: 'D:\\BaiduNetdiskDownload\\气象大模型数据（中南）-20260224\\气象雷达拼图（UTC）\\Z_RADA_C_BABJ_P_ACHN_CREF000_20260213210000_12.2_54.2_73.0_135.0.png'
5026,Z_RADA_C_BABJ_P_ACHN_CREF000_20260213210600_12.2_54.2_73.0_135.0.png,[Errno 2] No such file or directory: 'D:\\BaiduNetdiskDownload\\气象大模型数据（中南）-20260224\\气象雷达拼图（UTC）\\Z_RADA_C_BABJ_P_ACHN_CREF000_20260213210600_12.2_54.2_73.0_135.0.png'
5027,Z_RADA_C_BABJ_P_ACHN_CREF000_20260213211200_12.2_54.2_73.0_135.0.png,[Errno 2] No such file or directory: 'D:\\BaiduNetdiskDownload\\气象大模型数据（中南）-20260224\\气象雷达拼图（UTC）\\Z_RADA_C_BABJ_P_ACHN_CREF000_20260213211200_12.2_54.2_73.0_135.0.png'
5028,Z_RADA_C_BABJ_P_ACHN_CREF000_20260213211800_12.2_54.2_73.0_135.0.png,[Errno 2] No such file or directory: 'D:\\BaiduNetdiskDownload\\气象大模型数据（中南）-20260224\\气象雷达拼图（UTC）\\Z_RADA_C_BABJ_P_ACHN_CREF000_20260213211800_12.2_54.2_73.0_135.0.png'
5029,Z_RADA_C_BABJ_P_ACHN_CREF000_20260213212400_12.2_54.2_73.0_135.0.png,[Errno 2] No such file or directory: 'D:\\BaiduNetdiskDownload\\气象大模型数据（中南）-20260224\\气象雷达拼图（UTC）\\Z_RADA_C_BABJ_P_ACHN_CREF000_20260213212400_12.2_54.2_73.0_135.0.png'
5030,Z_RADA_C_BABJ_P_ACHN_CREF000_20260213213000_12.2_54.2_73.0_135.0.png,[Errno 2] No such file or directory: 'D:\\BaiduNetdiskDownload\\气象大模型数据（中南）-20260224\\气象雷达拼图（UTC）\\Z_RADA_C_BABJ_P_ACHN_CREF000_20260213213000_12.2_54.2_73.0_135.0.png'
5031,Z_RADA_C_BABJ_P_ACHN_CREF000_20260213213600_12.2_54.2_73.0_135.0.png,[Errno 2] No such file or directory: 'D:\\BaiduNetdiskDownload\\气象大模型数据（中南）-20260224\\气象雷达拼图（UTC）\\Z_RADA_C_BABJ_P_ACHN_CREF000_20260213213600_12.2_54.2_73.0_135.0.png'
5032,Z_RADA_C_BABJ_P_ACHN_CREF000_20260213214200_12.2_54.2_73.0_135.0.png,[Errno 2] No such file or directory: 'D:\\BaiduNetdiskDownload\\气象大模型数据（中南）-20260224\\气象雷达拼图（UTC）\\Z_RADA_C_BABJ_P_ACHN_CREF000_20260213214200_12.2_54.2_73.0_135.0.png'
5033,Z_RADA_C_BABJ_P_ACHN_CREF000_20260213214800_12.2_54.2_73.0_135.0.png,[Errno 2] No such file or directory: 'D:\\BaiduNetdiskDownload\\气象大模型数据（中南）-20260224\\气象雷达拼图（UTC）\\Z_RADA_C_BABJ_P_ACHN_CREF000_20260213214800_12.2_54.2_73.0_135.0.png'
5034,Z_RADA_C_BABJ_P_ACHN_CREF000_20260213215400_12.2_54.2_73.0_135.0.png,[Errno 2] No such file or directory: 'D:\\BaiduNetdiskDownload\\气象大模型数据（中南）-20260224\\气象雷达拼图（UTC）\\Z_RADA_C_BABJ_P_ACHN_CREF000_20260213215400_12.2_54.2_73.0_135.0.png'
5035,Z_RADA_C_BABJ_P_ACHN_CREF000_20260213220000_12.2_54.2_73.0_135.0.png,[Errno 2] No such file or directory: 'D:\\BaiduNetdiskDownload\\气象大模型数据（中南）-20260224\\气象雷达拼图（UTC）\\Z_RADA_C_BABJ_P_ACHN_CREF000_20260213220000_12.2_54.2_73.0_135.0.png'
5036,Z_RADA_C_BABJ_P_ACHN_CREF000_20260213220600_12.2_54.2_73.0_135.0.png,[Errno 2] No such file or directory: 'D:\\BaiduNetdiskDownload\\气象大模型数据（中南）-20260224\\气象雷达拼图（UTC）\\Z_RADA_C_BABJ_P_ACHN_CREF000_20260213220600_12.2_54.2_73.0_135.0.png'
5037,Z_RADA_C_BABJ_P_ACHN_CREF000_20260213221200_12.2_54.2_73.0_135.0.png,[Errno 2] No such file or directory: 'D:\\BaiduNetdiskDownload\\气象大模型数据（中南）-20260224\\气象雷达拼图（UTC）\\Z_RADA_C_BABJ_P_ACHN_CREF000_20260213221200_12.2_54.2_73.0_135.0.png'
5038,Z_RADA_C_BABJ_P_ACHN_CREF000_20260213221800_12.2_54.2_73.0_135.0.png,[Errno 2] No such file or directory: 'D:\\BaiduNetdiskDownload\\气象大模型数据（中南）-20260224\\气象雷达拼图（UTC）\\Z_RADA_C_BABJ_P_ACHN_CREF000_20260213221800_12.2_54.2_73.0_135.0.png'
5039,Z_RADA_C_BABJ_P_ACHN_CREF000_20260213222400_12.2_54.2_73.0_135.0.png,[Errno 2] No such file or directory: 'D:\\BaiduNetdiskDownload\\气象大模型数据（中南）-20260224\\气象雷达拼图（UTC）\\Z_RADA_C_BABJ_P_ACHN_CREF000_20260213222400_12.2_54.2_73.0_135.0.png'
5040,Z_RADA_C_BABJ_P_ACHN_CREF000_20260213223000_12.2_54.2_73.0_135.0.png,[Errno 2] No such file or directory: 'D:\\BaiduNetdiskDownload\\气象大模型数据（中南）-20260224\\气象雷达拼图（UTC）\\Z_RADA_C_BABJ_P_ACHN_CREF000_20260213223000_12.2_54.2_73.0_135.0.png'
5041,Z_RADA_C_BABJ_P_ACHN_CREF000_20260213223600_12.2_54.2_73.0_135.0.png,[Errno 2] No such file or directory: 'D:\\BaiduNetdiskDownload\\气象大模型数据（中南）-20260224\\气象雷达拼图（UTC）\\Z_RADA_C_BABJ_P_ACHN_CREF000_20260213223600_12.2_54.2_73.0_135.0.png'
5042,Z_RADA_C_BABJ_P_ACHN_CREF000_20260213224200_12.2_54.2_73.0_135.0.png,[Errno 2] No such file or directory: 'D:\\BaiduNetdiskDownload\\气象大模型数据（中南）-20260224\\气象雷达拼图（UTC）\\Z_RADA_C_BABJ_P_ACHN_CREF000_20260213224200_12.2_54.2_73.0_135.0.png'
5043,Z_RADA_C_BABJ_P_ACHN_CREF000_20260213224800_12.2_54.2_73.0_135.0.png,[Errno 2] No such file or directory: 'D:\\BaiduNetdiskDownload\\气象大模型数据（中南）-20260224\\气象雷达拼图（UTC）\\Z_RADA_C_BABJ_P_ACHN_CREF000_20260213224800_12.2_54.2_73.0_135.0.png'
5044,Z_RADA_C_BABJ_P_ACHN_CREF000_20260213225400_12.2_54.2_73.0_135.0.png,[Errno 2] No such file or directory: 'D:\\BaiduNetdiskDownload\\气象大模型数据（中南）-20260224\\气象雷达拼图（UTC）\\Z_RADA_C_BABJ_P_ACHN_CREF000_20260213225400_12.2_54.2_73.0_135.0.png'
5045,Z_RADA_C_BABJ_P_ACHN_CREF000_20260213230000_12.2_54.2_73.0_135.0.png,[Errno 2] No such file or directory: 'D:\\BaiduNetdiskDownload\\气象大模型数据（中南）-20260224\\气象雷达拼图（UTC）\\Z_RADA_C_BABJ_P_ACHN_CREF000_20260213230000_12.2_54.2_73.0_135.0.png'
5046,Z_RADA_C_BABJ_P_ACHN_CREF000_20260213230600_12.2_54.2_73.0_135.0.png,[Errno 2] No such file or directory: 'D:\\BaiduNetdiskDownload\\气象大模型数据（中南）-20260224\\气象雷达拼图（UTC）\\Z_RADA_C_BABJ_P_ACHN_CREF000_20260213230600_12.2_54.2_73.0_135.0.png'
5047,Z_RADA_C_BABJ_P_ACHN_CREF000_20260213231200_12.2_54.2_73.0_135.0.png,[Errno 2] No such file or directory: 'D:\\BaiduNetdiskDownload\\气象大模型数据（中南）-20260224\\气象雷达拼图（UTC）\\Z_RADA_C_BABJ_P_ACHN_CREF000_20260213231200_12.2_54.2_73.0_135.0.png'
5048,Z_RADA_C_BABJ_P_ACHN_CREF000_20260213231800_12.2_54.2_73.0_135.0.png,[Errno 2] No such file or directory: 'D:\\BaiduNetdiskDownload\\气象大模型数据（中南）-20260224\\气象雷达拼图（UTC）\\Z_RADA_C_BABJ_P_ACHN_CREF000_20260213231800_12.2_54.2_73.0_135.0.png'
5049,Z_RADA_C_BABJ_P_ACHN_CREF000_20260213232400_12.2_54.2_73.0_135.0.png,[Errno 2] No such file or directory: 'D:\\BaiduNetdiskDownload\\气象大模型数据（中南）-20260224\\气象雷达拼图（UTC）\\Z_RADA_C_BABJ_P_ACHN_CREF000_20260213232400_12.2_54.2_73.0_135.0.png'
5050,Z_RADA_C_BABJ_P_ACHN_CREF000_20260213233000_12.2_54.2_73.0_135.0.png,[Errno 2] No such file or directory: 'D:\\BaiduNetdiskDownload\\气象大模型数据（中南）-20260224\\气象雷达拼图（UTC）\\Z_RADA_C_BABJ_P_ACHN_CREF000_20260213233000_12.2_54.2_73.0_135.0.png'
5051,Z_RADA_C_BABJ_P_ACHN_CREF000_20260213233600_12.2_54.2_73.0_135.0.png,[Errno 2] No such file or directory: 'D:\\BaiduNetdiskDownload\\气象大模型数据（中南）-20260224\\气象雷达拼图（UTC）\\Z_RADA_C_BABJ_P_ACHN_CREF000_20260213233600_12.2_54.2_73.0_135.0.png'
5052,Z_RADA_C_BABJ_P_ACHN_CREF000_20260213234200_12.2_54.2_73.0_135.0.png,[Errno 2] No such file or directory: 'D:\\BaiduNetdiskDownload\\气象大模型数据（中南）-20260224\\气象雷达拼图（UTC）\\Z_RADA_C_BABJ_P_ACHN_CREF000_20260213234200_12.2_54.2_73.0_135.0.png'
5053,Z_RADA_C_BABJ_P_ACHN_CREF000_20260213234800_12.2_54.2_73.0_135.0.png,[Errno 2] No such file or directory: 'D:\\BaiduNetdiskDownload\\气象大模型数据（中南）-20260224\\气象雷达拼图（UTC）\\Z_RADA_C_BABJ_P_ACHN_CREF000_20260213234800_12.2_54.2_73.0_135.0.png'
5054,Z_RADA_C_BABJ_P_ACHN_CREF000_20260213235400_12.2_54.2_73.0_135.0.png,[Errno 2] No such file or directory: 'D:\\BaiduNetdiskDownload\\气象大模型数据（中南）-20260224\\气象雷达拼图（UTC）\\Z_RADA_C_BABJ_P_ACHN_CREF000_20260213235400_12.2_54.2_73.0_135.0.png'
5055,Z_RADA_C_BABJ_P_ACHN_CREF000_20260214000000_12.2_54.2_73.0_135.0.png,[Errno 2] No such file or directory: 'D:\\BaiduNetdiskDownload\\气象大模型数据（中南）-20260224\\气象雷达拼图（UTC）\\Z_RADA_C_BABJ_P_ACHN_CREF000_20260214000000_12.2_54.2_73.0_135.0.png'
5056,Z_RADA_C_BABJ_P_ACHN_CREF000_20260214000600_12.2_54.2_73.0_135.0.png,[Errno 2] No such file or directory: 'D:\\BaiduNetdiskDownload\\气象大模型数据（中南）-20260224\\气象雷达拼图（UTC）\\Z_RADA_C_BABJ_P_ACHN_CREF000_20260214000600_12.2_54.2_73.0_135.0.png'
5057,Z_RADA_C_BABJ_P_ACHN_CREF000_20260214001200_12.2_54.2_73.0_135.0.png,[Errno 2] No such file or directory: 'D:\\BaiduNetdiskDownload\\气象大模型数据（中南）-20260224\\气象雷达拼图（UTC）\\Z_RADA_C_BABJ_P_ACHN_CREF000_20260214001200_12.2_54.2_73.0_135.0.png'
5058,Z_RADA_C_BABJ_P_ACHN_CREF000_20260214001800_12.2_54.2_73.0_135.0.png,[Errno 2] No such file or directory: 'D:\\BaiduNetdiskDownload\\气象大模型数据（中南）-20260224\\气象雷达拼图（UTC）\\Z_RADA_C_BABJ_P_ACHN_CREF000_20260214001800_12.2_54.2_73.0_135.0.png'
5059,Z_RADA_C_BABJ_P_ACHN_CREF000_20260214002400_12.2_54.2_73.0_135.0.png,[Errno 2] No such file or directory: 'D:\\BaiduNetdiskDownload\\气象大模型数据（中南）-20260224\\气象雷达拼图（UTC）\\Z_RADA_C_BABJ_P_ACHN_CREF000_20260214002400_12.2_54.2_73.0_135.0.png'
5060,Z_RADA_C_BABJ_P_ACHN_CREF000_20260214003000_12.2_54.2_73.0_135.0.png,[Errno 2] No such file or directory: 'D:\\BaiduNetdiskDownload\\气象大模型数据（中南）-20260224\\气象雷达拼图（UTC）\\Z_RADA_C_BABJ_P_ACHN_CREF000_20260214003000_12.2_54.2_73.0_135.0.png'
5061,Z_RADA_C_BABJ_P_ACHN_CREF000_20260214003600_12.2_54.2_73.0_135.0.png,[Errno 2] No such file or directory: 'D:\\BaiduNetdiskDownload\\气象大模型数据（中南）-20260224\\气象雷达拼图（UTC）\\Z_RADA_C_BABJ_P_ACHN_CREF000_20260214003600_12.2_54.2_73.0_135.0.png'
5062,Z_RADA_C_BABJ_P_ACHN_CREF000_20260214004200_12.2_54.2_73.0_135.0.png,[Errno 2] No such file or directory: 'D:\\BaiduNetdiskDownload\\气象大模型数据（中南）-20260224\\气象雷达拼图（UTC）\\Z_RADA_C_BABJ_P_ACHN_CREF000_20260214004200_12.2_54.2_73.0_135.0.png'
5063,Z_RADA_C_BABJ_P_ACHN_CREF000_20260214004800_12.2_54.2_73.0_135.0.png,[Errno 2] No such file or directory: 'D:\\BaiduNetdiskDownload\\气象大模型数据（中南）-20260224\\气象雷达拼图（UTC）\\Z_RADA_C_BABJ_P_ACHN_CREF000_20260214004800_12.2_54.2_73.0_135.0.png'
5064,Z_RADA_C_BABJ_P_ACHN_CREF000_20260214005400_12.2_54.2_73.0_135.0.png,[Errno 2] No such file or directory: 'D:\\BaiduNetdiskDownload\\气象大模型数据（中南）-20260224\\气象雷达拼图（UTC）\\Z_RADA_C_BABJ_P_ACHN_CREF000_20260214005400_12.2_54.2_73.0_135.0.png'
5065,Z_RADA_C_BABJ_P_ACHN_CREF000_20260214010000_12.2_54.2_73.0_135.0.png,[Errno 2] No such file or directory: 'D:\\BaiduNetdiskDownload\\气象大模型数据（中南）-20260224\\气象雷达拼图（UTC）\\Z_RADA_C_BABJ_P_ACHN_CREF000_20260214010000_12.2_54.2_73.0_135.0.png'
5066,Z_RADA_C_BABJ_P_ACHN_CREF000_20260214010600_12.2_54.2_73.0_135.0.png,[Errno 2] No such file or directory: 'D:\\BaiduNetdiskDownload\\气象大模型数据（中南）-20260224\\气象雷达拼图（UTC）\\Z_RADA_C_BABJ_P_ACHN_CREF000_20260214010600_12.2_54.2_73.0_135.0.png'
5067,Z_RADA_C_BABJ_P_ACHN_CREF000_20260214011200_12.2_54.2_73.0_135.0.png,[Errno 2] No such file or directory: 'D:\\BaiduNetdiskDownload\\气象大模型数据（中南）-20260224\\气象雷达拼图（UTC）\\Z_RADA_C_BABJ_P_ACHN_CREF000_20260214011200_12.2_54.2_73.0_135.0.png'
5068,Z_RADA_C_BABJ_P_ACHN_CREF000_20260214011800_12.2_54.2_73.0_135.0.png,[Errno 2] No such file or directory: 'D:\\BaiduNetdiskDownload\\气象大模型数据（中南）-20260224\\气象雷达拼图（UTC）\\Z_RADA_C_BABJ_P_ACHN_CREF000_20260214011800_12.2_54.2_73.0_135.0.png'
5069,Z_RADA_C_BABJ_P_ACHN_CREF000_20260214012400_12.2_54.2_73.0_135.0.png,[Errno 2] No such file or directory: 'D:\\BaiduNetdiskDownload\\气象大模型数据（中南）-20260224\\气象雷达拼图（UTC）\\Z_RADA_C_BABJ_P_ACHN_CREF000_20260214012400_12.2_54.2_73.0_135.0.png'
5070,Z_RADA_C_BABJ_P_ACHN_CREF000_20260214013000_12.2_54.2_73.0_135.0.png,[Errno 2] No such file or directory: 'D:\\BaiduNetdiskDownload\\气象大模型数据（中南）-20260224\\气象雷达拼图（UTC）\\Z_RADA_C_BABJ_P_ACHN_CREF000_20260214013000_12.2_54.2_73.0_135.0.png'
5071,Z_RADA_C_BABJ_P_ACHN_CREF000_20260214013600_12.2_54.2_73.0_135.0.png,[Errno 2] No such file or directory: 'D:\\BaiduNetdiskDownload\\气象大模型数据（中南）-20260224\\气象雷达拼图（UTC）\\Z_RADA_C_BABJ_P_ACHN_CREF000_20260214013600_12.2_54.2_73.0_135.0.png'
5072,Z_RADA_C_BABJ_P_ACHN_CREF000_20260214014200_12.2_54.2_73.0_135.0.png,[Errno 2] No such file or directory: 'D:\\BaiduNetdiskDownload\\气象大模型数据（中南）-20260224\\气象雷达拼图（UTC）\\Z_RADA_C_BABJ_P_ACHN_CREF000_20260214014200_12.2_54.2_73.0_135.0.png'
5073,Z_RADA_C_BABJ_P_ACHN_CREF000_20260214014800_12.2_54.2_73.0_135.0.png,[Errno 2] No such file or directory: 'D:\\BaiduNetdiskDownload\\气象大模型数据（中南）-20260224\\气象雷达拼图（UTC）\\Z_RADA_C_BABJ_P_ACHN_CREF000_20260214014800_12.2_54.2_73.0_135.0.png'
5074,Z_RADA_C_BABJ_P_ACHN_CREF000_20260214015400_12.2_54.2_73.0_135.0.png,[Errno 2] No such file or directory: 'D:\\BaiduNetdiskDownload\\气象大模型数据（中南）-20260224\\气象雷达拼图（UTC）\\Z_RADA_C_BABJ_P_ACHN_CREF000_20260214015400_12.2_54.2_73.0_135.0.png'
5075,Z_RADA_C_BABJ_P_ACHN_CREF000_20260214020000_12.2_54.2_73.0_135.0.png,[Errno 2] No such file or directory: 'D:\\BaiduNetdiskDownload\\气象大模型数据（中南）-20260224\\气象雷达拼图（UTC）\\Z_RADA_C_BABJ_P_ACHN_CREF000_20260214020000_12.2_54.2_73.0_135.0.png'
5076,Z_RADA_C_BABJ_P_ACHN_CREF000_20260214020600_12.2_54.2_73.0_135.0.png,[Errno 2] No such file or directory: 'D:\\BaiduNetdiskDownload\\气象大模型数据（中南）-20260224\\气象雷达拼图（UTC）\\Z_RADA_C_BABJ_P_ACHN_CREF000_20260214020600_12.2_54.2_73.0_135.0.png'
5077,Z_RADA_C_BABJ_P_ACHN_CREF000_20260214021200_12.2_54.2_73.0_135.0.png,[Errno 2] No such file or directory: 'D:\\BaiduNetdiskDownload\\气象大模型数据（中南）-20260224\\气象雷达拼图（UTC）\\Z_RADA_C_BABJ_P_ACHN_CREF000_20260214021200_12.2_54.2_73.0_135.0.png'
5078,Z_RADA_C_BABJ_P_ACHN_CREF000_20260214021800_12.2_54.2_73.0_135.0.png,[Errno 2] No such file or directory: 'D:\\BaiduNetdiskDownload\\气象大模型数据（中南）-20260224\\气象雷达拼图（UTC）\\Z_RADA_C_BABJ_P_ACHN_CREF000_20260214021800_12.2_54.2_73.0_135.0.png'
5079,Z_RADA_C_BABJ_P_ACHN_CREF000_20260214022400_12.2_54.2_73.0_135.0.png,[Errno 2] No such file or directory: 'D:\\BaiduNetdiskDownload\\气象大模型数据（中南）-20260224\\气象雷达拼图（UTC）\\Z_RADA_C_BABJ_P_ACHN_CREF000_20260214022400_12.2_54.2_73.0_135.0.png'
5080,Z_RADA_C_BABJ_P_ACHN_CREF000_20260214023000_12.2_54.2_73.0_135.0.png,[Errno 2] No such file or directory: 'D:\\BaiduNetdiskDownload\\气象大模型数据（中南）-20260224\\气象雷达拼图（UTC）\\Z_RADA_C_BABJ_P_ACHN_CREF000_20260214023000_12.2_54.2_73.0_135.0.png'
5081,Z_RADA_C_BABJ_P_ACHN_CREF000_20260214023600_12.2_54.2_73.0_135.0.png,[Errno 2] No such file or directory: 'D:\\BaiduNetdiskDownload\\气象大模型数据（中南）-20260224\\气象雷达拼图（UTC）\\Z_RADA_C_BABJ_P_ACHN_CREF000_20260214023600_12.2_54.2_73.0_135.0.png'
5082,Z_RADA_C_BABJ_P_ACHN_CREF000_20260214024200_12.2_54.2_73.0_135.0.png,[Errno 2] No such file or directory: 'D:\\BaiduNetdiskDownload\\气象大模型数据（中南）-20260224\\气象雷达拼图（UTC）\\Z_RADA_C_BABJ_P_ACHN_CREF000_20260214024200_12.2_54.2_73.0_135.0.png'
5083,Z_RADA_C_BABJ_P_ACHN_CREF000_20260214024800_12.2_54.2_73.0_135.0.png,[Errno 2] No such file or directory: 'D:\\BaiduNetdiskDownload\\气象大模型数据（中南）-20260224\\气象雷达拼图（UTC）\\Z_RADA_C_BABJ_P_ACHN_CREF000_20260214024800_12.2_54.2_73.0_135.0.png'
5084,Z_RADA_C_BABJ_P_ACHN_CREF000_20260214025400_12.2_54.2_73.0_135.0.png,[Errno 2] No such file or directory: 'D:\\BaiduNetdiskDownload\\气象大模型数据（中南）-20260224\\气象雷达拼图（UTC）\\Z_RADA_C_BABJ_P_ACHN_CREF000_20260214025400_12.2_54.2_73.0_135.0.png'
5085,Z_RADA_C_BABJ_P_ACHN_CREF000_20260214030000_12.2_54.2_73.0_135.0.png,[Errno 2] No such file or directory: 'D:\\BaiduNetdiskDownload\\气象大模型数据（中南）-20260224\\气象雷达拼图（UTC）\\Z_RADA_C_BABJ_P_ACHN_CREF000_20260214030000_12.2_54.2_73.0_135.0.png'
5086,Z_RADA_C_BABJ_P_ACHN_CREF000_20260214030600_12.2_54.2_73.0_135.0.png,[Errno 2] No such file or directory: 'D:\\BaiduNetdiskDownload\\气象大模型数据（中南）-20260224\\气象雷达拼图（UTC）\\Z_RADA_C_BABJ_P_ACHN_CREF000_20260214030600_12.2_54.2_73.0_135.0.png'
5087,Z_RADA_C_BABJ_P_ACHN_CREF000_20260214031200_12.2_54.2_73.0_135.0.png,[Errno 2] No such file or directory: 'D:\\BaiduNetdiskDownload\\气象大模型数据（中南）-20260224\\气象雷达拼图（UTC）\\Z_RADA_C_BABJ_P_ACHN_CREF000_20260214031200_12.2_54.2_73.0_135.0.png'
5088,Z_RADA_C_BABJ_P_ACHN_CREF000_20260214031800_12.2_54.2_73.0_135.0.png,[Errno 2] No such file or directory: 'D:\\BaiduNetdiskDownload\\气象大模型数据（中南）-20260224\\气象雷达拼图（UTC）\\Z_RADA_C_BABJ_P_ACHN_CREF000_20260214031800_12.2_54.2_73.0_135.0.png'
5089,Z_RADA_C_BABJ_P_ACHN_CREF000_20260214032400_12.2_54.2_73.0_135.0.png,[Errno 2] No such file or directory: 'D:\\BaiduNetdiskDownload\\气象大模型数据（中南）-20260224\\气象雷达拼图（UTC）\\Z_RADA_C_BABJ_P_ACHN_CREF000_20260214032400_12.2_54.2_73.0_135.0.png'
5090,Z_RADA_C_BABJ_P_ACHN_CREF000_20260214033000_12.2_54.2_73.0_135.0.png,[Errno 2] No such file or directory: 'D:\\BaiduNetdiskDownload\\气象大模型数据（中南）-20260224\\气象雷达拼图（UTC）\\Z_RADA_C_BABJ_P_ACHN_CREF000_20260214033000_12.2_54.2_73.0_135.0.png'
5091,Z_RADA_C_BABJ_P_ACHN_CREF000_20260214033600_12.2_54.2_73.0_135.0.png,[Errno 2] No such file or directory: 'D:\\BaiduNetdiskDownload\\气象大模型数据（中南）-20260224\\气象雷达拼图（UTC）\\Z_RADA_C_BABJ_P_ACHN_CREF000_20260214033600_12.2_54.2_73.0_135.0.png'
5092,Z_RADA_C_BABJ_P_ACHN_CREF000_20260214034200_12.2_54.2_73.0_135.0.png,[Errno 2] No such file or directory: 'D:\\BaiduNetdiskDownload\\气象大模型数据（中南）-20260224\\气象雷达拼图（UTC）\\Z_RADA_C_BABJ_P_ACHN_CREF000_20260214034200_12.2_54.2_73.0_135.0.png'
5093,Z_RADA_C_BABJ_P_ACHN_CREF000_20260214034800_12.2_54.2_73.0_135.0.png,[Errno 2] No such file or directory: 'D:\\BaiduNetdiskDownload\\气象大模型数据（中南）-20260224\\气象雷达拼图（UTC）\\Z_RADA_C_BABJ_P_ACHN_CREF000_20260214034800_12.2_54.2_73.0_135.0.png'
5094,Z_RADA_C_BABJ_P_ACHN_CREF000_20260214035400_12.2_54.2_73.0_135.0.png,[Errno 2] No such file or directory: 'D:\\BaiduNetdiskDownload\\气象大模型数据（中南）-20260224\\气象雷达拼图（UTC）\\Z_RADA_C_BABJ_P_ACHN_CREF000_20260214035400_12.2_54.2_73.0_135.0.png'
5095,Z_RADA_C_BABJ_P_ACHN_CREF000_20260214040000_12.2_54.2_73.0_135.0.png,[Errno 2] No such file or directory: 'D:\\BaiduNetdiskDownload\\气象大模型数据（中南）-20260224\\气象雷达拼图（UTC）\\Z_RADA_C_BABJ_P_ACHN_CREF000_20260214040000_12.2_54.2_73.0_135.0.png'
5096,Z_RADA_C_BABJ_P_ACHN_CREF000_20260214040600_12.2_54.2_73.0_135.0.png,[Errno 2] No such file or directory: 'D:\\BaiduNetdiskDownload\\气象大模型数据（中南）-20260224\\气象雷达拼图（UTC）\\Z_RADA_C_BABJ_P_ACHN_CREF000_20260214040600_12.2_54.2_73.0_135.0.png'
5097,Z_RADA_C_BABJ_P_ACHN_CREF000_20260214041200_12.2_54.2_73.0_135.0.png,[Errno 2] No such file or directory: 'D:\\BaiduNetdiskDownload\\气象大模型数据（中南）-20260224\\气象雷达拼图（UTC）\\Z_RADA_C_BABJ_P_ACHN_CREF000_20260214041200_12.2_54.2_73.0_135.0.png'
5098,Z_RADA_C_BABJ_P_ACHN_CREF000_20260214041800_12.2_54.2_73.0_135.0.png,[Errno 2] No such file or directory: 'D:\\BaiduNetdiskDownload\\气象大模型数据（中南）-20260224\\气象雷达拼图（UTC）\\Z_RADA_C_BABJ_P_ACHN_CREF000_20260214041800_12.2_54.2_73.0_135.0.png'
5099,Z_RADA_C_BABJ_P_ACHN_CREF000_20260214042400_12.2_54.2_73.0_135.0.png,[Errno 2] No such file or directory: 'D:\\BaiduNetdiskDownload\\气象大模型数据（中南）-20260224\\气象雷达拼图（UTC）\\Z_RADA_C_BABJ_P_ACHN_CREF000_20260214042400_12.2_54.2_73.0_135.0.png'
5100,Z_RADA_C_BABJ_P_ACHN_CREF000_20260214043000_12.2_54.2_73.0_135.0.png,[Errno 2] No such file or directory: 'D:\\BaiduNetdiskDownload\\气象大模型数据（中南）-20260224\\气象雷达拼图（UTC）\\Z_RADA_C_BABJ_P_ACHN_CREF000_20260214043000_12.2_54.2_73.0_135.0.png'
5101,Z_RADA_C_BABJ_P_ACHN_CREF000_20260214043600_12.2_54.2_73.0_135.0.png,[Errno 2] No such file or directory: 'D:\\BaiduNetdiskDownload\\气象大模型数据（中南）-20260224\\气象雷达拼图（UTC）\\Z_RADA_C_BABJ_P_ACHN_CREF000_20260214043600_12.2_54.2_73.0_135.0.png'
5102,Z_RADA_C_BABJ_P_ACHN_CREF000_20260214044200_12.2_54.2_73.0_135.0.png,[Errno 2] No such file or directory: 'D:\\BaiduNetdiskDownload\\气象大模型数据（中南）-20260224\\气象雷达拼图（UTC）\\Z_RADA_C_BABJ_P_ACHN_CREF000_20260214044200_12.2_54.2_73.0_135.0.png'
5103,Z_RADA_C_BABJ_P_ACHN_CREF000_20260214044800_12.2_54.2_73.0_135.0.png,[Errno 2] No such file or directory: 'D:\\BaiduNetdiskDownload\\气象大模型数据（中南）-20260224\\气象雷达拼图（UTC）\\Z_RADA_C_BABJ_P_ACHN_CREF000_20260214044800_12.2_54.2_73.0_135.0.png'
5104,Z_RADA_C_BABJ_P_ACHN_CREF000_20260214045400_12.2_54.2_73.0_135.0.png,[Errno 2] No such file or directory: 'D:\\BaiduNetdiskDownload\\气象大模型数据（中南）-20260224\\气象雷达拼图（UTC）\\Z_RADA_C_BABJ_P_ACHN_CREF000_20260214045400_12.2_54.2_73.0_135.0.png'
5105,Z_RADA_C_BABJ_P_ACHN_CREF000_20260214050000_12.2_54.2_73.0_135.0.png,[Errno 2] No such file or directory: 'D:\\BaiduNetdiskDownload\\气象大模型数据（中南）-20260224\\气象雷达拼图（UTC）\\Z_RADA_C_BABJ_P_ACHN_CREF000_20260214050000_12.2_54.2_73.0_135.0.png'
5106,Z_RADA_C_BABJ_P_ACHN_CREF000_20260214050600_12.2_54.2_73.0_135.0.png,[Errno 2] No such file or directory: 'D:\\BaiduNetdiskDownload\\气象大模型数据（中南）-20260224\\气象雷达拼图（UTC）\\Z_RADA_C_BABJ_P_ACHN_CREF000_20260214050600_12.2_54.2_73.0_135.0.png'
5107,Z_RADA_C_BABJ_P_ACHN_CREF000_20260214051200_12.2_54.2_73.0_135.0.png,[Errno 2] No such file or directory: 'D:\\BaiduNetdiskDownload\\气象大模型数据（中南）-20260224\\气象雷达拼图（UTC）\\Z_RADA_C_BABJ_P_ACHN_CREF000_20260214051200_12.2_54.2_73.0_135.0.png'
5108,Z_RADA_C_BABJ_P_ACHN_CREF000_20260214051800_12.2_54.2_73.0_135.0.png,[Errno 2] No such file or directory: 'D:\\BaiduNetdiskDownload\\气象大模型数据（中南）-20260224\\气象雷达拼图（UTC）\\Z_RADA_C_BABJ_P_ACHN_CREF000_20260214051800_12.2_54.2_73.0_135.0.png'
5109,Z_RADA_C_BABJ_P_ACHN_CREF000_20260214052400_12.2_54.2_73.0_135.0.png,[Errno 2] No such file or directory: 'D:\\BaiduNetdiskDownload\\气象大模型数据（中南）-20260224\\气象雷达拼图（UTC）\\Z_RADA_C_BABJ_P_ACHN_CREF000_20260214052400_12.2_54.2_73.0_135.0.png'
5110,Z_RADA_C_BABJ_P_ACHN_CREF000_20260214053000_12.2_54.2_73.0_135.0.png,[Errno 2] No such file or directory: 'D:\\BaiduNetdiskDownload\\气象大模型数据（中南）-20260224\\气象雷达拼图（UTC）\\Z_RADA_C_BABJ_P_ACHN_CREF000_20260214053000_12.2_54.2_73.0_135.0.png'
5111,Z_RADA_C_BABJ_P_ACHN_CREF000_20260214053600_12.2_54.2_73.0_135.0.png,[Errno 2] No such file or directory: 'D:\\BaiduNetdiskDownload\\气象大模型数据（中南）-20260224\\气象雷达拼图（UTC）\\Z_RADA_C_BABJ_P_ACHN_CREF000_20260214053600_12.2_54.2_73.0_135.0.png'
5112,Z_RADA_C_BABJ_P_ACHN_CREF000_20260214054200_12.2_54.2_73.0_135.0.png,[Errno 2] No such file or directory: 'D:\\BaiduNetdiskDownload\\气象大模型数据（中南）-20260224\\气象雷达拼图（UTC）\\Z_RADA_C_BABJ_P_ACHN_CREF000_20260214054200_12.2_54.2_73.0_135.0.png'
5113,Z_RADA_C_BABJ_P_ACHN_CREF000_20260214054800_12.2_54.2_73.0_135.0.png,[Errno 2] No such file or directory: 'D:\\BaiduNetdiskDownload\\气象大模型数据（中南）-20260224\\气象雷达拼图（UTC）\\Z_RADA_C_BABJ_P_ACHN_CREF000_20260214054800_12.2_54.2_73.0_135.0.png'
5114,Z_RADA_C_BABJ_P_ACHN_CREF000_20260214055400_12.2_54.2_73.0_135.0.png,[Errno 2] No such file or directory: 'D:\\BaiduNetdiskDownload\\气象大模型数据（中南）-20260224\\气象雷达拼图（UTC）\\Z_RADA_C_BABJ_P_ACHN_CREF000_20260214055400_12.2_54.2_73.0_135.0.png'
5115,Z_RADA_C_BABJ_P_ACHN_CREF000_20260214060000_12.2_54.2_73.0_135.0.png,[Errno 2] No such file or directory: 'D:\\BaiduNetdiskDownload\\气象大模型数据（中南）-20260224\\气象雷达拼图（UTC）\\Z_RADA_C_BABJ_P_ACHN_CREF000_20260214060000_12.2_54.2_73.0_135.0.png'
5116,Z_RADA_C_BABJ_P_ACHN_CREF000_20260214060600_12.2_54.2_73.0_135.0.png,[Errno 2] No such file or directory: 'D:\\BaiduNetdiskDownload\\气象大模型数据（中南）-20260224\\气象雷达拼图（UTC）\\Z_RADA_C_BABJ_P_ACHN_CREF000_20260214060600_12.2_54.2_73.0_135.0.png'
5117,Z_RADA_C_BABJ_P_ACHN_CREF000_20260214061200_12.2_54.2_73.0_135.0.png,[Errno 2] No such file or directory: 'D:\\BaiduNetdiskDownload\\气象大模型数据（中南）-20260224\\气象雷达拼图（UTC）\\Z_RADA_C_BABJ_P_ACHN_CREF000_20260214061200_12.2_54.2_73.0_135.0.png'
5118,Z_RADA_C_BABJ_P_ACHN_CREF000_20260214061800_12.2_54.2_73.0_135.0.png,[Errno 2] No such file or directory: 'D:\\BaiduNetdiskDownload\\气象大模型数据（中南）-20260224\\气象雷达拼图（UTC）\\Z_RADA_C_BABJ_P_ACHN_CREF000_20260214061800_12.2_54.2_73.0_135.0.png'
5119,Z_RADA_C_BABJ_P_ACHN_CREF000_20260214062400_12.2_54.2_73.0_135.0.png,[Errno 2] No such file or directory: 'D:\\BaiduNetdiskDownload\\气象大模型数据（中南）-20260224\\气象雷达拼图（UTC）\\Z_RADA_C_BABJ_P_ACHN_CREF000_20260214062400_12.2_54.2_73.0_135.0.png'
5120,Z_RADA_C_BABJ_P_ACHN_CREF000_20260214063000_12.2_54.2_73.0_135.0.png,[Errno 2] No such file or directory: 'D:\\BaiduNetdiskDownload\\气象大模型数据（中南）-20260224\\气象雷达拼图（UTC）\\Z_RADA_C_BABJ_P_ACHN_CREF000_20260214063000_12.2_54.2_73.0_135.0.png'
5121,Z_RADA_C_BABJ_P_ACHN_CREF000_20260214063600_12.2_54.2_73.0_135.0.png,[Errno 2] No such file or directory: 'D:\\BaiduNetdiskDownload\\气象大模型数据（中南）-20260224\\气象雷达拼图（UTC）\\Z_RADA_C_BABJ_P_ACHN_CREF000_20260214063600_12.2_54.2_73.0_135.0.png'
5122,Z_RADA_C_BABJ_P_ACHN_CREF000_20260214064200_12.2_54.2_73.0_135.0.png,[Errno 2] No such file or directory: 'D:\\BaiduNetdiskDownload\\气象大模型数据（中南）-20260224\\气象雷达拼图（UTC）\\Z_RADA_C_BABJ_P_ACHN_CREF000_20260214064200_12.2_54.2_73.0_135.0.png'
5123,Z_RADA_C_BABJ_P_ACHN_CREF000_20260214064800_12.2_54.2_73.0_135.0.png,[Errno 2] No such file or directory: 'D:\\BaiduNetdiskDownload\\气象大模型数据（中南）-20260224\\气象雷达拼图（UTC）\\Z_RADA_C_BABJ_P_ACHN_CREF000_20260214064800_12.2_54.2_73.0_135.0.png'
5124,Z_RADA_C_BABJ_P_ACHN_CREF000_20260214065400_12.2_54.2_73.0_135.0.png,[Errno 2] No such file or directory: 'D:\\BaiduNetdiskDownload\\气象大模型数据（中南）-20260224\\气象雷达拼图（UTC）\\Z_RADA_C_BABJ_P_ACHN_CREF000_20260214065400_12.2_54.2_73.0_135.0.png'
5125,Z_RADA_C_BABJ_P_ACHN_CREF000_20260214070000_12.2_54.2_73.0_135.0.png,[Errno 2] No such file or directory: 'D:\\BaiduNetdiskDownload\\气象大模型数据（中南）-20260224\\气象雷达拼图（UTC）\\Z_RADA_C_BABJ_P_ACHN_CREF000_20260214070000_12.2_54.2_73.0_135.0.png'
5126,Z_RADA_C_BABJ_P_ACHN_CREF000_20260214070600_12.2_54.2_73.0_135.0.png,[Errno 2] No such file or directory: 'D:\\BaiduNetdiskDownload\\气象大模型数据（中南）-20260224\\气象雷达拼图（UTC）\\Z_RADA_C_BABJ_P_ACHN_CREF000_20260214070600_12.2_54.2_73.0_135.0.png'
5127,Z_RADA_C_BABJ_P_ACHN_CREF000_20260214071200_12.2_54.2_73.0_135.0.png,[Errno 2] No such file or directory: 'D:\\BaiduNetdiskDownload\\气象大模型数据（中南）-20260224\\气象雷达拼图（UTC）\\Z_RADA_C_BABJ_P_ACHN_CREF000_20260214071200_12.2_54.2_73.0_135.0.png'
5128,Z_RADA_C_BABJ_P_ACHN_CREF000_20260214071800_12.2_54.2_73.0_135.0.png,[Errno 2] No such file or directory: 'D:\\BaiduNetdiskDownload\\气象大模型数据（中南）-20260224\\气象雷达拼图（UTC）\\Z_RADA_C_BABJ_P_ACHN_CREF000_20260214071800_12.2_54.2_73.0_135.0.png'
5129,Z_RADA_C_BABJ_P_ACHN_CREF000_20260214072400_12.2_54.2_73.0_135.0.png,[Errno 2] No such file or directory: 'D:\\BaiduNetdiskDownload\\气象大模型数据（中南）-20260224\\气象雷达拼图（UTC）\\Z_RADA_C_BABJ_P_ACHN_CREF000_20260214072400_12.2_54.2_73.0_135.0.png'
5130,Z_RADA_C_BABJ_P_ACHN_CREF000_20260214073000_12.2_54.2_73.0_135.0.png,[Errno 2] No such file or directory: 'D:\\BaiduNetdiskDownload\\气象大模型数据（中南）-20260224\\气象雷达拼图（UTC）\\Z_RADA_C_BABJ_P_ACHN_CREF000_20260214073000_12.2_54.2_73.0_135.0.png'
5131,Z_RADA_C_BABJ_P_ACHN_CREF000_20260214073600_12.2_54.2_73.0_135.0.png,[Errno 2] No such file or directory: 'D:\\BaiduNetdiskDownload\\气象大模型数据（中南）-20260224\\气象雷达拼图（UTC）\\Z_RADA_C_BABJ_P_ACHN_CREF000_20260214073600_12.2_54.2_73.0_135.0.png'
5132,Z_RADA_C_BABJ_P_ACHN_CREF000_20260214074200_12.2_54.2_73.0_135.0.png,[Errno 2] No such file or directory: 'D:\\BaiduNetdiskDownload\\气象大模型数据（中南）-20260224\\气象雷达拼图（UTC）\\Z_RADA_C_BABJ_P_ACHN_CREF000_20260214074200_12.2_54.2_73.0_135.0.png'
5133,Z_RADA_C_BABJ_P_ACHN_CREF000_20260214074800_12.2_54.2_73.0_135.0.png,[Errno 2] No such file or directory: 'D:\\BaiduNetdiskDownload\\气象大模型数据（中南）-20260224\\气象雷达拼图（UTC）\\Z_RADA_C_BABJ_P_ACHN_CREF000_20260214074800_12.2_54.2_73.0_135.0.png'
5134,Z_RADA_C_BABJ_P_ACHN_CREF000_20260214075400_12.2_54.2_73.0_135.0.png,[Errno 2] No such file or directory: 'D:\\BaiduNetdiskDownload\\气象大模型数据（中南）-20260224\\气象雷达拼图（UTC）\\Z_RADA_C_BABJ_P_ACHN_CREF000_20260214075400_12.2_54.2_73.0_135.0.png'
5135,Z_RADA_C_BABJ_P_ACHN_CREF000_20260214080000_12.2_54.2_73.0_135.0.png,[Errno 2] No such file or directory: 'D:\\BaiduNetdiskDownload\\气象大模型数据（中南）-20260224\\气象雷达拼图（UTC）\\Z_RADA_C_BABJ_P_ACHN_CREF000_20260214080000_12.2_54.2_73.0_135.0.png'
5136,Z_RADA_C_BABJ_P_ACHN_CREF000_20260214080600_12.2_54.2_73.0_135.0.png,[Errno 2] No such file or directory: 'D:\\BaiduNetdiskDownload\\气象大模型数据（中南）-20260224\\气象雷达拼图（UTC）\\Z_RADA_C_BABJ_P_ACHN_CREF000_20260214080600_12.2_54.2_73.0_135.0.png'
5137,Z_RADA_C_BABJ_P_ACHN_CREF000_20260214081200_12.2_54.2_73.0_135.0.png,[Errno 2] No such file or directory: 'D:\\BaiduNetdiskDownload\\气象大模型数据（中南）-20260224\\气象雷达拼图（UTC）\\Z_RADA_C_BABJ_P_ACHN_CREF000_20260214081200_12.2_54.2_73.0_135.0.png'
5138,Z_RADA_C_BABJ_P_ACHN_CREF000_20260214081800_12.2_54.2_73.0_135.0.png,[Errno 2] No such file or directory: 'D:\\BaiduNetdiskDownload\\气象大模型数据（中南）-20260224\\气象雷达拼图（UTC）\\Z_RADA_C_BABJ_P_ACHN_CREF000_20260214081800_12.2_54.2_73.0_135.0.png'
5139,Z_RADA_C_BABJ_P_ACHN_CREF000_20260214082400_12.2_54.2_73.0_135.0.png,[Errno 2] No such file or directory: 'D:\\BaiduNetdiskDownload\\气象大模型数据（中南）-20260224\\气象雷达拼图（UTC）\\Z_RADA_C_BABJ_P_ACHN_CREF000_20260214082400_12.2_54.2_73.0_135.0.png'
5140,Z_RADA_C_BABJ_P_ACHN_CREF000_20260214083000_12.2_54.2_73.0_135.0.png,[Errno 2] No such file or directory: 'D:\\BaiduNetdiskDownload\\气象大模型数据（中南）-20260224\\气象雷达拼图（UTC）\\Z_RADA_C_BABJ_P_ACHN_CREF000_20260214083000_12.2_54.2_73.0_135.0.png'
5141,Z_RADA_C_BABJ_P_ACHN_CREF000_20260214083600_12.2_54.2_73.0_135.0.png,[Errno 2] No such file or directory: 'D:\\BaiduNetdiskDownload\\气象大模型数据（中南）-20260224\\气象雷达拼图（UTC）\\Z_RADA_C_BABJ_P_ACHN_CREF000_20260214083600_12.2_54.2_73.0_135.0.png'
5142,Z_RADA_C_BABJ_P_ACHN_CREF000_20260214084200_12.2_54.2_73.0_135.0.png,[Errno 2] No such file or directory: 'D:\\BaiduNetdiskDownload\\气象大模型数据（中南）-20260224\\气象雷达拼图（UTC）\\Z_RADA_C_BABJ_P_ACHN_CREF000_20260214084200_12.2_54.2_73.0_135.0.png'
5143,Z_RADA_C_BABJ_P_ACHN_CREF000_20260214084800_12.2_54.2_73.0_135.0.png,[Errno 2] No such file or directory: 'D:\\BaiduNetdiskDownload\\气象大模型数据（中南）-20260224\\气象雷达拼图（UTC）\\Z_RADA_C_BABJ_P_ACHN_CREF000_20260214084800_12.2_54.2_73.0_135.0.png'
5144,Z_RADA_C_BABJ_P_ACHN_CREF000_20260214085400_12.2_54.2_73.0_135.0.png,[Errno 2] No such file or directory: 'D:\\BaiduNetdiskDownload\\气象大模型数据（中南）-20260224\\气象雷达拼图（UTC）\\Z_RADA_C_BABJ_P_ACHN_CREF000_20260214085400_12.2_54.2_73.0_135.0.png'
5145,Z_RADA_C_BABJ_P_ACHN_CREF000_20260214090000_12.2_54.2_73.0_135.0.png,[Errno 2] No such file or directory: 'D:\\BaiduNetdiskDownload\\气象大模型数据（中南）-20260224\\气象雷达拼图（UTC）\\Z_RADA_C_BABJ_P_ACHN_CREF000_20260214090000_12.2_54.2_73.0_135.0.png'
5146,Z_RADA_C_BABJ_P_ACHN_CREF000_20260214090600_12.2_54.2_73.0_135.0.png,[Errno 2] No such file or directory: 'D:\\BaiduNetdiskDownload\\气象大模型数据（中南）-20260224\\气象雷达拼图（UTC）\\Z_RADA_C_BABJ_P_ACHN_CREF000_20260214090600_12.2_54.2_73.0_135.0.png'
5147,Z_RADA_C_BABJ_P_ACHN_CREF000_20260214091200_12.2_54.2_73.0_135.0.png,[Errno 2] No such file or directory: 'D:\\BaiduNetdiskDownload\\气象大模型数据（中南）-20260224\\气象雷达拼图（UTC）\\Z_RADA_C_BABJ_P_ACHN_CREF000_20260214091200_12.2_54.2_73.0_135.0.png'
5148,Z_RADA_C_BABJ_P_ACHN_CREF000_20260214091800_12.2_54.2_73.0_135.0.png,[Errno 2] No such file or directory: 'D:\\BaiduNetdiskDownload\\气象大模型数据（中南）-20260224\\气象雷达拼图（UTC）\\Z_RADA_C_BABJ_P_ACHN_CREF000_20260214091800_12.2_54.2_73.0_135.0.png'
5149,Z_RADA_C_BABJ_P_ACHN_CREF000_20260214092400_12.2_54.2_73.0_135.0.png,[Errno 2] No such file or directory: 'D:\\BaiduNetdiskDownload\\气象大模型数据（中南）-20260224\\气象雷达拼图（UTC）\\Z_RADA_C_BABJ_P_ACHN_CREF000_20260214092400_12.2_54.2_73.0_135.0.png'
5150,Z_RADA_C_BABJ_P_ACHN_CREF000_20260214093000_12.2_54.2_73.0_135.0.png,[Errno 2] No such file or directory: 'D:\\BaiduNetdiskDownload\\气象大模型数据（中南）-20260224\\气象雷达拼图（UTC）\\Z_RADA_C_BABJ_P_ACHN_CREF000_20260214093000_12.2_54.2_73.0_135.0.png'
5151,Z_RADA_C_BABJ_P_ACHN_CREF000_20260214093600_12.2_54.2_73.0_135.0.png,[Errno 2] No such file or directory: 'D:\\BaiduNetdiskDownload\\气象大模型数据（中南）-20260224\\气象雷达拼图（UTC）\\Z_RADA_C_BABJ_P_ACHN_CREF000_20260214093600_12.2_54.2_73.0_135.0.png'
5152,Z_RADA_C_BABJ_P_ACHN_CREF000_20260214094200_12.2_54.2_73.0_135.0.png,[Errno 2] No such file or directory: 'D:\\BaiduNetdiskDownload\\气象大模型数据（中南）-20260224\\气象雷达拼图（UTC）\\Z_RADA_C_BABJ_P_ACHN_CREF000_20260214094200_12.2_54.2_73.0_135.0.png'
5153,Z_RADA_C_BABJ_P_ACHN_CREF000_20260214094800_12.2_54.2_73.0_135.0.png,[Errno 2] No such file or directory: 'D:\\BaiduNetdiskDownload\\气象大模型数据（中南）-20260224\\气象雷达拼图（UTC）\\Z_RADA_C_BABJ_P_ACHN_CREF000_20260214094800_12.2_54.2_73.0_135.0.png'
5154,Z_RADA_C_BABJ_P_ACHN_CREF000_20260214095400_12.2_54.2_73.0_135.0.png,[Errno 2] No such file or directory: 'D:\\BaiduNetdiskDownload\\气象大模型数据（中南）-20260224\\气象雷达拼图（UTC）\\Z_RADA_C_BABJ_P_ACHN_CREF000_20260214095400_12.2_54.2_73.0_135.0.png'
5155,Z_RADA_C_BABJ_P_ACHN_CREF000_20260214100000_12.2_54.2_73.0_135.0.png,[Errno 2] No such file or directory: 'D:\\BaiduNetdiskDownload\\气象大模型数据（中南）-20260224\\气象雷达拼图（UTC）\\Z_RADA_C_BABJ_P_ACHN_CREF000_20260214100000_12.2_54.2_73.0_135.0.png'
5156,Z_RADA_C_BABJ_P_ACHN_CREF000_20260214100600_12.2_54.2_73.0_135.0.png,[Errno 2] No such file or directory: 'D:\\BaiduNetdiskDownload\\气象大模型数据（中南）-20260224\\气象雷达拼图（UTC）\\Z_RADA_C_BABJ_P_ACHN_CREF000_20260214100600_12.2_54.2_73.0_135.0.png'
5157,Z_RADA_C_BABJ_P_ACHN_CREF000_20260214101200_12.2_54.2_73.0_135.0.png,[Errno 2] No such file or directory: 'D:\\BaiduNetdiskDownload\\气象大模型数据（中南）-20260224\\气象雷达拼图（UTC）\\Z_RADA_C_BABJ_P_ACHN_CREF000_20260214101200_12.2_54.2_73.0_135.0.png'
5158,Z_RADA_C_BABJ_P_ACHN_CREF000_20260214101800_12.2_54.2_73.0_135.0.png,[Errno 2] No such file or directory: 'D:\\BaiduNetdiskDownload\\气象大模型数据（中南）-20260224\\气象雷达拼图（UTC）\\Z_RADA_C_BABJ_P_ACHN_CREF000_20260214101800_12.2_54.2_73.0_135.0.png'
5159,Z_RADA_C_BABJ_P_ACHN_CREF000_20260214102400_12.2_54.2_73.0_135.0.png,[Errno 2] No such file or directory: 'D:\\BaiduNetdiskDownload\\气象大模型数据（中南）-20260224\\气象雷达拼图（UTC）\\Z_RADA_C_BABJ_P_ACHN_CREF000_20260214102400_12.2_54.2_73.0_135.0.png'
5160,Z_RADA_C_BABJ_P_ACHN_CREF000_20260214103000_12.2_54.2_73.0_135.0.png,[Errno 2] No such file or directory: 'D:\\BaiduNetdiskDownload\\气象大模型数据（中南）-20260224\\气象雷达拼图（UTC）\\Z_RADA_C_BABJ_P_ACHN_CREF000_20260214103000_12.2_54.2_73.0_135.0.png'
5161,Z_RADA_C_BABJ_P_ACHN_CREF000_20260214103600_12.2_54.2_73.0_135.0.png,[Errno 2] No such file or directory: 'D:\\BaiduNetdiskDownload\\气象大模型数据（中南）-20260224\\气象雷达拼图（UTC）\\Z_RADA_C_BABJ_P_ACHN_CREF000_20260214103600_12.2_54.2_73.0_135.0.png'
5162,Z_RADA_C_BABJ_P_ACHN_CREF000_20260214104200_12.2_54.2_73.0_135.0.png,[Errno 2] No such file or directory: 'D:\\BaiduNetdiskDownload\\气象大模型数据（中南）-20260224\\气象雷达拼图（UTC）\\Z_RADA_C_BABJ_P_ACHN_CREF000_20260214104200_12.2_54.2_73.0_135.0.png'
5163,Z_RADA_C_BABJ_P_ACHN_CREF000_20260214104800_12.2_54.2_73.0_135.0.png,[Errno 2] No such file or directory: 'D:\\BaiduNetdiskDownload\\气象大模型数据（中南）-20260224\\气象雷达拼图（UTC）\\Z_RADA_C_BABJ_P_ACHN_CREF000_20260214104800_12.2_54.2_73.0_135.0.png'
5164,Z_RADA_C_BABJ_P_ACHN_CREF000_20260214105400_12.2_54.2_73.0_135.0.png,[Errno 2] No such file or directory: 'D:\\BaiduNetdiskDownload\\气象大模型数据（中南）-20260224\\气象雷达拼图（UTC）\\Z_RADA_C_BABJ_P_ACHN_CREF000_20260214105400_12.2_54.2_73.0_135.0.png'
5165,Z_RADA_C_BABJ_P_ACHN_CREF000_20260214110000_12.2_54.2_73.0_135.0.png,[Errno 2] No such file or directory: 'D:\\BaiduNetdiskDownload\\气象大模型数据（中南）-20260224\\气象雷达拼图（UTC）\\Z_RADA_C_BABJ_P_ACHN_CREF000_20260214110000_12.2_54.2_73.0_135.0.png'
5166,Z_RADA_C_BABJ_P_ACHN_CREF000_20260214110600_12.2_54.2_73.0_135.0.png,[Errno 2] No such file or directory: 'D:\\BaiduNetdiskDownload\\气象大模型数据（中南）-20260224\\气象雷达拼图（UTC）\\Z_RADA_C_BABJ_P_ACHN_CREF000_20260214110600_12.2_54.2_73.0_135.0.png'
5167,Z_RADA_C_BABJ_P_ACHN_CREF000_20260214111200_12.2_54.2_73.0_135.0.png,[Errno 2] No such file or directory: 'D:\\BaiduNetdiskDownload\\气象大模型数据（中南）-20260224\\气象雷达拼图（UTC）\\Z_RADA_C_BABJ_P_ACHN_CREF000_20260214111200_12.2_54.2_73.0_135.0.png'
5168,Z_RADA_C_BABJ_P_ACHN_CREF000_20260214111800_12.2_54.2_73.0_135.0.png,[Errno 2] No such file or directory: 'D:\\BaiduNetdiskDownload\\气象大模型数据（中南）-20260224\\气象雷达拼图（UTC）\\Z_RADA_C_BABJ_P_ACHN_CREF000_20260214111800_12.2_54.2_73.0_135.0.png'
5169,Z_RADA_C_BABJ_P_ACHN_CREF000_20260214112400_12.2_54.2_73.0_135.0.png,[Errno 2] No such file or directory: 'D:\\BaiduNetdiskDownload\\气象大模型数据（中南）-20260224\\气象雷达拼图（UTC）\\Z_RADA_C_BABJ_P_ACHN_CREF000_20260214112400_12.2_54.2_73.0_135.0.png'
5170,Z_RADA_C_BABJ_P_ACHN_CREF000_20260214113000_12.2_54.2_73.0_135.0.png,[Errno 2] No such file or directory: 'D:\\BaiduNetdiskDownload\\气象大模型数据（中南）-20260224\\气象雷达拼图（UTC）\\Z_RADA_C_BABJ_P_ACHN_CREF000_20260214113000_12.2_54.2_73.0_135.0.png'
5171,Z_RADA_C_BABJ_P_ACHN_CREF000_20260214113600_12.2_54.2_73.0_135.0.png,[Errno 2] No such file or directory: 'D:\\BaiduNetdiskDownload\\气象大模型数据（中南）-20260224\\气象雷达拼图（UTC）\\Z_RADA_C_BABJ_P_ACHN_CREF000_20260214113600_12.2_54.2_73.0_135.0.png'
5172,Z_RADA_C_BABJ_P_ACHN_CREF000_20260214114200_12.2_54.2_73.0_135.0.png,[Errno 2] No such file or directory: 'D:\\BaiduNetdiskDownload\\气象大模型数据（中南）-20260224\\气象雷达拼图（UTC）\\Z_RADA_C_BABJ_P_ACHN_CREF000_20260214114200_12.2_54.2_73.0_135.0.png'
5173,Z_RADA_C_BABJ_P_ACHN_CREF000_20260214114800_12.2_54.2_73.0_135.0.png,[Errno 2] No such file or directory: 'D:\\BaiduNetdiskDownload\\气象大模型数据（中南）-20260224\\气象雷达拼图（UTC）\\Z_RADA_C_BABJ_P_ACHN_CREF000_20260214114800_12.2_54.2_73.0_135.0.png'
5174,Z_RADA_C_BABJ_P_ACHN_CREF000_20260214115400_12.2_54.2_73.0_135.0.png,[Errno 2] No such file or directory: 'D:\\BaiduNetdiskDownload\\气象大模型数据（中南）-20260224\\气象雷达拼图（UTC）\\Z_RADA_C_BABJ_P_ACHN_CREF000_20260214115400_12.2_54.2_73.0_135.0.png'
5175,Z_RADA_C_BABJ_P_ACHN_CREF000_20260214120000_12.2_54.2_73.0_135.0.png,[Errno 2] No such file or directory: 'D:\\BaiduNetdiskDownload\\气象大模型数据（中南）-20260224\\气象雷达拼图（UTC）\\Z_RADA_C_BABJ_P_ACHN_CREF000_20260214120000_12.2_54.2_73.0_135.0.png'
5176,Z_RADA_C_BABJ_P_ACHN_CREF000_20260214120600_12.2_54.2_73.0_135.0.png,[Errno 2] No such file or directory: 'D:\\BaiduNetdiskDownload\\气象大模型数据（中南）-20260224\\气象雷达拼图（UTC）\\Z_RADA_C_BABJ_P_ACHN_CREF000_20260214120600_12.2_54.2_73.0_135.0.png'
5177,Z_RADA_C_BABJ_P_ACHN_CREF000_20260214121200_12.2_54.2_73.0_135.0.png,[Errno 2] No such file or directory: 'D:\\BaiduNetdiskDownload\\气象大模型数据（中南）-20260224\\气象雷达拼图（UTC）\\Z_RADA_C_BABJ_P_ACHN_CREF000_20260214121200_12.2_54.2_73.0_135.0.png'
5178,Z_RADA_C_BABJ_P_ACHN_CREF000_20260214121800_12.2_54.2_73.0_135.0.png,[Errno 2] No such file or directory: 'D:\\BaiduNetdiskDownload\\气象大模型数据（中南）-20260224\\气象雷达拼图（UTC）\\Z_RADA_C_BABJ_P_ACHN_CREF000_20260214121800_12.2_54.2_73.0_135.0.png'
5179,Z_RADA_C_BABJ_P_ACHN_CREF000_20260214122400_12.2_54.2_73.0_135.0.png,[Errno 2] No such file or directory: 'D:\\BaiduNetdiskDownload\\气象大模型数据（中南）-20260224\\气象雷达拼图（UTC）\\Z_RADA_C_BABJ_P_ACHN_CREF000_20260214122400_12.2_54.2_73.0_135.0.png'
5180,Z_RADA_C_BABJ_P_ACHN_CREF000_20260214123000_12.2_54.2_73.0_135.0.png,[Errno 2] No such file or directory: 'D:\\BaiduNetdiskDownload\\气象大模型数据（中南）-20260224\\气象雷达拼图（UTC）\\Z_RADA_C_BABJ_P_ACHN_CREF000_20260214123000_12.2_54.2_73.0_135.0.png'
5181,Z_RADA_C_BABJ_P_ACHN_CREF000_20260214123600_12.2_54.2_73.0_135.0.png,[Errno 2] No such file or directory: 'D:\\BaiduNetdiskDownload\\气象大模型数据（中南）-20260224\\气象雷达拼图（UTC）\\Z_RADA_C_BABJ_P_ACHN_CREF000_20260214123600_12.2_54.2_73.0_135.0.png'
5182,Z_RADA_C_BABJ_P_ACHN_CREF000_20260214124200_12.2_54.2_73.0_135.0.png,[Errno 2] No such file or directory: 'D:\\BaiduNetdiskDownload\\气象大模型数据（中南）-20260224\\气象雷达拼图（UTC）\\Z_RADA_C_BABJ_P_ACHN_CREF000_20260214124200_12.2_54.2_73.0_135.0.png'
5183,Z_RADA_C_BABJ_P_ACHN_CREF000_20260214124800_12.2_54.2_73.0_135.0.png,[Errno 2] No such file or directory: 'D:\\BaiduNetdiskDownload\\气象大模型数据（中南）-20260224\\气象雷达拼图（UTC）\\Z_RADA_C_BABJ_P_ACHN_CREF000_20260214124800_12.2_54.2_73.0_135.0.png'
5184,Z_RADA_C_BABJ_P_ACHN_CREF000_20260214125400_12.2_54.2_73.0_135.0.png,[Errno 2] No such file or directory: 'D:\\BaiduNetdiskDownload\\气象大模型数据（中南）-20260224\\气象雷达拼图（UTC）\\Z_RADA_C_BABJ_P_ACHN_CREF000_20260214125400_12.2_54.2_73.0_135.0.png'
5185,Z_RADA_C_BABJ_P_ACHN_CREF000_20260214130000_12.2_54.2_73.0_135.0.png,[Errno 2] No such file or directory: 'D:\\BaiduNetdiskDownload\\气象大模型数据（中南）-20260224\\气象雷达拼图（UTC）\\Z_RADA_C_BABJ_P_ACHN_CREF000_20260214130000_12.2_54.2_73.0_135.0.png'
5186,Z_RADA_C_BABJ_P_ACHN_CREF000_20260214130600_12.2_54.2_73.0_135.0.png,[Errno 2] No such file or directory: 'D:\\BaiduNetdiskDownload\\气象大模型数据（中南）-20260224\\气象雷达拼图（UTC）\\Z_RADA_C_BABJ_P_ACHN_CREF000_20260214130600_12.2_54.2_73.0_135.0.png'
5187,Z_RADA_C_BABJ_P_ACHN_CREF000_20260214131200_12.2_54.2_73.0_135.0.png,[Errno 2] No such file or directory: 'D:\\BaiduNetdiskDownload\\气象大模型数据（中南）-20260224\\气象雷达拼图（UTC）\\Z_RADA_C_BABJ_P_ACHN_CREF000_20260214131200_12.2_54.2_73.0_135.0.png'
5188,Z_RADA_C_BABJ_P_ACHN_CREF000_20260214131800_12.2_54.2_73.0_135.0.png,[Errno 2] No such file or directory: 'D:\\BaiduNetdiskDownload\\气象大模型数据（中南）-20260224\\气象雷达拼图（UTC）\\Z_RADA_C_BABJ_P_ACHN_CREF000_20260214131800_12.2_54.2_73.0_135.0.png'
5189,Z_RADA_C_BABJ_P_ACHN_CREF000_20260214132400_12.2_54.2_73.0_135.0.png,[Errno 2] No such file or directory: 'D:\\BaiduNetdiskDownload\\气象大模型数据（中南）-20260224\\气象雷达拼图（UTC）\\Z_RADA_C_BABJ_P_ACHN_CREF000_20260214132400_12.2_54.2_73.0_135.0.png'
5190,Z_RADA_C_BABJ_P_ACHN_CREF000_20260214133000_12.2_54.2_73.0_135.0.png,[Errno 2] No such file or directory: 'D:\\BaiduNetdiskDownload\\气象大模型数据（中南）-20260224\\气象雷达拼图（UTC）\\Z_RADA_C_BABJ_P_ACHN_CREF000_20260214133000_12.2_54.2_73.0_135.0.png'
5191,Z_RADA_C_BABJ_P_ACHN_CREF000_20260214133600_12.2_54.2_73.0_135.0.png,[Errno 2] No such file or directory: 'D:\\BaiduNetdiskDownload\\气象大模型数据（中南）-20260224\\气象雷达拼图（UTC）\\Z_RADA_C_BABJ_P_ACHN_CREF000_20260214133600_12.2_54.2_73.0_135.0.png'
5192,Z_RADA_C_BABJ_P_ACHN_CREF000_20260214134200_12.2_54.2_73.0_135.0.png,[Errno 2] No such file or directory: 'D:\\BaiduNetdiskDownload\\气象大模型数据（中南）-20260224\\气象雷达拼图（UTC）\\Z_RADA_C_BABJ_P_ACHN_CREF000_20260214134200_12.2_54.2_73.0_135.0.png'
5193,Z_RADA_C_BABJ_P_ACHN_CREF000_20260214134800_12.2_54.2_73.0_135.0.png,[Errno 2] No such file or directory: 'D:\\BaiduNetdiskDownload\\气象大模型数据（中南）-20260224\\气象雷达拼图（UTC）\\Z_RADA_C_BABJ_P_ACHN_CREF000_20260214134800_12.2_54.2_73.0_135.0.png'
5194,Z_RADA_C_BABJ_P_ACHN_CREF000_20260214135400_12.2_54.2_73.0_135.0.png,[Errno 2] No such file or directory: 'D:\\BaiduNetdiskDownload\\气象大模型数据（中南）-20260224\\气象雷达拼图（UTC）\\Z_RADA_C_BABJ_P_ACHN_CREF000_20260214135400_12.2_54.2_73.0_135.0.png'
5195,Z_RADA_C_BABJ_P_ACHN_CREF000_20260214140000_12.2_54.2_73.0_135.0.png,[Errno 2] No such file or directory: 'D:\\BaiduNetdiskDownload\\气象大模型数据（中南）-20260224\\气象雷达拼图（UTC）\\Z_RADA_C_BABJ_P_ACHN_CREF000_20260214140000_12.2_54.2_73.0_135.0.png'
5196,Z_RADA_C_BABJ_P_ACHN_CREF000_20260214140600_12.2_54.2_73.0_135.0.png,[Errno 2] No such file or directory: 'D:\\BaiduNetdiskDownload\\气象大模型数据（中南）-20260224\\气象雷达拼图（UTC）\\Z_RADA_C_BABJ_P_ACHN_CREF000_20260214140600_12.2_54.2_73.0_135.0.png'
5197,Z_RADA_C_BABJ_P_ACHN_CREF000_20260214141200_12.2_54.2_73.0_135.0.png,[Errno 2] No such file or directory: 'D:\\BaiduNetdiskDownload\\气象大模型数据（中南）-20260224\\气象雷达拼图（UTC）\\Z_RADA_C_BABJ_P_ACHN_CREF000_20260214141200_12.2_54.2_73.0_135.0.png'
5198,Z_RADA_C_BABJ_P_ACHN_CREF000_20260214141800_12.2_54.2_73.0_135.0.png,[Errno 2] No such file or directory: 'D:\\BaiduNetdiskDownload\\气象大模型数据（中南）-20260224\\气象雷达拼图（UTC）\\Z_RADA_C_BABJ_P_ACHN_CREF000_20260214141800_12.2_54.2_73.0_135.0.png'
5199,Z_RADA_C_BABJ_P_ACHN_CREF000_20260214142400_12.2_54.2_73.0_135.0.png,[Errno 2] No such file or directory: 'D:\\BaiduNetdiskDownload\\气象大模型数据（中南）-20260224\\气象雷达拼图（UTC）\\Z_RADA_C_BABJ_P_ACHN_CREF000_20260214142400_12.2_54.2_73.0_135.0.png'
5200,Z_RADA_C_BABJ_P_ACHN_CREF000_20260214143000_12.2_54.2_73.0_135.0.png,[Errno 2] No such file or directory: 'D:\\BaiduNetdiskDownload\\气象大模型数据（中南）-20260224\\气象雷达拼图（UTC）\\Z_RADA_C_BABJ_P_ACHN_CREF000_20260214143000_12.2_54.2_73.0_135.0.png'
5201,Z_RADA_C_BABJ_P_ACHN_CREF000_20260214143600_12.2_54.2_73.0_135.0.png,[Errno 2] No such file or directory: 'D:\\BaiduNetdiskDownload\\气象大模型数据（中南）-20260224\\气象雷达拼图（UTC）\\Z_RADA_C_BABJ_P_ACHN_CREF000_20260214143600_12.2_54.2_73.0_135.0.png'
5202,Z_RADA_C_BABJ_P_ACHN_CREF000_20260214144200_12.2_54.2_73.0_135.0.png,[Errno 2] No such file or directory: 'D:\\BaiduNetdiskDownload\\气象大模型数据（中南）-20260224\\气象雷达拼图（UTC）\\Z_RADA_C_BABJ_P_ACHN_CREF000_20260214144200_12.2_54.2_73.0_135.0.png'
5203,Z_RADA_C_BABJ_P_ACHN_CREF000_20260214144800_12.2_54.2_73.0_135.0.png,[Errno 2] No such file or directory: 'D:\\BaiduNetdiskDownload\\气象大模型数据（中南）-20260224\\气象雷达拼图（UTC）\\Z_RADA_C_BABJ_P_ACHN_CREF000_20260214144800_12.2_54.2_73.0_135.0.png'
5204,Z_RADA_C_BABJ_P_ACHN_CREF000_20260214145400_12.2_54.2_73.0_135.0.png,[Errno 2] No such file or directory: 'D:\\BaiduNetdiskDownload\\气象大模型数据（中南）-20260224\\气象雷达拼图（UTC）\\Z_RADA_C_BABJ_P_ACHN_CREF000_20260214145400_12.2_54.2_73.0_135.0.png'
5205,Z_RADA_C_BABJ_P_ACHN_CREF000_20260214150000_12.2_54.2_73.0_135.0.png,[Errno 2] No such file or directory: 'D:\\BaiduNetdiskDownload\\气象大模型数据（中南）-20260224\\气象雷达拼图（UTC）\\Z_RADA_C_BABJ_P_ACHN_CREF000_20260214150000_12.2_54.2_73.0_135.0.png'
5206,Z_RADA_C_BABJ_P_ACHN_CREF000_20260214150600_12.2_54.2_73.0_135.0.png,[Errno 2] No such file or directory: 'D:\\BaiduNetdiskDownload\\气象大模型数据（中南）-20260224\\气象雷达拼图（UTC）\\Z_RADA_C_BABJ_P_ACHN_CREF000_20260214150600_12.2_54.2_73.0_135.0.png'
5207,Z_RADA_C_BABJ_P_ACHN_CREF000_20260214151200_12.2_54.2_73.0_135.0.png,[Errno 2] No such file or directory: 'D:\\BaiduNetdiskDownload\\气象大模型数据（中南）-20260224\\气象雷达拼图（UTC）\\Z_RADA_C_BABJ_P_ACHN_CREF000_20260214151200_12.2_54.2_73.0_135.0.png'
5208,Z_RADA_C_BABJ_P_ACHN_CREF000_20260214151800_12.2_54.2_73.0_135.0.png,[Errno 2] No such file or directory: 'D:\\BaiduNetdiskDownload\\气象大模型数据（中南）-20260224\\气象雷达拼图（UTC）\\Z_RADA_C_BABJ_P_ACHN_CREF000_20260214151800_12.2_54.2_73.0_135.0.png'
5209,Z_RADA_C_BABJ_P_ACHN_CREF000_20260214152400_12.2_54.2_73.0_135.0.png,[Errno 2] No such file or directory: 'D:\\BaiduNetdiskDownload\\气象大模型数据（中南）-20260224\\气象雷达拼图（UTC）\\Z_RADA_C_BABJ_P_ACHN_CREF000_20260214152400_12.2_54.2_73.0_135.0.png'
5210,Z_RADA_C_BABJ_P_ACHN_CREF000_20260214153000_12.2_54.2_73.0_135.0.png,[Errno 2] No such file or directory: 'D:\\BaiduNetdiskDownload\\气象大模型数据（中南）-20260224\\气象雷达拼图（UTC）\\Z_RADA_C_BABJ_P_ACHN_CREF000_20260214153000_12.2_54.2_73.0_135.0.png'
5211,Z_RADA_C_BABJ_P_ACHN_CREF000_20260214153600_12.2_54.2_73.0_135.0.png,[Errno 2] No such file or directory: 'D:\\BaiduNetdiskDownload\\气象大模型数据（中南）-20260224\\气象雷达拼图（UTC）\\Z_RADA_C_BABJ_P_ACHN_CREF000_20260214153600_12.2_54.2_73.0_135.0.png'
5212,Z_RADA_C_BABJ_P_ACHN_CREF000_20260214154200_12.2_54.2_73.0_135.0.png,[Errno 2] No such file or directory: 'D:\\BaiduNetdiskDownload\\气象大模型数据（中南）-20260224\\气象雷达拼图（UTC）\\Z_RADA_C_BABJ_P_ACHN_CREF000_20260214154200_12.2_54.2_73.0_135.0.png'
5213,Z_RADA_C_BABJ_P_ACHN_CREF000_20260214154800_12.2_54.2_73.0_135.0.png,[Errno 2] No such file or directory: 'D:\\BaiduNetdiskDownload\\气象大模型数据（中南）-20260224\\气象雷达拼图（UTC）\\Z_RADA_C_BABJ_P_ACHN_CREF000_20260214154800_12.2_54.2_73.0_135.0.png'
5214,Z_RADA_C_BABJ_P_ACHN_CREF000_20260214155400_12.2_54.2_73.0_135.0.png,[Errno 2] No such file or directory: 'D:\\BaiduNetdiskDownload\\气象大模型数据（中南）-20260224\\气象雷达拼图（UTC）\\Z_RADA_C_BABJ_P_ACHN_CREF000_20260214155400_12.2_54.2_73.0_135.0.png'
5215,Z_RADA_C_BABJ_P_ACHN_CREF000_20260214160000_12.2_54.2_73.0_135.0.png,[Errno 2] No such file or directory: 'D:\\BaiduNetdiskDownload\\气象大模型数据（中南）-20260224\\气象雷达拼图（UTC）\\Z_RADA_C_BABJ_P_ACHN_CREF000_20260214160000_12.2_54.2_73.0_135.0.png'
5216,Z_RADA_C_BABJ_P_ACHN_CREF000_20260214160600_12.2_54.2_73.0_135.0.png,[Errno 2] No such file or directory: 'D:\\BaiduNetdiskDownload\\气象大模型数据（中南）-20260224\\气象雷达拼图（UTC）\\Z_RADA_C_BABJ_P_ACHN_CREF000_20260214160600_12.2_54.2_73.0_135.0.png'
5217,Z_RADA_C_BABJ_P_ACHN_CREF000_20260214161200_12.2_54.2_73.0_135.0.png,[Errno 2] No such file or directory: 'D:\\BaiduNetdiskDownload\\气象大模型数据（中南）-20260224\\气象雷达拼图（UTC）\\Z_RADA_C_BABJ_P_ACHN_CREF000_20260214161200_12.2_54.2_73.0_135.0.png'
5218,Z_RADA_C_BABJ_P_ACHN_CREF000_20260214161800_12.2_54.2_73.0_135.0.png,[Errno 2] No such file or directory: 'D:\\BaiduNetdiskDownload\\气象大模型数据（中南）-20260224\\气象雷达拼图（UTC）\\Z_RADA_C_BABJ_P_ACHN_CREF000_20260214161800_12.2_54.2_73.0_135.0.png'
5219,Z_RADA_C_BABJ_P_ACHN_CREF000_20260214162400_12.2_54.2_73.0_135.0.png,[Errno 2] No such file or directory: 'D:\\BaiduNetdiskDownload\\气象大模型数据（中南）-20260224\\气象雷达拼图（UTC）\\Z_RADA_C_BABJ_P_ACHN_CREF000_20260214162400_12.2_54.2_73.0_135.0.png'
5220,Z_RADA_C_BABJ_P_ACHN_CREF000_20260214163000_12.2_54.2_73.0_135.0.png,[Errno 2] No such file or directory: 'D:\\BaiduNetdiskDownload\\气象大模型数据（中南）-20260224\\气象雷达拼图（UTC）\\Z_RADA_C_BABJ_P_ACHN_CREF000_20260214163000_12.2_54.2_73.0_135.0.png'
5221,Z_RADA_C_BABJ_P_ACHN_CREF000_20260214163600_12.2_54.2_73.0_135.0.png,[Errno 2] No such file or directory: 'D:\\BaiduNetdiskDownload\\气象大模型数据（中南）-20260224\\气象雷达拼图（UTC）\\Z_RADA_C_BABJ_P_ACHN_CREF000_20260214163600_12.2_54.2_73.0_135.0.png'
5222,Z_RADA_C_BABJ_P_ACHN_CREF000_20260214164200_12.2_54.2_73.0_135.0.png,[Errno 2] No such file or directory: 'D:\\BaiduNetdiskDownload\\气象大模型数据（中南）-20260224\\气象雷达拼图（UTC）\\Z_RADA_C_BABJ_P_ACHN_CREF000_20260214164200_12.2_54.2_73.0_135.0.png'
5223,Z_RADA_C_BABJ_P_ACHN_CREF000_20260214164800_12.2_54.2_73.0_135.0.png,[Errno 2] No such file or directory: 'D:\\BaiduNetdiskDownload\\气象大模型数据（中南）-20260224\\气象雷达拼图（UTC）\\Z_RADA_C_BABJ_P_ACHN_CREF000_20260214164800_12.2_54.2_73.0_135.0.png'
5224,Z_RADA_C_BABJ_P_ACHN_CREF000_20260214165400_12.2_54.2_73.0_135.0.png,[Errno 2] No such file or directory: 'D:\\BaiduNetdiskDownload\\气象大模型数据（中南）-20260224\\气象雷达拼图（UTC）\\Z_RADA_C_BABJ_P_ACHN_CREF000_20260214165400_12.2_54.2_73.0_135.0.png'
5225,Z_RADA_C_BABJ_P_ACHN_CREF000_20260214170000_12.2_54.2_73.0_135.0.png,[Errno 2] No such file or directory: 'D:\\BaiduNetdiskDownload\\气象大模型数据（中南）-20260224\\气象雷达拼图（UTC）\\Z_RADA_C_BABJ_P_ACHN_CREF000_20260214170000_12.2_54.2_73.0_135.0.png'
5226,Z_RADA_C_BABJ_P_ACHN_CREF000_20260214170600_12.2_54.2_73.0_135.0.png,[Errno 2] No such file or directory: 'D:\\BaiduNetdiskDownload\\气象大模型数据（中南）-20260224\\气象雷达拼图（UTC）\\Z_RADA_C_BABJ_P_ACHN_CREF000_20260214170600_12.2_54.2_73.0_135.0.png'
5227,Z_RADA_C_BABJ_P_ACHN_CREF000_20260214171200_12.2_54.2_73.0_135.0.png,[Errno 2] No such file or directory: 'D:\\BaiduNetdiskDownload\\气象大模型数据（中南）-20260224\\气象雷达拼图（UTC）\\Z_RADA_C_BABJ_P_ACHN_CREF000_20260214171200_12.2_54.2_73.0_135.0.png'
5228,Z_RADA_C_BABJ_P_ACHN_CREF000_20260214171800_12.2_54.2_73.0_135.0.png,[Errno 2] No such file or directory: 'D:\\BaiduNetdiskDownload\\气象大模型数据（中南）-20260224\\气象雷达拼图（UTC）\\Z_RADA_C_BABJ_P_ACHN_CREF000_20260214171800_12.2_54.2_73.0_135.0.png'
5229,Z_RADA_C_BABJ_P_ACHN_CREF000_20260214172400_12.2_54.2_73.0_135.0.png,[Errno 2] No such file or directory: 'D:\\BaiduNetdiskDownload\\气象大模型数据（中南）-20260224\\气象雷达拼图（UTC）\\Z_RADA_C_BABJ_P_ACHN_CREF000_20260214172400_12.2_54.2_73.0_135.0.png'
5230,Z_RADA_C_BABJ_P_ACHN_CREF000_20260214173000_12.2_54.2_73.0_135.0.png,[Errno 2] No such file or directory: 'D:\\BaiduNetdiskDownload\\气象大模型数据（中南）-20260224\\气象雷达拼图（UTC）\\Z_RADA_C_BABJ_P_ACHN_CREF000_20260214173000_12.2_54.2_73.0_135.0.png'
5231,Z_RADA_C_BABJ_P_ACHN_CREF000_20260214173600_12.2_54.2_73.0_135.0.png,[Errno 2] No such file or directory: 'D:\\BaiduNetdiskDownload\\气象大模型数据（中南）-20260224\\气象雷达拼图（UTC）\\Z_RADA_C_BABJ_P_ACHN_CREF000_20260214173600_12.2_54.2_73.0_135.0.png'
5232,Z_RADA_C_BABJ_P_ACHN_CREF000_20260214174200_12.2_54.2_73.0_135.0.png,[Errno 2] No such file or directory: 'D:\\BaiduNetdiskDownload\\气象大模型数据（中南）-20260224\\气象雷达拼图（UTC）\\Z_RADA_C_BABJ_P_ACHN_CREF000_20260214174200_12.2_54.2_73.0_135.0.png'
5233,Z_RADA_C_BABJ_P_ACHN_CREF000_20260214174800_12.2_54.2_73.0_135.0.png,[Errno 2] No such file or directory: 'D:\\BaiduNetdiskDownload\\气象大模型数据（中南）-20260224\\气象雷达拼图（UTC）\\Z_RADA_C_BABJ_P_ACHN_CREF000_20260214174800_12.2_54.2_73.0_135.0.png'
5234,Z_RADA_C_BABJ_P_ACHN_CREF000_20260214175400_12.2_54.2_73.0_135.0.png,[Errno 2] No such file or directory: 'D:\\BaiduNetdiskDownload\\气象大模型数据（中南）-20260224\\气象雷达拼图（UTC）\\Z_RADA_C_BABJ_P_ACHN_CREF000_20260214175400_12.2_54.2_73.0_135.0.png'
5235,Z_RADA_C_BABJ_P_ACHN_CREF000_20260214180000_12.2_54.2_73.0_135.0.png,[Errno 2] No such file or directory: 'D:\\BaiduNetdiskDownload\\气象大模型数据（中南）-20260224\\气象雷达拼图（UTC）\\Z_RADA_C_BABJ_P_ACHN_CREF000_20260214180000_12.2_54.2_73.0_135.0.png'
5236,Z_RADA_C_BABJ_P_ACHN_CREF000_20260214180600_12.2_54.2_73.0_135.0.png,[Errno 2] No such file or directory: 'D:\\BaiduNetdiskDownload\\气象大模型数据（中南）-20260224\\气象雷达拼图（UTC）\\Z_RADA_C_BABJ_P_ACHN_CREF000_20260214180600_12.2_54.2_73.0_135.0.png'
5237,Z_RADA_C_BABJ_P_ACHN_CREF000_20260214181200_12.2_54.2_73.0_135.0.png,[Errno 2] No such file or directory: 'D:\\BaiduNetdiskDownload\\气象大模型数据（中南）-20260224\\气象雷达拼图（UTC）\\Z_RADA_C_BABJ_P_ACHN_CREF000_20260214181200_12.2_54.2_73.0_135.0.png'
5238,Z_RADA_C_BABJ_P_ACHN_CREF000_20260214181800_12.2_54.2_73.0_135.0.png,[Errno 2] No such file or directory: 'D:\\BaiduNetdiskDownload\\气象大模型数据（中南）-20260224\\气象雷达拼图（UTC）\\Z_RADA_C_BABJ_P_ACHN_CREF000_20260214181800_12.2_54.2_73.0_135.0.png'
5239,Z_RADA_C_BABJ_P_ACHN_CREF000_20260214182400_12.2_54.2_73.0_135.0.png,[Errno 2] No such file or directory: 'D:\\BaiduNetdiskDownload\\气象大模型数据（中南）-20260224\\气象雷达拼图（UTC）\\Z_RADA_C_BABJ_P_ACHN_CREF000_20260214182400_12.2_54.2_73.0_135.0.png'
5240,Z_RADA_C_BABJ_P_ACHN_CREF000_20260214183000_12.2_54.2_73.0_135.0.png,[Errno 2] No such file or directory: 'D:\\BaiduNetdiskDownload\\气象大模型数据（中南）-20260224\\气象雷达拼图（UTC）\\Z_RADA_C_BABJ_P_ACHN_CREF000_20260214183000_12.2_54.2_73.0_135.0.png'
5241,Z_RADA_C_BABJ_P_ACHN_CREF000_20260214183600_12.2_54.2_73.0_135.0.png,[Errno 2] No such file or directory: 'D:\\BaiduNetdiskDownload\\气象大模型数据（中南）-20260224\\气象雷达拼图（UTC）\\Z_RADA_C_BABJ_P_ACHN_CREF000_20260214183600_12.2_54.2_73.0_135.0.png'
5242,Z_RADA_C_BABJ_P_ACHN_CREF000_20260214184200_12.2_54.2_73.0_135.0.png,[Errno 2] No such file or directory: 'D:\\BaiduNetdiskDownload\\气象大模型数据（中南）-20260224\\气象雷达拼图（UTC）\\Z_RADA_C_BABJ_P_ACHN_CREF000_20260214184200_12.2_54.2_73.0_135.0.png'
5243,Z_RADA_C_BABJ_P_ACHN_CREF000_20260214184800_12.2_54.2_73.0_135.0.png,[Errno 2] No such file or directory: 'D:\\BaiduNetdiskDownload\\气象大模型数据（中南）-20260224\\气象雷达拼图（UTC）\\Z_RADA_C_BABJ_P_ACHN_CREF000_20260214184800_12.2_54.2_73.0_135.0.png'
5244,Z_RADA_C_BABJ_P_ACHN_CREF000_20260214185400_12.2_54.2_73.0_135.0.png,[Errno 2] No such file or directory: 'D:\\BaiduNetdiskDownload\\气象大模型数据（中南）-20260224\\气象雷达拼图（UTC）\\Z_RADA_C_BABJ_P_ACHN_CREF000_20260214185400_12.2_54.2_73.0_135.0.png'
5245,Z_RADA_C_BABJ_P_ACHN_CREF000_20260214190000_12.2_54.2_73.0_135.0.png,[Errno 2] No such file or directory: 'D:\\BaiduNetdiskDownload\\气象大模型数据（中南）-20260224\\气象雷达拼图（UTC）\\Z_RADA_C_BABJ_P_ACHN_CREF000_20260214190000_12.2_54.2_73.0_135.0.png'
5246,Z_RADA_C_BABJ_P_ACHN_CREF000_20260214190600_12.2_54.2_73.0_135.0.png,[Errno 2] No such file or directory: 'D:\\BaiduNetdiskDownload\\气象大模型数据（中南）-20260224\\气象雷达拼图（UTC）\\Z_RADA_C_BABJ_P_ACHN_CREF000_20260214190600_12.2_54.2_73.0_135.0.png'
5247,Z_RADA_C_BABJ_P_ACHN_CREF000_20260214191200_12.2_54.2_73.0_135.0.png,[Errno 2] No such file or directory: 'D:\\BaiduNetdiskDownload\\气象大模型数据（中南）-20260224\\气象雷达拼图（UTC）\\Z_RADA_C_BABJ_P_ACHN_CREF000_20260214191200_12.2_54.2_73.0_135.0.png'
5248,Z_RADA_C_BABJ_P_ACHN_CREF000_20260214191800_12.2_54.2_73.0_135.0.png,[Errno 2] No such file or directory: 'D:\\BaiduNetdiskDownload\\气象大模型数据（中南）-20260224\\气象雷达拼图（UTC）\\Z_RADA_C_BABJ_P_ACHN_CREF000_20260214191800_12.2_54.2_73.0_135.0.png'
5249,Z_RADA_C_BABJ_P_ACHN_CREF000_20260214192400_12.2_54.2_73.0_135.0.png,[Errno 2] No such file or directory: 'D:\\BaiduNetdiskDownload\\气象大模型数据（中南）-20260224\\气象雷达拼图（UTC）\\Z_RADA_C_BABJ_P_ACHN_CREF000_20260214192400_12.2_54.2_73.0_135.0.png'
5250,Z_RADA_C_BABJ_P_ACHN_CREF000_20260214193000_12.2_54.2_73.0_135.0.png,[Errno 2] No such file or directory: 'D:\\BaiduNetdiskDownload\\气象大模型数据（中南）-20260224\\气象雷达拼图（UTC）\\Z_RADA_C_BABJ_P_ACHN_CREF000_20260214193000_12.2_54.2_73.0_135.0.png'
5251,Z_RADA_C_BABJ_P_ACHN_CREF000_20260214193600_12.2_54.2_73.0_135.0.png,[Errno 2] No such file or directory: 'D:\\BaiduNetdiskDownload\\气象大模型数据（中南）-20260224\\气象雷达拼图（UTC）\\Z_RADA_C_BABJ_P_ACHN_CREF000_20260214193600_12.2_54.2_73.0_135.0.png'
5252,Z_RADA_C_BABJ_P_ACHN_CREF000_20260214194200_12.2_54.2_73.0_135.0.png,[Errno 2] No such file or directory: 'D:\\BaiduNetdiskDownload\\气象大模型数据（中南）-20260224\\气象雷达拼图（UTC）\\Z_RADA_C_BABJ_P_ACHN_CREF000_20260214194200_12.2_54.2_73.0_135.0.png'
5253,Z_RADA_C_BABJ_P_ACHN_CREF000_20260214194800_12.2_54.2_73.0_135.0.png,[Errno 2] No such file or directory: 'D:\\BaiduNetdiskDownload\\气象大模型数据（中南）-20260224\\气象雷达拼图（UTC）\\Z_RADA_C_BABJ_P_ACHN_CREF000_20260214194800_12.2_54.2_73.0_135.0.png'
5254,Z_RADA_C_BABJ_P_ACHN_CREF000_20260214195400_12.2_54.2_73.0_135.0.png,[Errno 2] No such file or directory: 'D:\\BaiduNetdiskDownload\\气象大模型数据（中南）-20260224\\气象雷达拼图（UTC）\\Z_RADA_C_BABJ_P_ACHN_CREF000_20260214195400_12.2_54.2_73.0_135.0.png'
5255,Z_RADA_C_BABJ_P_ACHN_CREF000_20260214200000_12.2_54.2_73.0_135.0.png,[Errno 2] No such file or directory: 'D:\\BaiduNetdiskDownload\\气象大模型数据（中南）-20260224\\气象雷达拼图（UTC）\\Z_RADA_C_BABJ_P_ACHN_CREF000_20260214200000_12.2_54.2_73.0_135.0.png'
5256,Z_RADA_C_BABJ_P_ACHN_CREF000_20260214200600_12.2_54.2_73.0_135.0.png,[Errno 2] No such file or directory: 'D:\\BaiduNetdiskDownload\\气象大模型数据（中南）-20260224\\气象雷达拼图（UTC）\\Z_RADA_C_BABJ_P_ACHN_CREF000_20260214200600_12.2_54.2_73.0_135.0.png'
5257,Z_RADA_C_BABJ_P_ACHN_CREF000_20260214201200_12.2_54.2_73.0_135.0.png,[Errno 2] No such file or directory: 'D:\\BaiduNetdiskDownload\\气象大模型数据（中南）-20260224\\气象雷达拼图（UTC）\\Z_RADA_C_BABJ_P_ACHN_CREF000_20260214201200_12.2_54.2_73.0_135.0.png'
5258,Z_RADA_C_BABJ_P_ACHN_CREF000_20260214201800_12.2_54.2_73.0_135.0.png,[Errno 2] No such file or directory: 'D:\\BaiduNetdiskDownload\\气象大模型数据（中南）-20260224\\气象雷达拼图（UTC）\\Z_RADA_C_BABJ_P_ACHN_CREF000_20260214201800_12.2_54.2_73.0_135.0.png'
5259,Z_RADA_C_BABJ_P_ACHN_CREF000_20260214202400_12.2_54.2_73.0_135.0.png,[Errno 2] No such file or directory: 'D:\\BaiduNetdiskDownload\\气象大模型数据（中南）-20260224\\气象雷达拼图（UTC）\\Z_RADA_C_BABJ_P_ACHN_CREF000_20260214202400_12.2_54.2_73.0_135.0.png'
5260,Z_RADA_C_BABJ_P_ACHN_CREF000_20260214203000_12.2_54.2_73.0_135.0.png,[Errno 2] No such file or directory: 'D:\\BaiduNetdiskDownload\\气象大模型数据（中南）-20260224\\气象雷达拼图（UTC）\\Z_RADA_C_BABJ_P_ACHN_CREF000_20260214203000_12.2_54.2_73.0_135.0.png'
5261,Z_RADA_C_BABJ_P_ACHN_CREF000_20260214203600_12.2_54.2_73.0_135.0.png,[Errno 2] No such file or directory: 'D:\\BaiduNetdiskDownload\\气象大模型数据（中南）-20260224\\气象雷达拼图（UTC）\\Z_RADA_C_BABJ_P_ACHN_CREF000_20260214203600_12.2_54.2_73.0_135.0.png'
5262,Z_RADA_C_BABJ_P_ACHN_CREF000_20260214204200_12.2_54.2_73.0_135.0.png,[Errno 2] No such file or directory: 'D:\\BaiduNetdiskDownload\\气象大模型数据（中南）-20260224\\气象雷达拼图（UTC）\\Z_RADA_C_BABJ_P_ACHN_CREF000_20260214204200_12.2_54.2_73.0_135.0.png'
5263,Z_RADA_C_BABJ_P_ACHN_CREF000_20260214204800_12.2_54.2_73.0_135.0.png,[Errno 2] No such file or directory: 'D:\\BaiduNetdiskDownload\\气象大模型数据（中南）-20260224\\气象雷达拼图（UTC）\\Z_RADA_C_BABJ_P_ACHN_CREF000_20260214204800_12.2_54.2_73.0_135.0.png'
5264,Z_RADA_C_BABJ_P_ACHN_CREF000_20260214205400_12.2_54.2_73.0_135.0.png,[Errno 2] No such file or directory: 'D:\\BaiduNetdiskDownload\\气象大模型数据（中南）-20260224\\气象雷达拼图（UTC）\\Z_RADA_C_BABJ_P_ACHN_CREF000_20260214205400_12.2_54.2_73.0_135.0.png'
5265,Z_RADA_C_BABJ_P_ACHN_CREF000_20260214210000_12.2_54.2_73.0_135.0.png,[Errno 2] No such file or directory: 'D:\\BaiduNetdiskDownload\\气象大模型数据（中南）-20260224\\气象雷达拼图（UTC）\\Z_RADA_C_BABJ_P_ACHN_CREF000_20260214210000_12.2_54.2_73.0_135.0.png'
5266,Z_RADA_C_BABJ_P_ACHN_CREF000_20260214210600_12.2_54.2_73.0_135.0.png,[Errno 2] No such file or directory: 'D:\\BaiduNetdiskDownload\\气象大模型数据（中南）-20260224\\气象雷达拼图（UTC）\\Z_RADA_C_BABJ_P_ACHN_CREF000_20260214210600_12.2_54.2_73.0_135.0.png'
5267,Z_RADA_C_BABJ_P_ACHN_CREF000_20260214211200_12.2_54.2_73.0_135.0.png,[Errno 2] No such file or directory: 'D:\\BaiduNetdiskDownload\\气象大模型数据（中南）-20260224\\气象雷达拼图（UTC）\\Z_RADA_C_BABJ_P_ACHN_CREF000_20260214211200_12.2_54.2_73.0_135.0.png'
5268,Z_RADA_C_BABJ_P_ACHN_CREF000_20260214211800_12.2_54.2_73.0_135.0.png,[Errno 2] No such file or directory: 'D:\\BaiduNetdiskDownload\\气象大模型数据（中南）-20260224\\气象雷达拼图（UTC）\\Z_RADA_C_BABJ_P_ACHN_CREF000_20260214211800_12.2_54.2_73.0_135.0.png'
5269,Z_RADA_C_BABJ_P_ACHN_CREF000_20260214212400_12.2_54.2_73.0_135.0.png,[Errno 2] No such file or directory: 'D:\\BaiduNetdiskDownload\\气象大模型数据（中南）-20260224\\气象雷达拼图（UTC）\\Z_RADA_C_BABJ_P_ACHN_CREF000_20260214212400_12.2_54.2_73.0_135.0.png'
5270,Z_RADA_C_BABJ_P_ACHN_CREF000_20260214213000_12.2_54.2_73.0_135.0.png,[Errno 2] No such file or directory: 'D:\\BaiduNetdiskDownload\\气象大模型数据（中南）-20260224\\气象雷达拼图（UTC）\\Z_RADA_C_BABJ_P_ACHN_CREF000_20260214213000_12.2_54.2_73.0_135.0.png'
5271,Z_RADA_C_BABJ_P_ACHN_CREF000_20260214213600_12.2_54.2_73.0_135.0.png,[Errno 2] No such file or directory: 'D:\\BaiduNetdiskDownload\\气象大模型数据（中南）-20260224\\气象雷达拼图（UTC）\\Z_RADA_C_BABJ_P_ACHN_CREF000_20260214213600_12.2_54.2_73.0_135.0.png'
5272,Z_RADA_C_BABJ_P_ACHN_CREF000_20260214214200_12.2_54.2_73.0_135.0.png,[Errno 2] No such file or directory: 'D:\\BaiduNetdiskDownload\\气象大模型数据（中南）-20260224\\气象雷达拼图（UTC）\\Z_RADA_C_BABJ_P_ACHN_CREF000_20260214214200_12.2_54.2_73.0_135.0.png'
5273,Z_RADA_C_BABJ_P_ACHN_CREF000_20260214214800_12.2_54.2_73.0_135.0.png,[Errno 2] No such file or directory: 'D:\\BaiduNetdiskDownload\\气象大模型数据（中南）-20260224\\气象雷达拼图（UTC）\\Z_RADA_C_BABJ_P_ACHN_CREF000_20260214214800_12.2_54.2_73.0_135.0.png'
5274,Z_RADA_C_BABJ_P_ACHN_CREF000_20260214215400_12.2_54.2_73.0_135.0.png,[Errno 2] No such file or directory: 'D:\\BaiduNetdiskDownload\\气象大模型数据（中南）-20260224\\气象雷达拼图（UTC）\\Z_RADA_C_BABJ_P_ACHN_CREF000_20260214215400_12.2_54.2_73.0_135.0.png'
5275,Z_RADA_C_BABJ_P_ACHN_CREF000_20260214220000_12.2_54.2_73.0_135.0.png,[Errno 2] No such file or directory: 'D:\\BaiduNetdiskDownload\\气象大模型数据（中南）-20260224\\气象雷达拼图（UTC）\\Z_RADA_C_BABJ_P_ACHN_CREF000_20260214220000_12.2_54.2_73.0_135.0.png'
5276,Z_RADA_C_BABJ_P_ACHN_CREF000_20260214220600_12.2_54.2_73.0_135.0.png,[Errno 2] No such file or directory: 'D:\\BaiduNetdiskDownload\\气象大模型数据（中南）-20260224\\气象雷达拼图（UTC）\\Z_RADA_C_BABJ_P_ACHN_CREF000_20260214220600_12.2_54.2_73.0_135.0.png'
5277,Z_RADA_C_BABJ_P_ACHN_CREF000_20260214221200_12.2_54.2_73.0_135.0.png,[Errno 2] No such file or directory: 'D:\\BaiduNetdiskDownload\\气象大模型数据（中南）-20260224\\气象雷达拼图（UTC）\\Z_RADA_C_BABJ_P_ACHN_CREF000_20260214221200_12.2_54.2_73.0_135.0.png'
5278,Z_RADA_C_BABJ_P_ACHN_CREF000_20260214221800_12.2_54.2_73.0_135.0.png,[Errno 2] No such file or directory: 'D:\\BaiduNetdiskDownload\\气象大模型数据（中南）-20260224\\气象雷达拼图（UTC）\\Z_RADA_C_BABJ_P_ACHN_CREF000_20260214221800_12.2_54.2_73.0_135.0.png'
5279,Z_RADA_C_BABJ_P_ACHN_CREF000_20260214222400_12.2_54.2_73.0_135.0.png,[Errno 2] No such file or directory: 'D:\\BaiduNetdiskDownload\\气象大模型数据（中南）-20260224\\气象雷达拼图（UTC）\\Z_RADA_C_BABJ_P_ACHN_CREF000_20260214222400_12.2_54.2_73.0_135.0.png'
5280,Z_RADA_C_BABJ_P_ACHN_CREF000_20260214223000_12.2_54.2_73.0_135.0.png,[Errno 2] No such file or directory: 'D:\\BaiduNetdiskDownload\\气象大模型数据（中南）-20260224\\气象雷达拼图（UTC）\\Z_RADA_C_BABJ_P_ACHN_CREF000_20260214223000_12.2_54.2_73.0_135.0.png'
5281,Z_RADA_C_BABJ_P_ACHN_CREF000_20260214223600_12.2_54.2_73.0_135.0.png,[Errno 2] No such file or directory: 'D:\\BaiduNetdiskDownload\\气象大模型数据（中南）-20260224\\气象雷达拼图（UTC）\\Z_RADA_C_BABJ_P_ACHN_CREF000_20260214223600_12.2_54.2_73.0_135.0.png'
5282,Z_RADA_C_BABJ_P_ACHN_CREF000_20260214224200_12.2_54.2_73.0_135.0.png,[Errno 2] No such file or directory: 'D:\\BaiduNetdiskDownload\\气象大模型数据（中南）-20260224\\气象雷达拼图（UTC）\\Z_RADA_C_BABJ_P_ACHN_CREF000_20260214224200_12.2_54.2_73.0_135.0.png'
5283,Z_RADA_C_BABJ_P_ACHN_CREF000_20260214224800_12.2_54.2_73.0_135.0.png,[Errno 2] No such file or directory: 'D:\\BaiduNetdiskDownload\\气象大模型数据（中南）-20260224\\气象雷达拼图（UTC）\\Z_RADA_C_BABJ_P_ACHN_CREF000_20260214224800_12.2_54.2_73.0_135.0.png'
5284,Z_RADA_C_BABJ_P_ACHN_CREF000_20260214225400_12.2_54.2_73.0_135.0.png,[Errno 2] No such file or directory: 'D:\\BaiduNetdiskDownload\\气象大模型数据（中南）-20260224\\气象雷达拼图（UTC）\\Z_RADA_C_BABJ_P_ACHN_CREF000_20260214225400_12.2_54.2_73.0_135.0.png'
5285,Z_RADA_C_BABJ_P_ACHN_CREF000_20260214230000_12.2_54.2_73.0_135.0.png,[Errno 2] No such file or directory: 'D:\\BaiduNetdiskDownload\\气象大模型数据（中南）-20260224\\气象雷达拼图（UTC）\\Z_RADA_C_BABJ_P_ACHN_CREF000_20260214230000_12.2_54.2_73.0_135.0.png'
5286,Z_RADA_C_BABJ_P_ACHN_CREF000_20260214230600_12.2_54.2_73.0_135.0.png,[Errno 2] No such file or directory: 'D:\\BaiduNetdiskDownload\\气象大模型数据（中南）-20260224\\气象雷达拼图（UTC）\\Z_RADA_C_BABJ_P_ACHN_CREF000_20260214230600_12.2_54.2_73.0_135.0.png'
5287,Z_RADA_C_BABJ_P_ACHN_CREF000_20260214231200_12.2_54.2_73.0_135.0.png,[Errno 2] No such file or directory: 'D:\\BaiduNetdiskDownload\\气象大模型数据（中南）-20260224\\气象雷达拼图（UTC）\\Z_RADA_C_BABJ_P_ACHN_CREF000_20260214231200_12.2_54.2_73.0_135.0.png'
5288,Z_RADA_C_BABJ_P_ACHN_CREF000_20260214231800_12.2_54.2_73.0_135.0.png,[Errno 2] No such file or directory: 'D:\\BaiduNetdiskDownload\\气象大模型数据（中南）-20260224\\气象雷达拼图（UTC）\\Z_RADA_C_BABJ_P_ACHN_CREF000_20260214231800_12.2_54.2_73.0_135.0.png'
5289,Z_RADA_C_BABJ_P_ACHN_CREF000_20260214232400_12.2_54.2_73.0_135.0.png,[Errno 2] No such file or directory: 'D:\\BaiduNetdiskDownload\\气象大模型数据（中南）-20260224\\气象雷达拼图（UTC）\\Z_RADA_C_BABJ_P_ACHN_CREF000_20260214232400_12.2_54.2_73.0_135.0.png'
5290,Z_RADA_C_BABJ_P_ACHN_CREF000_20260214233000_12.2_54.2_73.0_135.0.png,[Errno 2] No such file or directory: 'D:\\BaiduNetdiskDownload\\气象大模型数据（中南）-20260224\\气象雷达拼图（UTC）\\Z_RADA_C_BABJ_P_ACHN_CREF000_20260214233000_12.2_54.2_73.0_135.0.png'
5291,Z_RADA_C_BABJ_P_ACHN_CREF000_20260214233600_12.2_54.2_73.0_135.0.png,[Errno 2] No such file or directory: 'D:\\BaiduNetdiskDownload\\气象大模型数据（中南）-20260224\\气象雷达拼图（UTC）\\Z_RADA_C_BABJ_P_ACHN_CREF000_20260214233600_12.2_54.2_73.0_135.0.png'
5292,Z_RADA_C_BABJ_P_ACHN_CREF000_20260214234200_12.2_54.2_73.0_135.0.png,[Errno 2] No such file or directory: 'D:\\BaiduNetdiskDownload\\气象大模型数据（中南）-20260224\\气象雷达拼图（UTC）\\Z_RADA_C_BABJ_P_ACHN_CREF000_20260214234200_12.2_54.2_73.0_135.0.png'
5293,Z_RADA_C_BABJ_P_ACHN_CREF000_20260214234800_12.2_54.2_73.0_135.0.png,[Errno 2] No such file or directory: 'D:\\BaiduNetdiskDownload\\气象大模型数据（中南）-20260224\\气象雷达拼图（UTC）\\Z_RADA_C_BABJ_P_ACHN_CREF000_20260214234800_12.2_54.2_73.0_135.0.png'
5294,Z_RADA_C_BABJ_P_ACHN_CREF000_20260214235400_12.2_54.2_73.0_135.0.png,[Errno 2] No such file or directory: 'D:\\BaiduNetdiskDownload\\气象大模型数据（中南）-20260224\\气象雷达拼图（UTC）\\Z_RADA_C_BABJ_P_ACHN_CREF000_20260214235400_12.2_54.2_73.0_135.0.png'
5295,Z_RADA_C_BABJ_P_ACHN_CREF000_20260215000000_12.2_54.2_73.0_135.0.png,[Errno 2] No such file or directory: 'D:\\BaiduNetdiskDownload\\气象大模型数据（中南）-20260224\\气象雷达拼图（UTC）\\Z_RADA_C_BABJ_P_ACHN_CREF000_20260215000000_12.2_54.2_73.0_135.0.png'
5296,Z_RADA_C_BABJ_P_ACHN_CREF000_20260215000600_12.2_54.2_73.0_135.0.png,[Errno 2] No such file or directory: 'D:\\BaiduNetdiskDownload\\气象大模型数据（中南）-20260224\\气象雷达拼图（UTC）\\Z_RADA_C_BABJ_P_ACHN_CREF000_20260215000600_12.2_54.2_73.0_135.0.png'
5297,Z_RADA_C_BABJ_P_ACHN_CREF000_20260215001200_12.2_54.2_73.0_135.0.png,[Errno 2] No such file or directory: 'D:\\BaiduNetdiskDownload\\气象大模型数据（中南）-20260224\\气象雷达拼图（UTC）\\Z_RADA_C_BABJ_P_ACHN_CREF000_20260215001200_12.2_54.2_73.0_135.0.png'
5298,Z_RADA_C_BABJ_P_ACHN_CREF000_20260215001800_12.2_54.2_73.0_135.0.png,[Errno 2] No such file or directory: 'D:\\BaiduNetdiskDownload\\气象大模型数据（中南）-20260224\\气象雷达拼图（UTC）\\Z_RADA_C_BABJ_P_ACHN_CREF000_20260215001800_12.2_54.2_73.0_135.0.png'
5299,Z_RADA_C_BABJ_P_ACHN_CREF000_20260215002400_12.2_54.2_73.0_135.0.png,[Errno 2] No such file or directory: 'D:\\BaiduNetdiskDownload\\气象大模型数据（中南）-20260224\\气象雷达拼图（UTC）\\Z_RADA_C_BABJ_P_ACHN_CREF000_20260215002400_12.2_54.2_73.0_135.0.png'
5300,Z_RADA_C_BABJ_P_ACHN_CREF000_20260215003000_12.2_54.2_73.0_135.0.png,[Errno 2] No such file or directory: 'D:\\BaiduNetdiskDownload\\气象大模型数据（中南）-20260224\\气象雷达拼图（UTC）\\Z_RADA_C_BABJ_P_ACHN_CREF000_20260215003000_12.2_54.2_73.0_135.0.png'
5301,Z_RADA_C_BABJ_P_ACHN_CREF000_20260215003600_12.2_54.2_73.0_135.0.png,[Errno 2] No such file or directory: 'D:\\BaiduNetdiskDownload\\气象大模型数据（中南）-20260224\\气象雷达拼图（UTC）\\Z_RADA_C_BABJ_P_ACHN_CREF000_20260215003600_12.2_54.2_73.0_135.0.png'
5302,Z_RADA_C_BABJ_P_ACHN_CREF000_20260215004200_12.2_54.2_73.0_135.0.png,[Errno 2] No such file or directory: 'D:\\BaiduNetdiskDownload\\气象大模型数据（中南）-20260224\\气象雷达拼图（UTC）\\Z_RADA_C_BABJ_P_ACHN_CREF000_20260215004200_12.2_54.2_73.0_135.0.png'
5303,Z_RADA_C_BABJ_P_ACHN_CREF000_20260215004800_12.2_54.2_73.0_135.0.png,[Errno 2] No such file or directory: 'D:\\BaiduNetdiskDownload\\气象大模型数据（中南）-20260224\\气象雷达拼图（UTC）\\Z_RADA_C_BABJ_P_ACHN_CREF000_20260215004800_12.2_54.2_73.0_135.0.png'
5304,Z_RADA_C_BABJ_P_ACHN_CREF000_20260215005400_12.2_54.2_73.0_135.0.png,[Errno 2] No such file or directory: 'D:\\BaiduNetdiskDownload\\气象大模型数据（中南）-20260224\\气象雷达拼图（UTC）\\Z_RADA_C_BABJ_P_ACHN_CREF000_20260215005400_12.2_54.2_73.0_135.0.png'
5305,Z_RADA_C_BABJ_P_ACHN_CREF000_20260215010000_12.2_54.2_73.0_135.0.png,[Errno 2] No such file or directory: 'D:\\BaiduNetdiskDownload\\气象大模型数据（中南）-20260224\\气象雷达拼图（UTC）\\Z_RADA_C_BABJ_P_ACHN_CREF000_20260215010000_12.2_54.2_73.0_135.0.png'
5306,Z_RADA_C_BABJ_P_ACHN_CREF000_20260215010600_12.2_54.2_73.0_135.0.png,[Errno 2] No such file or directory: 'D:\\BaiduNetdiskDownload\\气象大模型数据（中南）-20260224\\气象雷达拼图（UTC）\\Z_RADA_C_BABJ_P_ACHN_CREF000_20260215010600_12.2_54.2_73.0_135.0.png'
5307,Z_RADA_C_BABJ_P_ACHN_CREF000_20260215011200_12.2_54.2_73.0_135.0.png,[Errno 2] No such file or directory: 'D:\\BaiduNetdiskDownload\\气象大模型数据（中南）-20260224\\气象雷达拼图（UTC）\\Z_RADA_C_BABJ_P_ACHN_CREF000_20260215011200_12.2_54.2_73.0_135.0.png'
5308,Z_RADA_C_BABJ_P_ACHN_CREF000_20260215011800_12.2_54.2_73.0_135.0.png,[Errno 2] No such file or directory: 'D:\\BaiduNetdiskDownload\\气象大模型数据（中南）-20260224\\气象雷达拼图（UTC）\\Z_RADA_C_BABJ_P_ACHN_CREF000_20260215011800_12.2_54.2_73.0_135.0.png'
5309,Z_RADA_C_BABJ_P_ACHN_CREF000_20260215012400_12.2_54.2_73.0_135.0.png,[Errno 2] No such file or directory: 'D:\\BaiduNetdiskDownload\\气象大模型数据（中南）-20260224\\气象雷达拼图（UTC）\\Z_RADA_C_BABJ_P_ACHN_CREF000_20260215012400_12.2_54.2_73.0_135.0.png'
5310,Z_RADA_C_BABJ_P_ACHN_CREF000_20260215013000_12.2_54.2_73.0_135.0.png,[Errno 2] No such file or directory: 'D:\\BaiduNetdiskDownload\\气象大模型数据（中南）-20260224\\气象雷达拼图（UTC）\\Z_RADA_C_BABJ_P_ACHN_CREF000_20260215013000_12.2_54.2_73.0_135.0.png'
5311,Z_RADA_C_BABJ_P_ACHN_CREF000_20260215013600_12.2_54.2_73.0_135.0.png,[Errno 2] No such file or directory: 'D:\\BaiduNetdiskDownload\\气象大模型数据（中南）-20260224\\气象雷达拼图（UTC）\\Z_RADA_C_BABJ_P_ACHN_CREF000_20260215013600_12.2_54.2_73.0_135.0.png'
5312,Z_RADA_C_BABJ_P_ACHN_CREF000_20260215014200_12.2_54.2_73.0_135.0.png,[Errno 2] No such file or directory: 'D:\\BaiduNetdiskDownload\\气象大模型数据（中南）-20260224\\气象雷达拼图（UTC）\\Z_RADA_C_BABJ_P_ACHN_CREF000_20260215014200_12.2_54.2_73.0_135.0.png'
5313,Z_RADA_C_BABJ_P_ACHN_CREF000_20260215014800_12.2_54.2_73.0_135.0.png,[Errno 2] No such file or directory: 'D:\\BaiduNetdiskDownload\\气象大模型数据（中南）-20260224\\气象雷达拼图（UTC）\\Z_RADA_C_BABJ_P_ACHN_CREF000_20260215014800_12.2_54.2_73.0_135.0.png'
5314,Z_RADA_C_BABJ_P_ACHN_CREF000_20260215015400_12.2_54.2_73.0_135.0.png,[Errno 2] No such file or directory: 'D:\\BaiduNetdiskDownload\\气象大模型数据（中南）-20260224\\气象雷达拼图（UTC）\\Z_RADA_C_BABJ_P_ACHN_CREF000_20260215015400_12.2_54.2_73.0_135.0.png'
5315,Z_RADA_C_BABJ_P_ACHN_CREF000_20260215020000_12.2_54.2_73.0_135.0.png,[Errno 2] No such file or directory: 'D:\\BaiduNetdiskDownload\\气象大模型数据（中南）-20260224\\气象雷达拼图（UTC）\\Z_RADA_C_BABJ_P_ACHN_CREF000_20260215020000_12.2_54.2_73.0_135.0.png'
5316,Z_RADA_C_BABJ_P_ACHN_CREF000_20260215020600_12.2_54.2_73.0_135.0.png,[Errno 2] No such file or directory: 'D:\\BaiduNetdiskDownload\\气象大模型数据（中南）-20260224\\气象雷达拼图（UTC）\\Z_RADA_C_BABJ_P_ACHN_CREF000_20260215020600_12.2_54.2_73.0_135.0.png'
5317,Z_RADA_C_BABJ_P_ACHN_CREF000_20260215021200_12.2_54.2_73.0_135.0.png,[Errno 2] No such file or directory: 'D:\\BaiduNetdiskDownload\\气象大模型数据（中南）-20260224\\气象雷达拼图（UTC）\\Z_RADA_C_BABJ_P_ACHN_CREF000_20260215021200_12.2_54.2_73.0_135.0.png'
5318,Z_RADA_C_BABJ_P_ACHN_CREF000_20260215021800_12.2_54.2_73.0_135.0.png,[Errno 2] No such file or directory: 'D:\\BaiduNetdiskDownload\\气象大模型数据（中南）-20260224\\气象雷达拼图（UTC）\\Z_RADA_C_BABJ_P_ACHN_CREF000_20260215021800_12.2_54.2_73.0_135.0.png'
5319,Z_RADA_C_BABJ_P_ACHN_CREF000_20260215022400_12.2_54.2_73.0_135.0.png,[Errno 2] No such file or directory: 'D:\\BaiduNetdiskDownload\\气象大模型数据（中南）-20260224\\气象雷达拼图（UTC）\\Z_RADA_C_BABJ_P_ACHN_CREF000_20260215022400_12.2_54.2_73.0_135.0.png'
5320,Z_RADA_C_BABJ_P_ACHN_CREF000_20260215023000_12.2_54.2_73.0_135.0.png,[Errno 2] No such file or directory: 'D:\\BaiduNetdiskDownload\\气象大模型数据（中南）-20260224\\气象雷达拼图（UTC）\\Z_RADA_C_BABJ_P_ACHN_CREF000_20260215023000_12.2_54.2_73.0_135.0.png'
5321,Z_RADA_C_BABJ_P_ACHN_CREF000_20260215023600_12.2_54.2_73.0_135.0.png,[Errno 2] No such file or directory: 'D:\\BaiduNetdiskDownload\\气象大模型数据（中南）-20260224\\气象雷达拼图（UTC）\\Z_RADA_C_BABJ_P_ACHN_CREF000_20260215023600_12.2_54.2_73.0_135.0.png'
5322,Z_RADA_C_BABJ_P_ACHN_CREF000_20260215024200_12.2_54.2_73.0_135.0.png,[Errno 2] No such file or directory: 'D:\\BaiduNetdiskDownload\\气象大模型数据（中南）-20260224\\气象雷达拼图（UTC）\\Z_RADA_C_BABJ_P_ACHN_CREF000_20260215024200_12.2_54.2_73.0_135.0.png'
5323,Z_RADA_C_BABJ_P_ACHN_CREF000_20260215024800_12.2_54.2_73.0_135.0.png,[Errno 2] No such file or directory: 'D:\\BaiduNetdiskDownload\\气象大模型数据（中南）-20260224\\气象雷达拼图（UTC）\\Z_RADA_C_BABJ_P_ACHN_CREF000_20260215024800_12.2_54.2_73.0_135.0.png'
5324,Z_RADA_C_BABJ_P_ACHN_CREF000_20260215025400_12.2_54.2_73.0_135.0.png,[Errno 2] No such file or directory: 'D:\\BaiduNetdiskDownload\\气象大模型数据（中南）-20260224\\气象雷达拼图（UTC）\\Z_RADA_C_BABJ_P_ACHN_CREF000_20260215025400_12.2_54.2_73.0_135.0.png'
5325,Z_RADA_C_BABJ_P_ACHN_CREF000_20260215030000_12.2_54.2_73.0_135.0.png,[Errno 2] No such file or directory: 'D:\\BaiduNetdiskDownload\\气象大模型数据（中南）-20260224\\气象雷达拼图（UTC）\\Z_RADA_C_BABJ_P_ACHN_CREF000_20260215030000_12.2_54.2_73.0_135.0.png'
5326,Z_RADA_C_BABJ_P_ACHN_CREF000_20260215030600_12.2_54.2_73.0_135.0.png,[Errno 2] No such file or directory: 'D:\\BaiduNetdiskDownload\\气象大模型数据（中南）-20260224\\气象雷达拼图（UTC）\\Z_RADA_C_BABJ_P_ACHN_CREF000_20260215030600_12.2_54.2_73.0_135.0.png'
5327,Z_RADA_C_BABJ_P_ACHN_CREF000_20260215031200_12.2_54.2_73.0_135.0.png,[Errno 2] No such file or directory: 'D:\\BaiduNetdiskDownload\\气象大模型数据（中南）-20260224\\气象雷达拼图（UTC）\\Z_RADA_C_BABJ_P_ACHN_CREF000_20260215031200_12.2_54.2_73.0_135.0.png'
5328,Z_RADA_C_BABJ_P_ACHN_CREF000_20260215031800_12.2_54.2_73.0_135.0.png,[Errno 2] No such file or directory: 'D:\\BaiduNetdiskDownload\\气象大模型数据（中南）-20260224\\气象雷达拼图（UTC）\\Z_RADA_C_BABJ_P_ACHN_CREF000_20260215031800_12.2_54.2_73.0_135.0.png'
5329,Z_RADA_C_BABJ_P_ACHN_CREF000_20260215032400_12.2_54.2_73.0_135.0.png,[Errno 2] No such file or directory: 'D:\\BaiduNetdiskDownload\\气象大模型数据（中南）-20260224\\气象雷达拼图（UTC）\\Z_RADA_C_BABJ_P_ACHN_CREF000_20260215032400_12.2_54.2_73.0_135.0.png'
5330,Z_RADA_C_BABJ_P_ACHN_CREF000_20260215033000_12.2_54.2_73.0_135.0.png,[Errno 2] No such file or directory: 'D:\\BaiduNetdiskDownload\\气象大模型数据（中南）-20260224\\气象雷达拼图（UTC）\\Z_RADA_C_BABJ_P_ACHN_CREF000_20260215033000_12.2_54.2_73.0_135.0.png'
5331,Z_RADA_C_BABJ_P_ACHN_CREF000_20260215033600_12.2_54.2_73.0_135.0.png,[Errno 2] No such file or directory: 'D:\\BaiduNetdiskDownload\\气象大模型数据（中南）-20260224\\气象雷达拼图（UTC）\\Z_RADA_C_BABJ_P_ACHN_CREF000_20260215033600_12.2_54.2_73.0_135.0.png'
5332,Z_RADA_C_BABJ_P_ACHN_CREF000_20260215034200_12.2_54.2_73.0_135.0.png,[Errno 2] No such file or directory: 'D:\\BaiduNetdiskDownload\\气象大模型数据（中南）-20260224\\气象雷达拼图（UTC）\\Z_RADA_C_BABJ_P_ACHN_CREF000_20260215034200_12.2_54.2_73.0_135.0.png'
5333,Z_RADA_C_BABJ_P_ACHN_CREF000_20260215034800_12.2_54.2_73.0_135.0.png,[Errno 2] No such file or directory: 'D:\\BaiduNetdiskDownload\\气象大模型数据（中南）-20260224\\气象雷达拼图（UTC）\\Z_RADA_C_BABJ_P_ACHN_CREF000_20260215034800_12.2_54.2_73.0_135.0.png'
5334,Z_RADA_C_BABJ_P_ACHN_CREF000_20260215035400_12.2_54.2_73.0_135.0.png,[Errno 2] No such file or directory: 'D:\\BaiduNetdiskDownload\\气象大模型数据（中南）-20260224\\气象雷达拼图（UTC）\\Z_RADA_C_BABJ_P_ACHN_CREF000_20260215035400_12.2_54.2_73.0_135.0.png'
5335,Z_RADA_C_BABJ_P_ACHN_CREF000_20260215040000_12.2_54.2_73.0_135.0.png,[Errno 2] No such file or directory: 'D:\\BaiduNetdiskDownload\\气象大模型数据（中南）-20260224\\气象雷达拼图（UTC）\\Z_RADA_C_BABJ_P_ACHN_CREF000_20260215040000_12.2_54.2_73.0_135.0.png'
5336,Z_RADA_C_BABJ_P_ACHN_CREF000_20260215040600_12.2_54.2_73.0_135.0.png,[Errno 2] No such file or directory: 'D:\\BaiduNetdiskDownload\\气象大模型数据（中南）-20260224\\气象雷达拼图（UTC）\\Z_RADA_C_BABJ_P_ACHN_CREF000_20260215040600_12.2_54.2_73.0_135.0.png'
5337,Z_RADA_C_BABJ_P_ACHN_CREF000_20260215041200_12.2_54.2_73.0_135.0.png,[Errno 2] No such file or directory: 'D:\\BaiduNetdiskDownload\\气象大模型数据（中南）-20260224\\气象雷达拼图（UTC）\\Z_RADA_C_BABJ_P_ACHN_CREF000_20260215041200_12.2_54.2_73.0_135.0.png'
5338,Z_RADA_C_BABJ_P_ACHN_CREF000_20260215041800_12.2_54.2_73.0_135.0.png,[Errno 2] No such file or directory: 'D:\\BaiduNetdiskDownload\\气象大模型数据（中南）-20260224\\气象雷达拼图（UTC）\\Z_RADA_C_BABJ_P_ACHN_CREF000_20260215041800_12.2_54.2_73.0_135.0.png'
5339,Z_RADA_C_BABJ_P_ACHN_CREF000_20260215042400_12.2_54.2_73.0_135.0.png,[Errno 2] No such file or directory: 'D:\\BaiduNetdiskDownload\\气象大模型数据（中南）-20260224\\气象雷达拼图（UTC）\\Z_RADA_C_BABJ_P_ACHN_CREF000_20260215042400_12.2_54.2_73.0_135.0.png'
5340,Z_RADA_C_BABJ_P_ACHN_CREF000_20260215043000_12.2_54.2_73.0_135.0.png,[Errno 2] No such file or directory: 'D:\\BaiduNetdiskDownload\\气象大模型数据（中南）-20260224\\气象雷达拼图（UTC）\\Z_RADA_C_BABJ_P_ACHN_CREF000_20260215043000_12.2_54.2_73.0_135.0.png'
5341,Z_RADA_C_BABJ_P_ACHN_CREF000_20260215043600_12.2_54.2_73.0_135.0.png,[Errno 2] No such file or directory: 'D:\\BaiduNetdiskDownload\\气象大模型数据（中南）-20260224\\气象雷达拼图（UTC）\\Z_RADA_C_BABJ_P_ACHN_CREF000_20260215043600_12.2_54.2_73.0_135.0.png'
5342,Z_RADA_C_BABJ_P_ACHN_CREF000_20260215044200_12.2_54.2_73.0_135.0.png,[Errno 2] No such file or directory: 'D:\\BaiduNetdiskDownload\\气象大模型数据（中南）-20260224\\气象雷达拼图（UTC）\\Z_RADA_C_BABJ_P_ACHN_CREF000_20260215044200_12.2_54.2_73.0_135.0.png'
5343,Z_RADA_C_BABJ_P_ACHN_CREF000_20260215044800_12.2_54.2_73.0_135.0.png,[Errno 2] No such file or directory: 'D:\\BaiduNetdiskDownload\\气象大模型数据（中南）-20260224\\气象雷达拼图（UTC）\\Z_RADA_C_BABJ_P_ACHN_CREF000_20260215044800_12.2_54.2_73.0_135.0.png'
5344,Z_RADA_C_BABJ_P_ACHN_CREF000_20260215045400_12.2_54.2_73.0_135.0.png,[Errno 2] No such file or directory: 'D:\\BaiduNetdiskDownload\\气象大模型数据（中南）-20260224\\气象雷达拼图（UTC）\\Z_RADA_C_BABJ_P_ACHN_CREF000_20260215045400_12.2_54.2_73.0_135.0.png'
5345,Z_RADA_C_BABJ_P_ACHN_CREF000_20260215050000_12.2_54.2_73.0_135.0.png,[Errno 2] No such file or directory: 'D:\\BaiduNetdiskDownload\\气象大模型数据（中南）-20260224\\气象雷达拼图（UTC）\\Z_RADA_C_BABJ_P_ACHN_CREF000_20260215050000_12.2_54.2_73.0_135.0.png'
5346,Z_RADA_C_BABJ_P_ACHN_CREF000_20260215050600_12.2_54.2_73.0_135.0.png,[Errno 2] No such file or directory: 'D:\\BaiduNetdiskDownload\\气象大模型数据（中南）-20260224\\气象雷达拼图（UTC）\\Z_RADA_C_BABJ_P_ACHN_CREF000_20260215050600_12.2_54.2_73.0_135.0.png'
5347,Z_RADA_C_BABJ_P_ACHN_CREF000_20260215051200_12.2_54.2_73.0_135.0.png,[Errno 2] No such file or directory: 'D:\\BaiduNetdiskDownload\\气象大模型数据（中南）-20260224\\气象雷达拼图（UTC）\\Z_RADA_C_BABJ_P_ACHN_CREF000_20260215051200_12.2_54.2_73.0_135.0.png'
5348,Z_RADA_C_BABJ_P_ACHN_CREF000_20260215051800_12.2_54.2_73.0_135.0.png,[Errno 2] No such file or directory: 'D:\\BaiduNetdiskDownload\\气象大模型数据（中南）-20260224\\气象雷达拼图（UTC）\\Z_RADA_C_BABJ_P_ACHN_CREF000_20260215051800_12.2_54.2_73.0_135.0.png'
5349,Z_RADA_C_BABJ_P_ACHN_CREF000_20260215052400_12.2_54.2_73.0_135.0.png,[Errno 2] No such file or directory: 'D:\\BaiduNetdiskDownload\\气象大模型数据（中南）-20260224\\气象雷达拼图（UTC）\\Z_RADA_C_BABJ_P_ACHN_CREF000_20260215052400_12.2_54.2_73.0_135.0.png'
5350,Z_RADA_C_BABJ_P_ACHN_CREF000_20260215053000_12.2_54.2_73.0_135.0.png,[Errno 2] No such file or directory: 'D:\\BaiduNetdiskDownload\\气象大模型数据（中南）-20260224\\气象雷达拼图（UTC）\\Z_RADA_C_BABJ_P_ACHN_CREF000_20260215053000_12.2_54.2_73.0_135.0.png'
5351,Z_RADA_C_BABJ_P_ACHN_CREF000_20260215053600_12.2_54.2_73.0_135.0.png,[Errno 2] No such file or directory: 'D:\\BaiduNetdiskDownload\\气象大模型数据（中南）-20260224\\气象雷达拼图（UTC）\\Z_RADA_C_BABJ_P_ACHN_CREF000_20260215053600_12.2_54.2_73.0_135.0.png'
5352,Z_RADA_C_BABJ_P_ACHN_CREF000_20260215054200_12.2_54.2_73.0_135.0.png,[Errno 2] No such file or directory: 'D:\\BaiduNetdiskDownload\\气象大模型数据（中南）-20260224\\气象雷达拼图（UTC）\\Z_RADA_C_BABJ_P_ACHN_CREF000_20260215054200_12.2_54.2_73.0_135.0.png'
5353,Z_RADA_C_BABJ_P_ACHN_CREF000_20260215054800_12.2_54.2_73.0_135.0.png,[Errno 2] No such file or directory: 'D:\\BaiduNetdiskDownload\\气象大模型数据（中南）-20260224\\气象雷达拼图（UTC）\\Z_RADA_C_BABJ_P_ACHN_CREF000_20260215054800_12.2_54.2_73.0_135.0.png'
5354,Z_RADA_C_BABJ_P_ACHN_CREF000_20260215055400_12.2_54.2_73.0_135.0.png,[Errno 2] No such file or directory: 'D:\\BaiduNetdiskDownload\\气象大模型数据（中南）-20260224\\气象雷达拼图（UTC）\\Z_RADA_C_BABJ_P_ACHN_CREF000_20260215055400_12.2_54.2_73.0_135.0.png'
5355,Z_RADA_C_BABJ_P_ACHN_CREF000_20260215060000_12.2_54.2_73.0_135.0.png,[Errno 2] No such file or directory: 'D:\\BaiduNetdiskDownload\\气象大模型数据（中南）-20260224\\气象雷达拼图（UTC）\\Z_RADA_C_BABJ_P_ACHN_CREF000_20260215060000_12.2_54.2_73.0_135.0.png'
5356,Z_RADA_C_BABJ_P_ACHN_CREF000_20260215060600_12.2_54.2_73.0_135.0.png,[Errno 2] No such file or directory: 'D:\\BaiduNetdiskDownload\\气象大模型数据（中南）-20260224\\气象雷达拼图（UTC）\\Z_RADA_C_BABJ_P_ACHN_CREF000_20260215060600_12.2_54.2_73.0_135.0.png'
5357,Z_RADA_C_BABJ_P_ACHN_CREF000_20260215061200_12.2_54.2_73.0_135.0.png,[Errno 2] No such file or directory: 'D:\\BaiduNetdiskDownload\\气象大模型数据（中南）-20260224\\气象雷达拼图（UTC）\\Z_RADA_C_BABJ_P_ACHN_CREF000_20260215061200_12.2_54.2_73.0_135.0.png'
5358,Z_RADA_C_BABJ_P_ACHN_CREF000_20260215061800_12.2_54.2_73.0_135.0.png,[Errno 2] No such file or directory: 'D:\\BaiduNetdiskDownload\\气象大模型数据（中南）-20260224\\气象雷达拼图（UTC）\\Z_RADA_C_BABJ_P_ACHN_CREF000_20260215061800_12.2_54.2_73.0_135.0.png'
5359,Z_RADA_C_BABJ_P_ACHN_CREF000_20260215062400_12.2_54.2_73.0_135.0.png,[Errno 2] No such file or directory: 'D:\\BaiduNetdiskDownload\\气象大模型数据（中南）-20260224\\气象雷达拼图（UTC）\\Z_RADA_C_BABJ_P_ACHN_CREF000_20260215062400_12.2_54.2_73.0_135.0.png'
5360,Z_RADA_C_BABJ_P_ACHN_CREF000_20260215063000_12.2_54.2_73.0_135.0.png,[Errno 2] No such file or directory: 'D:\\BaiduNetdiskDownload\\气象大模型数据（中南）-20260224\\气象雷达拼图（UTC）\\Z_RADA_C_BABJ_P_ACHN_CREF000_20260215063000_12.2_54.2_73.0_135.0.png'
5361,Z_RADA_C_BABJ_P_ACHN_CREF000_20260215063600_12.2_54.2_73.0_135.0.png,[Errno 2] No such file or directory: 'D:\\BaiduNetdiskDownload\\气象大模型数据（中南）-20260224\\气象雷达拼图（UTC）\\Z_RADA_C_BABJ_P_ACHN_CREF000_20260215063600_12.2_54.2_73.0_135.0.png'
5362,Z_RADA_C_BABJ_P_ACHN_CREF000_20260215064200_12.2_54.2_73.0_135.0.png,[Errno 2] No such file or directory: 'D:\\BaiduNetdiskDownload\\气象大模型数据（中南）-20260224\\气象雷达拼图（UTC）\\Z_RADA_C_BABJ_P_ACHN_CREF000_20260215064200_12.2_54.2_73.0_135.0.png'
5363,Z_RADA_C_BABJ_P_ACHN_CREF000_20260215064800_12.2_54.2_73.0_135.0.png,[Errno 2] No such file or directory: 'D:\\BaiduNetdiskDownload\\气象大模型数据（中南）-20260224\\气象雷达拼图（UTC）\\Z_RADA_C_BABJ_P_ACHN_CREF000_20260215064800_12.2_54.2_73.0_135.0.png'
5364,Z_RADA_C_BABJ_P_ACHN_CREF000_20260215065400_12.2_54.2_73.0_135.0.png,[Errno 2] No such file or directory: 'D:\\BaiduNetdiskDownload\\气象大模型数据（中南）-20260224\\气象雷达拼图（UTC）\\Z_RADA_C_BABJ_P_ACHN_CREF000_20260215065400_12.2_54.2_73.0_135.0.png'
5365,Z_RADA_C_BABJ_P_ACHN_CREF000_20260215070000_12.2_54.2_73.0_135.0.png,[Errno 2] No such file or directory: 'D:\\BaiduNetdiskDownload\\气象大模型数据（中南）-20260224\\气象雷达拼图（UTC）\\Z_RADA_C_BABJ_P_ACHN_CREF000_20260215070000_12.2_54.2_73.0_135.0.png'
5366,Z_RADA_C_BABJ_P_ACHN_CREF000_20260215070600_12.2_54.2_73.0_135.0.png,[Errno 2] No such file or directory: 'D:\\BaiduNetdiskDownload\\气象大模型数据（中南）-20260224\\气象雷达拼图（UTC）\\Z_RADA_C_BABJ_P_ACHN_CREF000_20260215070600_12.2_54.2_73.0_135.0.png'
5367,Z_RADA_C_BABJ_P_ACHN_CREF000_20260215071200_12.2_54.2_73.0_135.0.png,[Errno 2] No such file or directory: 'D:\\BaiduNetdiskDownload\\气象大模型数据（中南）-20260224\\气象雷达拼图（UTC）\\Z_RADA_C_BABJ_P_ACHN_CREF000_20260215071200_12.2_54.2_73.0_135.0.png'
5368,Z_RADA_C_BABJ_P_ACHN_CREF000_20260215071800_12.2_54.2_73.0_135.0.png,[Errno 2] No such file or directory: 'D:\\BaiduNetdiskDownload\\气象大模型数据（中南）-20260224\\气象雷达拼图（UTC）\\Z_RADA_C_BABJ_P_ACHN_CREF000_20260215071800_12.2_54.2_73.0_135.0.png'
5369,Z_RADA_C_BABJ_P_ACHN_CREF000_20260215072400_12.2_54.2_73.0_135.0.png,[Errno 2] No such file or directory: 'D:\\BaiduNetdiskDownload\\气象大模型数据（中南）-20260224\\气象雷达拼图（UTC）\\Z_RADA_C_BABJ_P_ACHN_CREF000_20260215072400_12.2_54.2_73.0_135.0.png'
5370,Z_RADA_C_BABJ_P_ACHN_CREF000_20260215073000_12.2_54.2_73.0_135.0.png,[Errno 2] No such file or directory: 'D:\\BaiduNetdiskDownload\\气象大模型数据（中南）-20260224\\气象雷达拼图（UTC）\\Z_RADA_C_BABJ_P_ACHN_CREF000_20260215073000_12.2_54.2_73.0_135.0.png'
5371,Z_RADA_C_BABJ_P_ACHN_CREF000_20260215073600_12.2_54.2_73.0_135.0.png,[Errno 2] No such file or directory: 'D:\\BaiduNetdiskDownload\\气象大模型数据（中南）-20260224\\气象雷达拼图（UTC）\\Z_RADA_C_BABJ_P_ACHN_CREF000_20260215073600_12.2_54.2_73.0_135.0.png'
5372,Z_RADA_C_BABJ_P_ACHN_CREF000_20260215074200_12.2_54.2_73.0_135.0.png,[Errno 2] No such file or directory: 'D:\\BaiduNetdiskDownload\\气象大模型数据（中南）-20260224\\气象雷达拼图（UTC）\\Z_RADA_C_BABJ_P_ACHN_CREF000_20260215074200_12.2_54.2_73.0_135.0.png'
5373,Z_RADA_C_BABJ_P_ACHN_CREF000_20260215074800_12.2_54.2_73.0_135.0.png,[Errno 2] No such file or directory: 'D:\\BaiduNetdiskDownload\\气象大模型数据（中南）-20260224\\气象雷达拼图（UTC）\\Z_RADA_C_BABJ_P_ACHN_CREF000_20260215074800_12.2_54.2_73.0_135.0.png'
5374,Z_RADA_C_BABJ_P_ACHN_CREF000_20260215075400_12.2_54.2_73.0_135.0.png,[Errno 2] No such file or directory: 'D:\\BaiduNetdiskDownload\\气象大模型数据（中南）-20260224\\气象雷达拼图（UTC）\\Z_RADA_C_BABJ_P_ACHN_CREF000_20260215075400_12.2_54.2_73.0_135.0.png'
5375,Z_RADA_C_BABJ_P_ACHN_CREF000_20260215080000_12.2_54.2_73.0_135.0.png,[Errno 2] No such file or directory: 'D:\\BaiduNetdiskDownload\\气象大模型数据（中南）-20260224\\气象雷达拼图（UTC）\\Z_RADA_C_BABJ_P_ACHN_CREF000_20260215080000_12.2_54.2_73.0_135.0.png'
5376,Z_RADA_C_BABJ_P_ACHN_CREF000_20260215080600_12.2_54.2_73.0_135.0.png,[Errno 2] No such file or directory: 'D:\\BaiduNetdiskDownload\\气象大模型数据（中南）-20260224\\气象雷达拼图（UTC）\\Z_RADA_C_BABJ_P_ACHN_CREF000_20260215080600_12.2_54.2_73.0_135.0.png'
5377,Z_RADA_C_BABJ_P_ACHN_CREF000_20260215081200_12.2_54.2_73.0_135.0.png,[Errno 2] No such file or directory: 'D:\\BaiduNetdiskDownload\\气象大模型数据（中南）-20260224\\气象雷达拼图（UTC）\\Z_RADA_C_BABJ_P_ACHN_CREF000_20260215081200_12.2_54.2_73.0_135.0.png'
5378,Z_RADA_C_BABJ_P_ACHN_CREF000_20260215081800_12.2_54.2_73.0_135.0.png,[Errno 2] No such file or directory: 'D:\\BaiduNetdiskDownload\\气象大模型数据（中南）-20260224\\气象雷达拼图（UTC）\\Z_RADA_C_BABJ_P_ACHN_CREF000_20260215081800_12.2_54.2_73.0_135.0.png'
5379,Z_RADA_C_BABJ_P_ACHN_CREF000_20260215082400_12.2_54.2_73.0_135.0.png,[Errno 2] No such file or directory: 'D:\\BaiduNetdiskDownload\\气象大模型数据（中南）-20260224\\气象雷达拼图（UTC）\\Z_RADA_C_BABJ_P_ACHN_CREF000_20260215082400_12.2_54.2_73.0_135.0.png'
5380,Z_RADA_C_BABJ_P_ACHN_CREF000_20260215083000_12.2_54.2_73.0_135.0.png,[Errno 2] No such file or directory: 'D:\\BaiduNetdiskDownload\\气象大模型数据（中南）-20260224\\气象雷达拼图（UTC）\\Z_RADA_C_BABJ_P_ACHN_CREF000_20260215083000_12.2_54.2_73.0_135.0.png'
5381,Z_RADA_C_BABJ_P_ACHN_CREF000_20260215083600_12.2_54.2_73.0_135.0.png,[Errno 2] No such file or directory: 'D:\\BaiduNetdiskDownload\\气象大模型数据（中南）-20260224\\气象雷达拼图（UTC）\\Z_RADA_C_BABJ_P_ACHN_CREF000_20260215083600_12.2_54.2_73.0_135.0.png'
5382,Z_RADA_C_BABJ_P_ACHN_CREF000_20260215084200_12.2_54.2_73.0_135.0.png,[Errno 2] No such file or directory: 'D:\\BaiduNetdiskDownload\\气象大模型数据（中南）-20260224\\气象雷达拼图（UTC）\\Z_RADA_C_BABJ_P_ACHN_CREF000_20260215084200_12.2_54.2_73.0_135.0.png'
5383,Z_RADA_C_BABJ_P_ACHN_CREF000_20260215084800_12.2_54.2_73.0_135.0.png,[Errno 2] No such file or directory: 'D:\\BaiduNetdiskDownload\\气象大模型数据（中南）-20260224\\气象雷达拼图（UTC）\\Z_RADA_C_BABJ_P_ACHN_CREF000_20260215084800_12.2_54.2_73.0_135.0.png'
5384,Z_RADA_C_BABJ_P_ACHN_CREF000_20260215085400_12.2_54.2_73.0_135.0.png,[Errno 2] No such file or directory: 'D:\\BaiduNetdiskDownload\\气象大模型数据（中南）-20260224\\气象雷达拼图（UTC）\\Z_RADA_C_BABJ_P_ACHN_CREF000_20260215085400_12.2_54.2_73.0_135.0.png'
5385,Z_RADA_C_BABJ_P_ACHN_CREF000_20260215090000_12.2_54.2_73.0_135.0.png,[Errno 2] No such file or directory: 'D:\\BaiduNetdiskDownload\\气象大模型数据（中南）-20260224\\气象雷达拼图（UTC）\\Z_RADA_C_BABJ_P_ACHN_CREF000_20260215090000_12.2_54.2_73.0_135.0.png'
5386,Z_RADA_C_BABJ_P_ACHN_CREF000_20260215090600_12.2_54.2_73.0_135.0.png,[Errno 2] No such file or directory: 'D:\\BaiduNetdiskDownload\\气象大模型数据（中南）-20260224\\气象雷达拼图（UTC）\\Z_RADA_C_BABJ_P_ACHN_CREF000_20260215090600_12.2_54.2_73.0_135.0.png'
5387,Z_RADA_C_BABJ_P_ACHN_CREF000_20260215091200_12.2_54.2_73.0_135.0.png,[Errno 2] No such file or directory: 'D:\\BaiduNetdiskDownload\\气象大模型数据（中南）-20260224\\气象雷达拼图（UTC）\\Z_RADA_C_BABJ_P_ACHN_CREF000_20260215091200_12.2_54.2_73.0_135.0.png'
5388,Z_RADA_C_BABJ_P_ACHN_CREF000_20260215091800_12.2_54.2_73.0_135.0.png,[Errno 2] No such file or directory: 'D:\\BaiduNetdiskDownload\\气象大模型数据（中南）-20260224\\气象雷达拼图（UTC）\\Z_RADA_C_BABJ_P_ACHN_CREF000_20260215091800_12.2_54.2_73.0_135.0.png'
5389,Z_RADA_C_BABJ_P_ACHN_CREF000_20260215092400_12.2_54.2_73.0_135.0.png,[Errno 2] No such file or directory: 'D:\\BaiduNetdiskDownload\\气象大模型数据（中南）-20260224\\气象雷达拼图（UTC）\\Z_RADA_C_BABJ_P_ACHN_CREF000_20260215092400_12.2_54.2_73.0_135.0.png'
5390,Z_RADA_C_BABJ_P_ACHN_CREF000_20260215093000_12.2_54.2_73.0_135.0.png,[Errno 2] No such file or directory: 'D:\\BaiduNetdiskDownload\\气象大模型数据（中南）-20260224\\气象雷达拼图（UTC）\\Z_RADA_C_BABJ_P_ACHN_CREF000_20260215093000_12.2_54.2_73.0_135.0.png'
5391,Z_RADA_C_BABJ_P_ACHN_CREF000_20260215093600_12.2_54.2_73.0_135.0.png,[Errno 2] No such file or directory: 'D:\\BaiduNetdiskDownload\\气象大模型数据（中南）-20260224\\气象雷达拼图（UTC）\\Z_RADA_C_BABJ_P_ACHN_CREF000_20260215093600_12.2_54.2_73.0_135.0.png'
5392,Z_RADA_C_BABJ_P_ACHN_CREF000_20260215094200_12.2_54.2_73.0_135.0.png,[Errno 2] No such file or directory: 'D:\\BaiduNetdiskDownload\\气象大模型数据（中南）-20260224\\气象雷达拼图（UTC）\\Z_RADA_C_BABJ_P_ACHN_CREF000_20260215094200_12.2_54.2_73.0_135.0.png'
5393,Z_RADA_C_BABJ_P_ACHN_CREF000_20260215094800_12.2_54.2_73.0_135.0.png,[Errno 2] No such file or directory: 'D:\\BaiduNetdiskDownload\\气象大模型数据（中南）-20260224\\气象雷达拼图（UTC）\\Z_RADA_C_BABJ_P_ACHN_CREF000_20260215094800_12.2_54.2_73.0_135.0.png'
5394,Z_RADA_C_BABJ_P_ACHN_CREF000_20260215095400_12.2_54.2_73.0_135.0.png,[Errno 2] No such file or directory: 'D:\\BaiduNetdiskDownload\\气象大模型数据（中南）-20260224\\气象雷达拼图（UTC）\\Z_RADA_C_BABJ_P_ACHN_CREF000_20260215095400_12.2_54.2_73.0_135.0.png'
5395,Z_RADA_C_BABJ_P_ACHN_CREF000_20260215100000_12.2_54.2_73.0_135.0.png,[Errno 2] No such file or directory: 'D:\\BaiduNetdiskDownload\\气象大模型数据（中南）-20260224\\气象雷达拼图（UTC）\\Z_RADA_C_BABJ_P_ACHN_CREF000_20260215100000_12.2_54.2_73.0_135.0.png'
5396,Z_RADA_C_BABJ_P_ACHN_CREF000_20260215100600_12.2_54.2_73.0_135.0.png,[Errno 2] No such file or directory: 'D:\\BaiduNetdiskDownload\\气象大模型数据（中南）-20260224\\气象雷达拼图（UTC）\\Z_RADA_C_BABJ_P_ACHN_CREF000_20260215100600_12.2_54.2_73.0_135.0.png'
5397,Z_RADA_C_BABJ_P_ACHN_CREF000_20260215101200_12.2_54.2_73.0_135.0.png,[Errno 2] No such file or directory: 'D:\\BaiduNetdiskDownload\\气象大模型数据（中南）-20260224\\气象雷达拼图（UTC）\\Z_RADA_C_BABJ_P_ACHN_CREF000_20260215101200_12.2_54.2_73.0_135.0.png'
5398,Z_RADA_C_BABJ_P_ACHN_CREF000_20260215101800_12.2_54.2_73.0_135.0.png,[Errno 2] No such file or directory: 'D:\\BaiduNetdiskDownload\\气象大模型数据（中南）-20260224\\气象雷达拼图（UTC）\\Z_RADA_C_BABJ_P_ACHN_CREF000_20260215101800_12.2_54.2_73.0_135.0.png'
5399,Z_RADA_C_BABJ_P_ACHN_CREF000_20260215102400_12.2_54.2_73.0_135.0.png,[Errno 2] No such file or directory: 'D:\\BaiduNetdiskDownload\\气象大模型数据（中南）-20260224\\气象雷达拼图（UTC）\\Z_RADA_C_BABJ_P_ACHN_CREF000_20260215102400_12.2_54.2_73.0_135.0.png'
5400,Z_RADA_C_BABJ_P_ACHN_CREF000_20260215103000_12.2_54.2_73.0_135.0.png,[Errno 2] No such file or directory: 'D:\\BaiduNetdiskDownload\\气象大模型数据（中南）-20260224\\气象雷达拼图（UTC）\\Z_RADA_C_BABJ_P_ACHN_CREF000_20260215103000_12.2_54.2_73.0_135.0.png'
5401,Z_RADA_C_BABJ_P_ACHN_CREF000_20260215103600_12.2_54.2_73.0_135.0.png,[Errno 2] No such file or directory: 'D:\\BaiduNetdiskDownload\\气象大模型数据（中南）-20260224\\气象雷达拼图（UTC）\\Z_RADA_C_BABJ_P_ACHN_CREF000_20260215103600_12.2_54.2_73.0_135.0.png'
5402,Z_RADA_C_BABJ_P_ACHN_CREF000_20260215104200_12.2_54.2_73.0_135.0.png,[Errno 2] No such file or directory: 'D:\\BaiduNetdiskDownload\\气象大模型数据（中南）-20260224\\气象雷达拼图（UTC）\\Z_RADA_C_BABJ_P_ACHN_CREF000_20260215104200_12.2_54.2_73.0_135.0.png'
5403,Z_RADA_C_BABJ_P_ACHN_CREF000_20260215104800_12.2_54.2_73.0_135.0.png,[Errno 2] No such file or directory: 'D:\\BaiduNetdiskDownload\\气象大模型数据（中南）-20260224\\气象雷达拼图（UTC）\\Z_RADA_C_BABJ_P_ACHN_CREF000_20260215104800_12.2_54.2_73.0_135.0.png'
5404,Z_RADA_C_BABJ_P_ACHN_CREF000_20260215105400_12.2_54.2_73.0_135.0.png,[Errno 2] No such file or directory: 'D:\\BaiduNetdiskDownload\\气象大模型数据（中南）-20260224\\气象雷达拼图（UTC）\\Z_RADA_C_BABJ_P_ACHN_CREF000_20260215105400_12.2_54.2_73.0_135.0.png'
5405,Z_RADA_C_BABJ_P_ACHN_CREF000_20260215110000_12.2_54.2_73.0_135.0.png,[Errno 2] No such file or directory: 'D:\\BaiduNetdiskDownload\\气象大模型数据（中南）-20260224\\气象雷达拼图（UTC）\\Z_RADA_C_BABJ_P_ACHN_CREF000_20260215110000_12.2_54.2_73.0_135.0.png'
5406,Z_RADA_C_BABJ_P_ACHN_CREF000_20260215110600_12.2_54.2_73.0_135.0.png,[Errno 2] No such file or directory: 'D:\\BaiduNetdiskDownload\\气象大模型数据（中南）-20260224\\气象雷达拼图（UTC）\\Z_RADA_C_BABJ_P_ACHN_CREF000_20260215110600_12.2_54.2_73.0_135.0.png'
5407,Z_RADA_C_BABJ_P_ACHN_CREF000_20260215111200_12.2_54.2_73.0_135.0.png,[Errno 2] No such file or directory: 'D:\\BaiduNetdiskDownload\\气象大模型数据（中南）-20260224\\气象雷达拼图（UTC）\\Z_RADA_C_BABJ_P_ACHN_CREF000_20260215111200_12.2_54.2_73.0_135.0.png'
5408,Z_RADA_C_BABJ_P_ACHN_CREF000_20260215111800_12.2_54.2_73.0_135.0.png,[Errno 2] No such file or directory: 'D:\\BaiduNetdiskDownload\\气象大模型数据（中南）-20260224\\气象雷达拼图（UTC）\\Z_RADA_C_BABJ_P_ACHN_CREF000_20260215111800_12.2_54.2_73.0_135.0.png'
5409,Z_RADA_C_BABJ_P_ACHN_CREF000_20260215112400_12.2_54.2_73.0_135.0.png,[Errno 2] No such file or directory: 'D:\\BaiduNetdiskDownload\\气象大模型数据（中南）-20260224\\气象雷达拼图（UTC）\\Z_RADA_C_BABJ_P_ACHN_CREF000_20260215112400_12.2_54.2_73.0_135.0.png'
5410,Z_RADA_C_BABJ_P_ACHN_CREF000_20260215113000_12.2_54.2_73.0_135.0.png,[Errno 2] No such file or directory: 'D:\\BaiduNetdiskDownload\\气象大模型数据（中南）-20260224\\气象雷达拼图（UTC）\\Z_RADA_C_BABJ_P_ACHN_CREF000_20260215113000_12.2_54.2_73.0_135.0.png'
5411,Z_RADA_C_BABJ_P_ACHN_CREF000_20260215113600_12.2_54.2_73.0_135.0.png,[Errno 2] No such file or directory: 'D:\\BaiduNetdiskDownload\\气象大模型数据（中南）-20260224\\气象雷达拼图（UTC）\\Z_RADA_C_BABJ_P_ACHN_CREF000_20260215113600_12.2_54.2_73.0_135.0.png'
5412,Z_RADA_C_BABJ_P_ACHN_CREF000_20260215114200_12.2_54.2_73.0_135.0.png,[Errno 2] No such file or directory: 'D:\\BaiduNetdiskDownload\\气象大模型数据（中南）-20260224\\气象雷达拼图（UTC）\\Z_RADA_C_BABJ_P_ACHN_CREF000_20260215114200_12.2_54.2_73.0_135.0.png'
5413,Z_RADA_C_BABJ_P_ACHN_CREF000_20260215114800_12.2_54.2_73.0_135.0.png,[Errno 2] No such file or directory: 'D:\\BaiduNetdiskDownload\\气象大模型数据（中南）-20260224\\气象雷达拼图（UTC）\\Z_RADA_C_BABJ_P_ACHN_CREF000_20260215114800_12.2_54.2_73.0_135.0.png'
5414,Z_RADA_C_BABJ_P_ACHN_CREF000_20260215115400_12.2_54.2_73.0_135.0.png,[Errno 2] No such file or directory: 'D:\\BaiduNetdiskDownload\\气象大模型数据（中南）-20260224\\气象雷达拼图（UTC）\\Z_RADA_C_BABJ_P_ACHN_CREF000_20260215115400_12.2_54.2_73.0_135.0.png'
5415,Z_RADA_C_BABJ_P_ACHN_CREF000_20260215120000_12.2_54.2_73.0_135.0.png,[Errno 2] No such file or directory: 'D:\\BaiduNetdiskDownload\\气象大模型数据（中南）-20260224\\气象雷达拼图（UTC）\\Z_RADA_C_BABJ_P_ACHN_CREF000_20260215120000_12.2_54.2_73.0_135.0.png'
5416,Z_RADA_C_BABJ_P_ACHN_CREF000_20260215120600_12.2_54.2_73.0_135.0.png,[Errno 2] No such file or directory: 'D:\\BaiduNetdiskDownload\\气象大模型数据（中南）-20260224\\气象雷达拼图（UTC）\\Z_RADA_C_BABJ_P_ACHN_CREF000_20260215120600_12.2_54.2_73.0_135.0.png'
5417,Z_RADA_C_BABJ_P_ACHN_CREF000_20260215121200_12.2_54.2_73.0_135.0.png,[Errno 2] No such file or directory: 'D:\\BaiduNetdiskDownload\\气象大模型数据（中南）-20260224\\气象雷达拼图（UTC）\\Z_RADA_C_BABJ_P_ACHN_CREF000_20260215121200_12.2_54.2_73.0_135.0.png'
5418,Z_RADA_C_BABJ_P_ACHN_CREF000_20260215121800_12.2_54.2_73.0_135.0.png,[Errno 2] No such file or directory: 'D:\\BaiduNetdiskDownload\\气象大模型数据（中南）-20260224\\气象雷达拼图（UTC）\\Z_RADA_C_BABJ_P_ACHN_CREF000_20260215121800_12.2_54.2_73.0_135.0.png'
5419,Z_RADA_C_BABJ_P_ACHN_CREF000_20260215122400_12.2_54.2_73.0_135.0.png,[Errno 2] No such file or directory: 'D:\\BaiduNetdiskDownload\\气象大模型数据（中南）-20260224\\气象雷达拼图（UTC）\\Z_RADA_C_BABJ_P_ACHN_CREF000_20260215122400_12.2_54.2_73.0_135.0.png'
5420,Z_RADA_C_BABJ_P_ACHN_CREF000_20260215123000_12.2_54.2_73.0_135.0.png,[Errno 2] No such file or directory: 'D:\\BaiduNetdiskDownload\\气象大模型数据（中南）-20260224\\气象雷达拼图（UTC）\\Z_RADA_C_BABJ_P_ACHN_CREF000_20260215123000_12.2_54.2_73.0_135.0.png'
5421,Z_RADA_C_BABJ_P_ACHN_CREF000_20260215123600_12.2_54.2_73.0_135.0.png,[Errno 2] No such file or directory: 'D:\\BaiduNetdiskDownload\\气象大模型数据（中南）-20260224\\气象雷达拼图（UTC）\\Z_RADA_C_BABJ_P_ACHN_CREF000_20260215123600_12.2_54.2_73.0_135.0.png'
5422,Z_RADA_C_BABJ_P_ACHN_CREF000_20260215124200_12.2_54.2_73.0_135.0.png,[Errno 2] No such file or directory: 'D:\\BaiduNetdiskDownload\\气象大模型数据（中南）-20260224\\气象雷达拼图（UTC）\\Z_RADA_C_BABJ_P_ACHN_CREF000_20260215124200_12.2_54.2_73.0_135.0.png'
5423,Z_RADA_C_BABJ_P_ACHN_CREF000_20260215124800_12.2_54.2_73.0_135.0.png,[Errno 2] No such file or directory: 'D:\\BaiduNetdiskDownload\\气象大模型数据（中南）-20260224\\气象雷达拼图（UTC）\\Z_RADA_C_BABJ_P_ACHN_CREF000_20260215124800_12.2_54.2_73.0_135.0.png'
5424,Z_RADA_C_BABJ_P_ACHN_CREF000_20260215125400_12.2_54.2_73.0_135.0.png,[Errno 2] No such file or directory: 'D:\\BaiduNetdiskDownload\\气象大模型数据（中南）-20260224\\气象雷达拼图（UTC）\\Z_RADA_C_BABJ_P_ACHN_CREF000_20260215125400_12.2_54.2_73.0_135.0.png'
5425,Z_RADA_C_BABJ_P_ACHN_CREF000_20260215130000_12.2_54.2_73.0_135.0.png,[Errno 2] No such file or directory: 'D:\\BaiduNetdiskDownload\\气象大模型数据（中南）-20260224\\气象雷达拼图（UTC）\\Z_RADA_C_BABJ_P_ACHN_CREF000_20260215130000_12.2_54.2_73.0_135.0.png'
5426,Z_RADA_C_BABJ_P_ACHN_CREF000_20260215130600_12.2_54.2_73.0_135.0.png,[Errno 2] No such file or directory: 'D:\\BaiduNetdiskDownload\\气象大模型数据（中南）-20260224\\气象雷达拼图（UTC）\\Z_RADA_C_BABJ_P_ACHN_CREF000_20260215130600_12.2_54.2_73.0_135.0.png'
5427,Z_RADA_C_BABJ_P_ACHN_CREF000_20260215131200_12.2_54.2_73.0_135.0.png,[Errno 2] No such file or directory: 'D:\\BaiduNetdiskDownload\\气象大模型数据（中南）-20260224\\气象雷达拼图（UTC）\\Z_RADA_C_BABJ_P_ACHN_CREF000_20260215131200_12.2_54.2_73.0_135.0.png'
5428,Z_RADA_C_BABJ_P_ACHN_CREF000_20260215131800_12.2_54.2_73.0_135.0.png,[Errno 2] No such file or directory: 'D:\\BaiduNetdiskDownload\\气象大模型数据（中南）-20260224\\气象雷达拼图（UTC）\\Z_RADA_C_BABJ_P_ACHN_CREF000_20260215131800_12.2_54.2_73.0_135.0.png'
5429,Z_RADA_C_BABJ_P_ACHN_CREF000_20260215132400_12.2_54.2_73.0_135.0.png,[Errno 2] No such file or directory: 'D:\\BaiduNetdiskDownload\\气象大模型数据（中南）-20260224\\气象雷达拼图（UTC）\\Z_RADA_C_BABJ_P_ACHN_CREF000_20260215132400_12.2_54.2_73.0_135.0.png'
5430,Z_RADA_C_BABJ_P_ACHN_CREF000_20260215133000_12.2_54.2_73.0_135.0.png,[Errno 2] No such file or directory: 'D:\\BaiduNetdiskDownload\\气象大模型数据（中南）-20260224\\气象雷达拼图（UTC）\\Z_RADA_C_BABJ_P_ACHN_CREF000_20260215133000_12.2_54.2_73.0_135.0.png'
5431,Z_RADA_C_BABJ_P_ACHN_CREF000_20260215133600_12.2_54.2_73.0_135.0.png,[Errno 2] No such file or directory: 'D:\\BaiduNetdiskDownload\\气象大模型数据（中南）-20260224\\气象雷达拼图（UTC）\\Z_RADA_C_BABJ_P_ACHN_CREF000_20260215133600_12.2_54.2_73.0_135.0.png'
5432,Z_RADA_C_BABJ_P_ACHN_CREF000_20260215134200_12.2_54.2_73.0_135.0.png,[Errno 2] No such file or directory: 'D:\\BaiduNetdiskDownload\\气象大模型数据（中南）-20260224\\气象雷达拼图（UTC）\\Z_RADA_C_BABJ_P_ACHN_CREF000_20260215134200_12.2_54.2_73.0_135.0.png'
5433,Z_RADA_C_BABJ_P_ACHN_CREF000_20260215134800_12.2_54.2_73.0_135.0.png,[Errno 2] No such file or directory: 'D:\\BaiduNetdiskDownload\\气象大模型数据（中南）-20260224\\气象雷达拼图（UTC）\\Z_RADA_C_BABJ_P_ACHN_CREF000_20260215134800_12.2_54.2_73.0_135.0.png'
5434,Z_RADA_C_BABJ_P_ACHN_CREF000_20260215135400_12.2_54.2_73.0_135.0.png,[Errno 2] No such file or directory: 'D:\\BaiduNetdiskDownload\\气象大模型数据（中南）-20260224\\气象雷达拼图（UTC）\\Z_RADA_C_BABJ_P_ACHN_CREF000_20260215135400_12.2_54.2_73.0_135.0.png'
5435,Z_RADA_C_BABJ_P_ACHN_CREF000_20260215140000_12.2_54.2_73.0_135.0.png,[Errno 2] No such file or directory: 'D:\\BaiduNetdiskDownload\\气象大模型数据（中南）-20260224\\气象雷达拼图（UTC）\\Z_RADA_C_BABJ_P_ACHN_CREF000_20260215140000_12.2_54.2_73.0_135.0.png'
5436,Z_RADA_C_BABJ_P_ACHN_CREF000_20260215140600_12.2_54.2_73.0_135.0.png,[Errno 2] No such file or directory: 'D:\\BaiduNetdiskDownload\\气象大模型数据（中南）-20260224\\气象雷达拼图（UTC）\\Z_RADA_C_BABJ_P_ACHN_CREF000_20260215140600_12.2_54.2_73.0_135.0.png'
5437,Z_RADA_C_BABJ_P_ACHN_CREF000_20260215141200_12.2_54.2_73.0_135.0.png,[Errno 2] No such file or directory: 'D:\\BaiduNetdiskDownload\\气象大模型数据（中南）-20260224\\气象雷达拼图（UTC）\\Z_RADA_C_BABJ_P_ACHN_CREF000_20260215141200_12.2_54.2_73.0_135.0.png'
5438,Z_RADA_C_BABJ_P_ACHN_CREF000_20260215141800_12.2_54.2_73.0_135.0.png,[Errno 2] No such file or directory: 'D:\\BaiduNetdiskDownload\\气象大模型数据（中南）-20260224\\气象雷达拼图（UTC）\\Z_RADA_C_BABJ_P_ACHN_CREF000_20260215141800_12.2_54.2_73.0_135.0.png'
5439,Z_RADA_C_BABJ_P_ACHN_CREF000_20260215142400_12.2_54.2_73.0_135.0.png,[Errno 2] No such file or directory: 'D:\\BaiduNetdiskDownload\\气象大模型数据（中南）-20260224\\气象雷达拼图（UTC）\\Z_RADA_C_BABJ_P_ACHN_CREF000_20260215142400_12.2_54.2_73.0_135.0.png'
5440,Z_RADA_C_BABJ_P_ACHN_CREF000_20260215143000_12.2_54.2_73.0_135.0.png,[Errno 2] No such file or directory: 'D:\\BaiduNetdiskDownload\\气象大模型数据（中南）-20260224\\气象雷达拼图（UTC）\\Z_RADA_C_BABJ_P_ACHN_CREF000_20260215143000_12.2_54.2_73.0_135.0.png'
5441,Z_RADA_C_BABJ_P_ACHN_CREF000_20260215143600_12.2_54.2_73.0_135.0.png,[Errno 2] No such file or directory: 'D:\\BaiduNetdiskDownload\\气象大模型数据（中南）-20260224\\气象雷达拼图（UTC）\\Z_RADA_C_BABJ_P_ACHN_CREF000_20260215143600_12.2_54.2_73.0_135.0.png'
5442,Z_RADA_C_BABJ_P_ACHN_CREF000_20260215144200_12.2_54.2_73.0_135.0.png,[Errno 2] No such file or directory: 'D:\\BaiduNetdiskDownload\\气象大模型数据（中南）-20260224\\气象雷达拼图（UTC）\\Z_RADA_C_BABJ_P_ACHN_CREF000_20260215144200_12.2_54.2_73.0_135.0.png'
5443,Z_RADA_C_BABJ_P_ACHN_CREF000_20260215144800_12.2_54.2_73.0_135.0.png,[Errno 2] No such file or directory: 'D:\\BaiduNetdiskDownload\\气象大模型数据（中南）-20260224\\气象雷达拼图（UTC）\\Z_RADA_C_BABJ_P_ACHN_CREF000_20260215144800_12.2_54.2_73.0_135.0.png'
5444,Z_RADA_C_BABJ_P_ACHN_CREF000_20260215145400_12.2_54.2_73.0_135.0.png,[Errno 2] No such file or directory: 'D:\\BaiduNetdiskDownload\\气象大模型数据（中南）-20260224\\气象雷达拼图（UTC）\\Z_RADA_C_BABJ_P_ACHN_CREF000_20260215145400_12.2_54.2_73.0_135.0.png'
5445,Z_RADA_C_BABJ_P_ACHN_CREF000_20260215150000_12.2_54.2_73.0_135.0.png,[Errno 2] No such file or directory: 'D:\\BaiduNetdiskDownload\\气象大模型数据（中南）-20260224\\气象雷达拼图（UTC）\\Z_RADA_C_BABJ_P_ACHN_CREF000_20260215150000_12.2_54.2_73.0_135.0.png'
5446,Z_RADA_C_BABJ_P_ACHN_CREF000_20260215150600_12.2_54.2_73.0_135.0.png,[Errno 2] No such file or directory: 'D:\\BaiduNetdiskDownload\\气象大模型数据（中南）-20260224\\气象雷达拼图（UTC）\\Z_RADA_C_BABJ_P_ACHN_CREF000_20260215150600_12.2_54.2_73.0_135.0.png'
5447,Z_RADA_C_BABJ_P_ACHN_CREF000_20260215151200_12.2_54.2_73.0_135.0.png,[Errno 2] No such file or directory: 'D:\\BaiduNetdiskDownload\\气象大模型数据（中南）-20260224\\气象雷达拼图（UTC）\\Z_RADA_C_BABJ_P_ACHN_CREF000_20260215151200_12.2_54.2_73.0_135.0.png'
5448,Z_RADA_C_BABJ_P_ACHN_CREF000_20260215151800_12.2_54.2_73.0_135.0.png,[Errno 2] No such file or directory: 'D:\\BaiduNetdiskDownload\\气象大模型数据（中南）-20260224\\气象雷达拼图（UTC）\\Z_RADA_C_BABJ_P_ACHN_CREF000_20260215151800_12.2_54.2_73.0_135.0.png'
5449,Z_RADA_C_BABJ_P_ACHN_CREF000_20260215152400_12.2_54.2_73.0_135.0.png,[Errno 2] No such file or directory: 'D:\\BaiduNetdiskDownload\\气象大模型数据（中南）-20260224\\气象雷达拼图（UTC）\\Z_RADA_C_BABJ_P_ACHN_CREF000_20260215152400_12.2_54.2_73.0_135.0.png'
5450,Z_RADA_C_BABJ_P_ACHN_CREF000_20260215153000_12.2_54.2_73.0_135.0.png,[Errno 2] No such file or directory: 'D:\\BaiduNetdiskDownload\\气象大模型数据（中南）-20260224\\气象雷达拼图（UTC）\\Z_RADA_C_BABJ_P_ACHN_CREF000_20260215153000_12.2_54.2_73.0_135.0.png'
5451,Z_RADA_C_BABJ_P_ACHN_CREF000_20260215153600_12.2_54.2_73.0_135.0.png,[Errno 2] No such file or directory: 'D:\\BaiduNetdiskDownload\\气象大模型数据（中南）-20260224\\气象雷达拼图（UTC）\\Z_RADA_C_BABJ_P_ACHN_CREF000_20260215153600_12.2_54.2_73.0_135.0.png'
5452,Z_RADA_C_BABJ_P_ACHN_CREF000_20260215154200_12.2_54.2_73.0_135.0.png,[Errno 2] No such file or directory: 'D:\\BaiduNetdiskDownload\\气象大模型数据（中南）-20260224\\气象雷达拼图（UTC）\\Z_RADA_C_BABJ_P_ACHN_CREF000_20260215154200_12.2_54.2_73.0_135.0.png'
5453,Z_RADA_C_BABJ_P_ACHN_CREF000_20260215154800_12.2_54.2_73.0_135.0.png,[Errno 2] No such file or directory: 'D:\\BaiduNetdiskDownload\\气象大模型数据（中南）-20260224\\气象雷达拼图（UTC）\\Z_RADA_C_BABJ_P_ACHN_CREF000_20260215154800_12.2_54.2_73.0_135.0.png'
5454,Z_RADA_C_BABJ_P_ACHN_CREF000_20260215155400_12.2_54.2_73.0_135.0.png,[Errno 2] No such file or directory: 'D:\\BaiduNetdiskDownload\\气象大模型数据（中南）-20260224\\气象雷达拼图（UTC）\\Z_RADA_C_BABJ_P_ACHN_CREF000_20260215155400_12.2_54.2_73.0_135.0.png'
5455,Z_RADA_C_BABJ_P_ACHN_CREF000_20260215160000_12.2_54.2_73.0_135.0.png,[Errno 2] No such file or directory: 'D:\\BaiduNetdiskDownload\\气象大模型数据（中南）-20260224\\气象雷达拼图（UTC）\\Z_RADA_C_BABJ_P_ACHN_CREF000_20260215160000_12.2_54.2_73.0_135.0.png'
5456,Z_RADA_C_BABJ_P_ACHN_CREF000_20260215160600_12.2_54.2_73.0_135.0.png,[Errno 2] No such file or directory: 'D:\\BaiduNetdiskDownload\\气象大模型数据（中南）-20260224\\气象雷达拼图（UTC）\\Z_RADA_C_BABJ_P_ACHN_CREF000_20260215160600_12.2_54.2_73.0_135.0.png'
5457,Z_RADA_C_BABJ_P_ACHN_CREF000_20260215161200_12.2_54.2_73.0_135.0.png,[Errno 2] No such file or directory: 'D:\\BaiduNetdiskDownload\\气象大模型数据（中南）-20260224\\气象雷达拼图（UTC）\\Z_RADA_C_BABJ_P_ACHN_CREF000_20260215161200_12.2_54.2_73.0_135.0.png'
5458,Z_RADA_C_BABJ_P_ACHN_CREF000_20260215161800_12.2_54.2_73.0_135.0.png,[Errno 2] No such file or directory: 'D:\\BaiduNetdiskDownload\\气象大模型数据（中南）-20260224\\气象雷达拼图（UTC）\\Z_RADA_C_BABJ_P_ACHN_CREF000_20260215161800_12.2_54.2_73.0_135.0.png'
5459,Z_RADA_C_BABJ_P_ACHN_CREF000_20260215162400_12.2_54.2_73.0_135.0.png,[Errno 2] No such file or directory: 'D:\\BaiduNetdiskDownload\\气象大模型数据（中南）-20260224\\气象雷达拼图（UTC）\\Z_RADA_C_BABJ_P_ACHN_CREF000_20260215162400_12.2_54.2_73.0_135.0.png'
5460,Z_RADA_C_BABJ_P_ACHN_CREF000_20260215163000_12.2_54.2_73.0_135.0.png,[Errno 2] No such file or directory: 'D:\\BaiduNetdiskDownload\\气象大模型数据（中南）-20260224\\气象雷达拼图（UTC）\\Z_RADA_C_BABJ_P_ACHN_CREF000_20260215163000_12.2_54.2_73.0_135.0.png'
5461,Z_RADA_C_BABJ_P_ACHN_CREF000_20260215163600_12.2_54.2_73.0_135.0.png,[Errno 2] No such file or directory: 'D:\\BaiduNetdiskDownload\\气象大模型数据（中南）-20260224\\气象雷达拼图（UTC）\\Z_RADA_C_BABJ_P_ACHN_CREF000_20260215163600_12.2_54.2_73.0_135.0.png'
5462,Z_RADA_C_BABJ_P_ACHN_CREF000_20260215164200_12.2_54.2_73.0_135.0.png,[Errno 2] No such file or directory: 'D:\\BaiduNetdiskDownload\\气象大模型数据（中南）-20260224\\气象雷达拼图（UTC）\\Z_RADA_C_BABJ_P_ACHN_CREF000_20260215164200_12.2_54.2_73.0_135.0.png'
5463,Z_RADA_C_BABJ_P_ACHN_CREF000_20260215164800_12.2_54.2_73.0_135.0.png,[Errno 2] No such file or directory: 'D:\\BaiduNetdiskDownload\\气象大模型数据（中南）-20260224\\气象雷达拼图（UTC）\\Z_RADA_C_BABJ_P_ACHN_CREF000_20260215164800_12.2_54.2_73.0_135.0.png'
5464,Z_RADA_C_BABJ_P_ACHN_CREF000_20260215165400_12.2_54.2_73.0_135.0.png,[Errno 2] No such file or directory: 'D:\\BaiduNetdiskDownload\\气象大模型数据（中南）-20260224\\气象雷达拼图（UTC）\\Z_RADA_C_BABJ_P_ACHN_CREF000_20260215165400_12.2_54.2_73.0_135.0.png'
5465,Z_RADA_C_BABJ_P_ACHN_CREF000_20260215170000_12.2_54.2_73.0_135.0.png,[Errno 2] No such file or directory: 'D:\\BaiduNetdiskDownload\\气象大模型数据（中南）-20260224\\气象雷达拼图（UTC）\\Z_RADA_C_BABJ_P_ACHN_CREF000_20260215170000_12.2_54.2_73.0_135.0.png'
5466,Z_RADA_C_BABJ_P_ACHN_CREF000_20260215170600_12.2_54.2_73.0_135.0.png,[Errno 2] No such file or directory: 'D:\\BaiduNetdiskDownload\\气象大模型数据（中南）-20260224\\气象雷达拼图（UTC）\\Z_RADA_C_BABJ_P_ACHN_CREF000_20260215170600_12.2_54.2_73.0_135.0.png'
5467,Z_RADA_C_BABJ_P_ACHN_CREF000_20260215171200_12.2_54.2_73.0_135.0.png,[Errno 2] No such file or directory: 'D:\\BaiduNetdiskDownload\\气象大模型数据（中南）-20260224\\气象雷达拼图（UTC）\\Z_RADA_C_BABJ_P_ACHN_CREF000_20260215171200_12.2_54.2_73.0_135.0.png'
5468,Z_RADA_C_BABJ_P_ACHN_CREF000_20260215171800_12.2_54.2_73.0_135.0.png,[Errno 2] No such file or directory: 'D:\\BaiduNetdiskDownload\\气象大模型数据（中南）-20260224\\气象雷达拼图（UTC）\\Z_RADA_C_BABJ_P_ACHN_CREF000_20260215171800_12.2_54.2_73.0_135.0.png'
5469,Z_RADA_C_BABJ_P_ACHN_CREF000_20260215172400_12.2_54.2_73.0_135.0.png,[Errno 2] No such file or directory: 'D:\\BaiduNetdiskDownload\\气象大模型数据（中南）-20260224\\气象雷达拼图（UTC）\\Z_RADA_C_BABJ_P_ACHN_CREF000_20260215172400_12.2_54.2_73.0_135.0.png'
5470,Z_RADA_C_BABJ_P_ACHN_CREF000_20260215173000_12.2_54.2_73.0_135.0.png,[Errno 2] No such file or directory: 'D:\\BaiduNetdiskDownload\\气象大模型数据（中南）-20260224\\气象雷达拼图（UTC）\\Z_RADA_C_BABJ_P_ACHN_CREF000_20260215173000_12.2_54.2_73.0_135.0.png'
5471,Z_RADA_C_BABJ_P_ACHN_CREF000_20260215173600_12.2_54.2_73.0_135.0.png,[Errno 2] No such file or directory: 'D:\\BaiduNetdiskDownload\\气象大模型数据（中南）-20260224\\气象雷达拼图（UTC）\\Z_RADA_C_BABJ_P_ACHN_CREF000_20260215173600_12.2_54.2_73.0_135.0.png'
5472,Z_RADA_C_BABJ_P_ACHN_CREF000_20260215174200_12.2_54.2_73.0_135.0.png,[Errno 2] No such file or directory: 'D:\\BaiduNetdiskDownload\\气象大模型数据（中南）-20260224\\气象雷达拼图（UTC）\\Z_RADA_C_BABJ_P_ACHN_CREF000_20260215174200_12.2_54.2_73.0_135.0.png'
5473,Z_RADA_C_BABJ_P_ACHN_CREF000_20260215174800_12.2_54.2_73.0_135.0.png,[Errno 2] No such file or directory: 'D:\\BaiduNetdiskDownload\\气象大模型数据（中南）-20260224\\气象雷达拼图（UTC）\\Z_RADA_C_BABJ_P_ACHN_CREF000_20260215174800_12.2_54.2_73.0_135.0.png'
5474,Z_RADA_C_BABJ_P_ACHN_CREF000_20260215175400_12.2_54.2_73.0_135.0.png,[Errno 2] No such file or directory: 'D:\\BaiduNetdiskDownload\\气象大模型数据（中南）-20260224\\气象雷达拼图（UTC）\\Z_RADA_C_BABJ_P_ACHN_CREF000_20260215175400_12.2_54.2_73.0_135.0.png'
5475,Z_RADA_C_BABJ_P_ACHN_CREF000_20260215180000_12.2_54.2_73.0_135.0.png,[Errno 2] No such file or directory: 'D:\\BaiduNetdiskDownload\\气象大模型数据（中南）-20260224\\气象雷达拼图（UTC）\\Z_RADA_C_BABJ_P_ACHN_CREF000_20260215180000_12.2_54.2_73.0_135.0.png'
5476,Z_RADA_C_BABJ_P_ACHN_CREF000_20260215180600_12.2_54.2_73.0_135.0.png,[Errno 2] No such file or directory: 'D:\\BaiduNetdiskDownload\\气象大模型数据（中南）-20260224\\气象雷达拼图（UTC）\\Z_RADA_C_BABJ_P_ACHN_CREF000_20260215180600_12.2_54.2_73.0_135.0.png'
5477,Z_RADA_C_BABJ_P_ACHN_CREF000_20260215181200_12.2_54.2_73.0_135.0.png,[Errno 2] No such file or directory: 'D:\\BaiduNetdiskDownload\\气象大模型数据（中南）-20260224\\气象雷达拼图（UTC）\\Z_RADA_C_BABJ_P_ACHN_CREF000_20260215181200_12.2_54.2_73.0_135.0.png'
5478,Z_RADA_C_BABJ_P_ACHN_CREF000_20260215181800_12.2_54.2_73.0_135.0.png,[Errno 2] No such file or directory: 'D:\\BaiduNetdiskDownload\\气象大模型数据（中南）-20260224\\气象雷达拼图（UTC）\\Z_RADA_C_BABJ_P_ACHN_CREF000_20260215181800_12.2_54.2_73.0_135.0.png'
5479,Z_RADA_C_BABJ_P_ACHN_CREF000_20260215182400_12.2_54.2_73.0_135.0.png,[Errno 2] No such file or directory: 'D:\\BaiduNetdiskDownload\\气象大模型数据（中南）-20260224\\气象雷达拼图（UTC）\\Z_RADA_C_BABJ_P_ACHN_CREF000_20260215182400_12.2_54.2_73.0_135.0.png'
5480,Z_RADA_C_BABJ_P_ACHN_CREF000_20260215183000_12.2_54.2_73.0_135.0.png,[Errno 2] No such file or directory: 'D:\\BaiduNetdiskDownload\\气象大模型数据（中南）-20260224\\气象雷达拼图（UTC）\\Z_RADA_C_BABJ_P_ACHN_CREF000_20260215183000_12.2_54.2_73.0_135.0.png'
5481,Z_RADA_C_BABJ_P_ACHN_CREF000_20260215183600_12.2_54.2_73.0_135.0.png,[Errno 2] No such file or directory: 'D:\\BaiduNetdiskDownload\\气象大模型数据（中南）-20260224\\气象雷达拼图（UTC）\\Z_RADA_C_BABJ_P_ACHN_CREF000_20260215183600_12.2_54.2_73.0_135.0.png'
5482,Z_RADA_C_BABJ_P_ACHN_CREF000_20260215184200_12.2_54.2_73.0_135.0.png,[Errno 2] No such file or directory: 'D:\\BaiduNetdiskDownload\\气象大模型数据（中南）-20260224\\气象雷达拼图（UTC）\\Z_RADA_C_BABJ_P_ACHN_CREF000_20260215184200_12.2_54.2_73.0_135.0.png'
5483,Z_RADA_C_BABJ_P_ACHN_CREF000_20260215184800_12.2_54.2_73.0_135.0.png,[Errno 2] No such file or directory: 'D:\\BaiduNetdiskDownload\\气象大模型数据（中南）-20260224\\气象雷达拼图（UTC）\\Z_RADA_C_BABJ_P_ACHN_CREF000_20260215184800_12.2_54.2_73.0_135.0.png'
5484,Z_RADA_C_BABJ_P_ACHN_CREF000_20260215185400_12.2_54.2_73.0_135.0.png,[Errno 2] No such file or directory: 'D:\\BaiduNetdiskDownload\\气象大模型数据（中南）-20260224\\气象雷达拼图（UTC）\\Z_RADA_C_BABJ_P_ACHN_CREF000_20260215185400_12.2_54.2_73.0_135.0.png'
5485,Z_RADA_C_BABJ_P_ACHN_CREF000_20260215190000_12.2_54.2_73.0_135.0.png,[Errno 2] No such file or directory: 'D:\\BaiduNetdiskDownload\\气象大模型数据（中南）-20260224\\气象雷达拼图（UTC）\\Z_RADA_C_BABJ_P_ACHN_CREF000_20260215190000_12.2_54.2_73.0_135.0.png'
5486,Z_RADA_C_BABJ_P_ACHN_CREF000_20260215190600_12.2_54.2_73.0_135.0.png,[Errno 2] No such file or directory: 'D:\\BaiduNetdiskDownload\\气象大模型数据（中南）-20260224\\气象雷达拼图（UTC）\\Z_RADA_C_BABJ_P_ACHN_CREF000_20260215190600_12.2_54.2_73.0_135.0.png'
5487,Z_RADA_C_BABJ_P_ACHN_CREF000_20260215191200_12.2_54.2_73.0_135.0.png,[Errno 2] No such file or directory: 'D:\\BaiduNetdiskDownload\\气象大模型数据（中南）-20260224\\气象雷达拼图（UTC）\\Z_RADA_C_BABJ_P_ACHN_CREF000_20260215191200_12.2_54.2_73.0_135.0.png'
5488,Z_RADA_C_BABJ_P_ACHN_CREF000_20260215191800_12.2_54.2_73.0_135.0.png,[Errno 2] No such file or directory: 'D:\\BaiduNetdiskDownload\\气象大模型数据（中南）-20260224\\气象雷达拼图（UTC）\\Z_RADA_C_BABJ_P_ACHN_CREF000_20260215191800_12.2_54.2_73.0_135.0.png'
5489,Z_RADA_C_BABJ_P_ACHN_CREF000_20260215192400_12.2_54.2_73.0_135.0.png,[Errno 2] No such file or directory: 'D:\\BaiduNetdiskDownload\\气象大模型数据（中南）-20260224\\气象雷达拼图（UTC）\\Z_RADA_C_BABJ_P_ACHN_CREF000_20260215192400_12.2_54.2_73.0_135.0.png'
5490,Z_RADA_C_BABJ_P_ACHN_CREF000_20260215193000_12.2_54.2_73.0_135.0.png,[Errno 2] No such file or directory: 'D:\\BaiduNetdiskDownload\\气象大模型数据（中南）-20260224\\气象雷达拼图（UTC）\\Z_RADA_C_BABJ_P_ACHN_CREF000_20260215193000_12.2_54.2_73.0_135.0.png'
5491,Z_RADA_C_BABJ_P_ACHN_CREF000_20260215193600_12.2_54.2_73.0_135.0.png,[Errno 2] No such file or directory: 'D:\\BaiduNetdiskDownload\\气象大模型数据（中南）-20260224\\气象雷达拼图（UTC）\\Z_RADA_C_BABJ_P_ACHN_CREF000_20260215193600_12.2_54.2_73.0_135.0.png'
5492,Z_RADA_C_BABJ_P_ACHN_CREF000_20260215194200_12.2_54.2_73.0_135.0.png,[Errno 2] No such file or directory: 'D:\\BaiduNetdiskDownload\\气象大模型数据（中南）-20260224\\气象雷达拼图（UTC）\\Z_RADA_C_BABJ_P_ACHN_CREF000_20260215194200_12.2_54.2_73.0_135.0.png'
5493,Z_RADA_C_BABJ_P_ACHN_CREF000_20260215194800_12.2_54.2_73.0_135.0.png,[Errno 2] No such file or directory: 'D:\\BaiduNetdiskDownload\\气象大模型数据（中南）-20260224\\气象雷达拼图（UTC）\\Z_RADA_C_BABJ_P_ACHN_CREF000_20260215194800_12.2_54.2_73.0_135.0.png'
5494,Z_RADA_C_BABJ_P_ACHN_CREF000_20260215195400_12.2_54.2_73.0_135.0.png,[Errno 2] No such file or directory: 'D:\\BaiduNetdiskDownload\\气象大模型数据（中南）-20260224\\气象雷达拼图（UTC）\\Z_RADA_C_BABJ_P_ACHN_CREF000_20260215195400_12.2_54.2_73.0_135.0.png'
5495,Z_RADA_C_BABJ_P_ACHN_CREF000_20260215200000_12.2_54.2_73.0_135.0.png,[Errno 2] No such file or directory: 'D:\\BaiduNetdiskDownload\\气象大模型数据（中南）-20260224\\气象雷达拼图（UTC）\\Z_RADA_C_BABJ_P_ACHN_CREF000_20260215200000_12.2_54.2_73.0_135.0.png'
5496,Z_RADA_C_BABJ_P_ACHN_CREF000_20260215200600_12.2_54.2_73.0_135.0.png,[Errno 2] No such file or directory: 'D:\\BaiduNetdiskDownload\\气象大模型数据（中南）-20260224\\气象雷达拼图（UTC）\\Z_RADA_C_BABJ_P_ACHN_CREF000_20260215200600_12.2_54.2_73.0_135.0.png'
5497,Z_RADA_C_BABJ_P_ACHN_CREF000_20260215201200_12.2_54.2_73.0_135.0.png,[Errno 2] No such file or directory: 'D:\\BaiduNetdiskDownload\\气象大模型数据（中南）-20260224\\气象雷达拼图（UTC）\\Z_RADA_C_BABJ_P_ACHN_CREF000_20260215201200_12.2_54.2_73.0_135.0.png'
5498,Z_RADA_C_BABJ_P_ACHN_CREF000_20260215201800_12.2_54.2_73.0_135.0.png,[Errno 2] No such file or directory: 'D:\\BaiduNetdiskDownload\\气象大模型数据（中南）-20260224\\气象雷达拼图（UTC）\\Z_RADA_C_BABJ_P_ACHN_CREF000_20260215201800_12.2_54.2_73.0_135.0.png'
5499,Z_RADA_C_BABJ_P_ACHN_CREF000_20260215202400_12.2_54.2_73.0_135.0.png,[Errno 2] No such file or directory: 'D:\\BaiduNetdiskDownload\\气象大模型数据（中南）-20260224\\气象雷达拼图（UTC）\\Z_RADA_C_BABJ_P_ACHN_CREF000_20260215202400_12.2_54.2_73.0_135.0.png'
5500,Z_RADA_C_BABJ_P_ACHN_CREF000_20260215203000_12.2_54.2_73.0_135.0.png,[Errno 2] No such file or directory: 'D:\\BaiduNetdiskDownload\\气象大模型数据（中南）-20260224\\气象雷达拼图（UTC）\\Z_RADA_C_BABJ_P_ACHN_CREF000_20260215203000_12.2_54.2_73.0_135.0.png'
5501,Z_RADA_C_BABJ_P_ACHN_CREF000_20260215203600_12.2_54.2_73.0_135.0.png,[Errno 2] No such file or directory: 'D:\\BaiduNetdiskDownload\\气象大模型数据（中南）-20260224\\气象雷达拼图（UTC）\\Z_RADA_C_BABJ_P_ACHN_CREF000_20260215203600_12.2_54.2_73.0_135.0.png'
5502,Z_RADA_C_BABJ_P_ACHN_CREF000_20260215204200_12.2_54.2_73.0_135.0.png,[Errno 2] No such file or directory: 'D:\\BaiduNetdiskDownload\\气象大模型数据（中南）-20260224\\气象雷达拼图（UTC）\\Z_RADA_C_BABJ_P_ACHN_CREF000_20260215204200_12.2_54.2_73.0_135.0.png'
5503,Z_RADA_C_BABJ_P_ACHN_CREF000_20260215204800_12.2_54.2_73.0_135.0.png,[Errno 2] No such file or directory: 'D:\\BaiduNetdiskDownload\\气象大模型数据（中南）-20260224\\气象雷达拼图（UTC）\\Z_RADA_C_BABJ_P_ACHN_CREF000_20260215204800_12.2_54.2_73.0_135.0.png'
5504,Z_RADA_C_BABJ_P_ACHN_CREF000_20260215205400_12.2_54.2_73.0_135.0.png,[Errno 2] No such file or directory: 'D:\\BaiduNetdiskDownload\\气象大模型数据（中南）-20260224\\气象雷达拼图（UTC）\\Z_RADA_C_BABJ_P_ACHN_CREF000_20260215205400_12.2_54.2_73.0_135.0.png'
5505,Z_RADA_C_BABJ_P_ACHN_CREF000_20260215210000_12.2_54.2_73.0_135.0.png,[Errno 2] No such file or directory: 'D:\\BaiduNetdiskDownload\\气象大模型数据（中南）-20260224\\气象雷达拼图（UTC）\\Z_RADA_C_BABJ_P_ACHN_CREF000_20260215210000_12.2_54.2_73.0_135.0.png'
5506,Z_RADA_C_BABJ_P_ACHN_CREF000_20260215210600_12.2_54.2_73.0_135.0.png,[Errno 2] No such file or directory: 'D:\\BaiduNetdiskDownload\\气象大模型数据（中南）-20260224\\气象雷达拼图（UTC）\\Z_RADA_C_BABJ_P_ACHN_CREF000_20260215210600_12.2_54.2_73.0_135.0.png'
5507,Z_RADA_C_BABJ_P_ACHN_CREF000_20260215211200_12.2_54.2_73.0_135.0.png,[Errno 2] No such file or directory: 'D:\\BaiduNetdiskDownload\\气象大模型数据（中南）-20260224\\气象雷达拼图（UTC）\\Z_RADA_C_BABJ_P_ACHN_CREF000_20260215211200_12.2_54.2_73.0_135.0.png'
5508,Z_RADA_C_BABJ_P_ACHN_CREF000_20260215211800_12.2_54.2_73.0_135.0.png,[Errno 2] No such file or directory: 'D:\\BaiduNetdiskDownload\\气象大模型数据（中南）-20260224\\气象雷达拼图（UTC）\\Z_RADA_C_BABJ_P_ACHN_CREF000_20260215211800_12.2_54.2_73.0_135.0.png'
5509,Z_RADA_C_BABJ_P_ACHN_CREF000_20260215212400_12.2_54.2_73.0_135.0.png,[Errno 2] No such file or directory: 'D:\\BaiduNetdiskDownload\\气象大模型数据（中南）-20260224\\气象雷达拼图（UTC）\\Z_RADA_C_BABJ_P_ACHN_CREF000_20260215212400_12.2_54.2_73.0_135.0.png'
5510,Z_RADA_C_BABJ_P_ACHN_CREF000_20260215213000_12.2_54.2_73.0_135.0.png,[Errno 2] No such file or directory: 'D:\\BaiduNetdiskDownload\\气象大模型数据（中南）-20260224\\气象雷达拼图（UTC）\\Z_RADA_C_BABJ_P_ACHN_CREF000_20260215213000_12.2_54.2_73.0_135.0.png'
5511,Z_RADA_C_BABJ_P_ACHN_CREF000_20260215213600_12.2_54.2_73.0_135.0.png,[Errno 2] No such file or directory: 'D:\\BaiduNetdiskDownload\\气象大模型数据（中南）-20260224\\气象雷达拼图（UTC）\\Z_RADA_C_BABJ_P_ACHN_CREF000_20260215213600_12.2_54.2_73.0_135.0.png'
5512,Z_RADA_C_BABJ_P_ACHN_CREF000_20260215214200_12.2_54.2_73.0_135.0.png,[Errno 2] No such file or directory: 'D:\\BaiduNetdiskDownload\\气象大模型数据（中南）-20260224\\气象雷达拼图（UTC）\\Z_RADA_C_BABJ_P_ACHN_CREF000_20260215214200_12.2_54.2_73.0_135.0.png'
5513,Z_RADA_C_BABJ_P_ACHN_CREF000_20260215214800_12.2_54.2_73.0_135.0.png,[Errno 2] No such file or directory: 'D:\\BaiduNetdiskDownload\\气象大模型数据（中南）-20260224\\气象雷达拼图（UTC）\\Z_RADA_C_BABJ_P_ACHN_CREF000_20260215214800_12.2_54.2_73.0_135.0.png'
5514,Z_RADA_C_BABJ_P_ACHN_CREF000_20260215215400_12.2_54.2_73.0_135.0.png,[Errno 2] No such file or directory: 'D:\\BaiduNetdiskDownload\\气象大模型数据（中南）-20260224\\气象雷达拼图（UTC）\\Z_RADA_C_BABJ_P_ACHN_CREF000_20260215215400_12.2_54.2_73.0_135.0.png'
5515,Z_RADA_C_BABJ_P_ACHN_CREF000_20260215220000_12.2_54.2_73.0_135.0.png,[Errno 2] No such file or directory: 'D:\\BaiduNetdiskDownload\\气象大模型数据（中南）-20260224\\气象雷达拼图（UTC）\\Z_RADA_C_BABJ_P_ACHN_CREF000_20260215220000_12.2_54.2_73.0_135.0.png'
5516,Z_RADA_C_BABJ_P_ACHN_CREF000_20260215220600_12.2_54.2_73.0_135.0.png,[Errno 2] No such file or directory: 'D:\\BaiduNetdiskDownload\\气象大模型数据（中南）-20260224\\气象雷达拼图（UTC）\\Z_RADA_C_BABJ_P_ACHN_CREF000_20260215220600_12.2_54.2_73.0_135.0.png'
5517,Z_RADA_C_BABJ_P_ACHN_CREF000_20260215221200_12.2_54.2_73.0_135.0.png,[Errno 2] No such file or directory: 'D:\\BaiduNetdiskDownload\\气象大模型数据（中南）-20260224\\气象雷达拼图（UTC）\\Z_RADA_C_BABJ_P_ACHN_CREF000_20260215221200_12.2_54.2_73.0_135.0.png'
5518,Z_RADA_C_BABJ_P_ACHN_CREF000_20260215221800_12.2_54.2_73.0_135.0.png,[Errno 2] No such file or directory: 'D:\\BaiduNetdiskDownload\\气象大模型数据（中南）-20260224\\气象雷达拼图（UTC）\\Z_RADA_C_BABJ_P_ACHN_CREF000_20260215221800_12.2_54.2_73.0_135.0.png'
5519,Z_RADA_C_BABJ_P_ACHN_CREF000_20260215222400_12.2_54.2_73.0_135.0.png,[Errno 2] No such file or directory: 'D:\\BaiduNetdiskDownload\\气象大模型数据（中南）-20260224\\气象雷达拼图（UTC）\\Z_RADA_C_BABJ_P_ACHN_CREF000_20260215222400_12.2_54.2_73.0_135.0.png'
5520,Z_RADA_C_BABJ_P_ACHN_CREF000_20260215223000_12.2_54.2_73.0_135.0.png,[Errno 2] No such file or directory: 'D:\\BaiduNetdiskDownload\\气象大模型数据（中南）-20260224\\气象雷达拼图（UTC）\\Z_RADA_C_BABJ_P_ACHN_CREF000_20260215223000_12.2_54.2_73.0_135.0.png'
5521,Z_RADA_C_BABJ_P_ACHN_CREF000_20260215223600_12.2_54.2_73.0_135.0.png,[Errno 2] No such file or directory: 'D:\\BaiduNetdiskDownload\\气象大模型数据（中南）-20260224\\气象雷达拼图（UTC）\\Z_RADA_C_BABJ_P_ACHN_CREF000_20260215223600_12.2_54.2_73.0_135.0.png'
5522,Z_RADA_C_BABJ_P_ACHN_CREF000_20260215224200_12.2_54.2_73.0_135.0.png,[Errno 2] No such file or directory: 'D:\\BaiduNetdiskDownload\\气象大模型数据（中南）-20260224\\气象雷达拼图（UTC）\\Z_RADA_C_BABJ_P_ACHN_CREF000_20260215224200_12.2_54.2_73.0_135.0.png'
5523,Z_RADA_C_BABJ_P_ACHN_CREF000_20260215224800_12.2_54.2_73.0_135.0.png,[Errno 2] No such file or directory: 'D:\\BaiduNetdiskDownload\\气象大模型数据（中南）-20260224\\气象雷达拼图（UTC）\\Z_RADA_C_BABJ_P_ACHN_CREF000_20260215224800_12.2_54.2_73.0_135.0.png'
5524,Z_RADA_C_BABJ_P_ACHN_CREF000_20260215225400_12.2_54.2_73.0_135.0.png,[Errno 2] No such file or directory: 'D:\\BaiduNetdiskDownload\\气象大模型数据（中南）-20260224\\气象雷达拼图（UTC）\\Z_RADA_C_BABJ_P_ACHN_CREF000_20260215225400_12.2_54.2_73.0_135.0.png'
5525,Z_RADA_C_BABJ_P_ACHN_CREF000_20260215230000_12.2_54.2_73.0_135.0.png,[Errno 2] No such file or directory: 'D:\\BaiduNetdiskDownload\\气象大模型数据（中南）-20260224\\气象雷达拼图（UTC）\\Z_RADA_C_BABJ_P_ACHN_CREF000_20260215230000_12.2_54.2_73.0_135.0.png'
5526,Z_RADA_C_BABJ_P_ACHN_CREF000_20260215230600_12.2_54.2_73.0_135.0.png,[Errno 2] No such file or directory: 'D:\\BaiduNetdiskDownload\\气象大模型数据（中南）-20260224\\气象雷达拼图（UTC）\\Z_RADA_C_BABJ_P_ACHN_CREF000_20260215230600_12.2_54.2_73.0_135.0.png'
5527,Z_RADA_C_BABJ_P_ACHN_CREF000_20260215231200_12.2_54.2_73.0_135.0.png,[Errno 2] No such file or directory: 'D:\\BaiduNetdiskDownload\\气象大模型数据（中南）-20260224\\气象雷达拼图（UTC）\\Z_RADA_C_BABJ_P_ACHN_CREF000_20260215231200_12.2_54.2_73.0_135.0.png'
5528,Z_RADA_C_BABJ_P_ACHN_CREF000_20260215231800_12.2_54.2_73.0_135.0.png,[Errno 2] No such file or directory: 'D:\\BaiduNetdiskDownload\\气象大模型数据（中南）-20260224\\气象雷达拼图（UTC）\\Z_RADA_C_BABJ_P_ACHN_CREF000_20260215231800_12.2_54.2_73.0_135.0.png'
5529,Z_RADA_C_BABJ_P_ACHN_CREF000_20260215232400_12.2_54.2_73.0_135.0.png,[Errno 2] No such file or directory: 'D:\\BaiduNetdiskDownload\\气象大模型数据（中南）-20260224\\气象雷达拼图（UTC）\\Z_RADA_C_BABJ_P_ACHN_CREF000_20260215232400_12.2_54.2_73.0_135.0.png'
5530,Z_RADA_C_BABJ_P_ACHN_CREF000_20260215233000_12.2_54.2_73.0_135.0.png,[Errno 2] No such file or directory: 'D:\\BaiduNetdiskDownload\\气象大模型数据（中南）-20260224\\气象雷达拼图（UTC）\\Z_RADA_C_BABJ_P_ACHN_CREF000_20260215233000_12.2_54.2_73.0_135.0.png'
5531,Z_RADA_C_BABJ_P_ACHN_CREF000_20260215233600_12.2_54.2_73.0_135.0.png,[Errno 2] No such file or directory: 'D:\\BaiduNetdiskDownload\\气象大模型数据（中南）-20260224\\气象雷达拼图（UTC）\\Z_RADA_C_BABJ_P_ACHN_CREF000_20260215233600_12.2_54.2_73.0_135.0.png'
5532,Z_RADA_C_BABJ_P_ACHN_CREF000_20260215234200_12.2_54.2_73.0_135.0.png,[Errno 2] No such file or directory: 'D:\\BaiduNetdiskDownload\\气象大模型数据（中南）-20260224\\气象雷达拼图（UTC）\\Z_RADA_C_BABJ_P_ACHN_CREF000_20260215234200_12.2_54.2_73.0_135.0.png'
5533,Z_RADA_C_BABJ_P_ACHN_CREF000_20260215234800_12.2_54.2_73.0_135.0.png,[Errno 2] No such file or directory: 'D:\\BaiduNetdiskDownload\\气象大模型数据（中南）-20260224\\气象雷达拼图（UTC）\\Z_RADA_C_BABJ_P_ACHN_CREF000_20260215234800_12.2_54.2_73.0_135.0.png'
5534,Z_RADA_C_BABJ_P_ACHN_CREF000_20260215235400_12.2_54.2_73.0_135.0.png,[Errno 2] No such file or directory: 'D:\\BaiduNetdiskDownload\\气象大模型数据（中南）-20260224\\气象雷达拼图（UTC）\\Z_RADA_C_BABJ_P_ACHN_CREF000_20260215235400_12.2_54.2_73.0_135.0.png'
5535,Z_RADA_C_BABJ_P_ACHN_CREF000_20260216000000_12.2_54.2_73.0_135.0.png,[Errno 2] No such file or directory: 'D:\\BaiduNetdiskDownload\\气象大模型数据（中南）-20260224\\气象雷达拼图（UTC）\\Z_RADA_C_BABJ_P_ACHN_CREF000_20260216000000_12.2_54.2_73.0_135.0.png'
5536,Z_RADA_C_BABJ_P_ACHN_CREF000_20260216000600_12.2_54.2_73.0_135.0.png,[Errno 2] No such file or directory: 'D:\\BaiduNetdiskDownload\\气象大模型数据（中南）-20260224\\气象雷达拼图（UTC）\\Z_RADA_C_BABJ_P_ACHN_CREF000_20260216000600_12.2_54.2_73.0_135.0.png'
5537,Z_RADA_C_BABJ_P_ACHN_CREF000_20260216001200_12.2_54.2_73.0_135.0.png,[Errno 2] No such file or directory: 'D:\\BaiduNetdiskDownload\\气象大模型数据（中南）-20260224\\气象雷达拼图（UTC）\\Z_RADA_C_BABJ_P_ACHN_CREF000_20260216001200_12.2_54.2_73.0_135.0.png'
5538,Z_RADA_C_BABJ_P_ACHN_CREF000_20260216001800_12.2_54.2_73.0_135.0.png,[Errno 2] No such file or directory: 'D:\\BaiduNetdiskDownload\\气象大模型数据（中南）-20260224\\气象雷达拼图（UTC）\\Z_RADA_C_BABJ_P_ACHN_CREF000_20260216001800_12.2_54.2_73.0_135.0.png'
5539,Z_RADA_C_BABJ_P_ACHN_CREF000_20260216002400_12.2_54.2_73.0_135.0.png,[Errno 2] No such file or directory: 'D:\\BaiduNetdiskDownload\\气象大模型数据（中南）-20260224\\气象雷达拼图（UTC）\\Z_RADA_C_BABJ_P_ACHN_CREF000_20260216002400_12.2_54.2_73.0_135.0.png'
5540,Z_RADA_C_BABJ_P_ACHN_CREF000_20260216003000_12.2_54.2_73.0_135.0.png,[Errno 2] No such file or directory: 'D:\\BaiduNetdiskDownload\\气象大模型数据（中南）-20260224\\气象雷达拼图（UTC）\\Z_RADA_C_BABJ_P_ACHN_CREF000_20260216003000_12.2_54.2_73.0_135.0.png'
5541,Z_RADA_C_BABJ_P_ACHN_CREF000_20260216003600_12.2_54.2_73.0_135.0.png,[Errno 2] No such file or directory: 'D:\\BaiduNetdiskDownload\\气象大模型数据（中南）-20260224\\气象雷达拼图（UTC）\\Z_RADA_C_BABJ_P_ACHN_CREF000_20260216003600_12.2_54.2_73.0_135.0.png'
5542,Z_RADA_C_BABJ_P_ACHN_CREF000_20260216004200_12.2_54.2_73.0_135.0.png,[Errno 2] No such file or directory: 'D:\\BaiduNetdiskDownload\\气象大模型数据（中南）-20260224\\气象雷达拼图（UTC）\\Z_RADA_C_BABJ_P_ACHN_CREF000_20260216004200_12.2_54.2_73.0_135.0.png'
5543,Z_RADA_C_BABJ_P_ACHN_CREF000_20260216004800_12.2_54.2_73.0_135.0.png,[Errno 2] No such file or directory: 'D:\\BaiduNetdiskDownload\\气象大模型数据（中南）-20260224\\气象雷达拼图（UTC）\\Z_RADA_C_BABJ_P_ACHN_CREF000_20260216004800_12.2_54.2_73.0_135.0.png'
5544,Z_RADA_C_BABJ_P_ACHN_CREF000_20260216005400_12.2_54.2_73.0_135.0.png,[Errno 2] No such file or directory: 'D:\\BaiduNetdiskDownload\\气象大模型数据（中南）-20260224\\气象雷达拼图（UTC）\\Z_RADA_C_BABJ_P_ACHN_CREF000_20260216005400_12.2_54.2_73.0_135.0.png'
5545,Z_RADA_C_BABJ_P_ACHN_CREF000_20260216010000_12.2_54.2_73.0_135.0.png,[Errno 2] No such file or directory: 'D:\\BaiduNetdiskDownload\\气象大模型数据（中南）-20260224\\气象雷达拼图（UTC）\\Z_RADA_C_BABJ_P_ACHN_CREF000_20260216010000_12.2_54.2_73.0_135.0.png'
5546,Z_RADA_C_BABJ_P_ACHN_CREF000_20260216010600_12.2_54.2_73.0_135.0.png,[Errno 2] No such file or directory: 'D:\\BaiduNetdiskDownload\\气象大模型数据（中南）-20260224\\气象雷达拼图（UTC）\\Z_RADA_C_BABJ_P_ACHN_CREF000_20260216010600_12.2_54.2_73.0_135.0.png'
5547,Z_RADA_C_BABJ_P_ACHN_CREF000_20260216011200_12.2_54.2_73.0_135.0.png,[Errno 2] No such file or directory: 'D:\\BaiduNetdiskDownload\\气象大模型数据（中南）-20260224\\气象雷达拼图（UTC）\\Z_RADA_C_BABJ_P_ACHN_CREF000_20260216011200_12.2_54.2_73.0_135.0.png'
5548,Z_RADA_C_BABJ_P_ACHN_CREF000_20260216011800_12.2_54.2_73.0_135.0.png,[Errno 2] No such file or directory: 'D:\\BaiduNetdiskDownload\\气象大模型数据（中南）-20260224\\气象雷达拼图（UTC）\\Z_RADA_C_BABJ_P_ACHN_CREF000_20260216011800_12.2_54.2_73.0_135.0.png'
5549,Z_RADA_C_BABJ_P_ACHN_CREF000_20260216012400_12.2_54.2_73.0_135.0.png,[Errno 2] No such file or directory: 'D:\\BaiduNetdiskDownload\\气象大模型数据（中南）-20260224\\气象雷达拼图（UTC）\\Z_RADA_C_BABJ_P_ACHN_CREF000_20260216012400_12.2_54.2_73.0_135.0.png'
5550,Z_RADA_C_BABJ_P_ACHN_CREF000_20260216013000_12.2_54.2_73.0_135.0.png,[Errno 2] No such file or directory: 'D:\\BaiduNetdiskDownload\\气象大模型数据（中南）-20260224\\气象雷达拼图（UTC）\\Z_RADA_C_BABJ_P_ACHN_CREF000_20260216013000_12.2_54.2_73.0_135.0.png'
5551,Z_RADA_C_BABJ_P_ACHN_CREF000_20260216013600_12.2_54.2_73.0_135.0.png,[Errno 2] No such file or directory: 'D:\\BaiduNetdiskDownload\\气象大模型数据（中南）-20260224\\气象雷达拼图（UTC）\\Z_RADA_C_BABJ_P_ACHN_CREF000_20260216013600_12.2_54.2_73.0_135.0.png'
5552,Z_RADA_C_BABJ_P_ACHN_CREF000_20260216014200_12.2_54.2_73.0_135.0.png,[Errno 2] No such file or directory: 'D:\\BaiduNetdiskDownload\\气象大模型数据（中南）-20260224\\气象雷达拼图（UTC）\\Z_RADA_C_BABJ_P_ACHN_CREF000_20260216014200_12.2_54.2_73.0_135.0.png'
5553,Z_RADA_C_BABJ_P_ACHN_CREF000_20260216014800_12.2_54.2_73.0_135.0.png,[Errno 2] No such file or directory: 'D:\\BaiduNetdiskDownload\\气象大模型数据（中南）-20260224\\气象雷达拼图（UTC）\\Z_RADA_C_BABJ_P_ACHN_CREF000_20260216014800_12.2_54.2_73.0_135.0.png'
5554,Z_RADA_C_BABJ_P_ACHN_CREF000_20260216015400_12.2_54.2_73.0_135.0.png,[Errno 2] No such file or directory: 'D:\\BaiduNetdiskDownload\\气象大模型数据（中南）-20260224\\气象雷达拼图（UTC）\\Z_RADA_C_BABJ_P_ACHN_CREF000_20260216015400_12.2_54.2_73.0_135.0.png'
5555,Z_RADA_C_BABJ_P_ACHN_CREF000_20260216020000_12.2_54.2_73.0_135.0.png,[Errno 2] No such file or directory: 'D:\\BaiduNetdiskDownload\\气象大模型数据（中南）-20260224\\气象雷达拼图（UTC）\\Z_RADA_C_BABJ_P_ACHN_CREF000_20260216020000_12.2_54.2_73.0_135.0.png'
5556,Z_RADA_C_BABJ_P_ACHN_CREF000_20260216020600_12.2_54.2_73.0_135.0.png,[Errno 2] No such file or directory: 'D:\\BaiduNetdiskDownload\\气象大模型数据（中南）-20260224\\气象雷达拼图（UTC）\\Z_RADA_C_BABJ_P_ACHN_CREF000_20260216020600_12.2_54.2_73.0_135.0.png'
5557,Z_RADA_C_BABJ_P_ACHN_CREF000_20260216021200_12.2_54.2_73.0_135.0.png,[Errno 2] No such file or directory: 'D:\\BaiduNetdiskDownload\\气象大模型数据（中南）-20260224\\气象雷达拼图（UTC）\\Z_RADA_C_BABJ_P_ACHN_CREF000_20260216021200_12.2_54.2_73.0_135.0.png'
5558,Z_RADA_C_BABJ_P_ACHN_CREF000_20260216021800_12.2_54.2_73.0_135.0.png,[Errno 2] No such file or directory: 'D:\\BaiduNetdiskDownload\\气象大模型数据（中南）-20260224\\气象雷达拼图（UTC）\\Z_RADA_C_BABJ_P_ACHN_CREF000_20260216021800_12.2_54.2_73.0_135.0.png'
5559,Z_RADA_C_BABJ_P_ACHN_CREF000_20260216022400_12.2_54.2_73.0_135.0.png,[Errno 2] No such file or directory: 'D:\\BaiduNetdiskDownload\\气象大模型数据（中南）-20260224\\气象雷达拼图（UTC）\\Z_RADA_C_BABJ_P_ACHN_CREF000_20260216022400_12.2_54.2_73.0_135.0.png'
5560,Z_RADA_C_BABJ_P_ACHN_CREF000_20260216023000_12.2_54.2_73.0_135.0.png,[Errno 2] No such file or directory: 'D:\\BaiduNetdiskDownload\\气象大模型数据（中南）-20260224\\气象雷达拼图（UTC）\\Z_RADA_C_BABJ_P_ACHN_CREF000_20260216023000_12.2_54.2_73.0_135.0.png'
5561,Z_RADA_C_BABJ_P_ACHN_CREF000_20260216023600_12.2_54.2_73.0_135.0.png,[Errno 2] No such file or directory: 'D:\\BaiduNetdiskDownload\\气象大模型数据（中南）-20260224\\气象雷达拼图（UTC）\\Z_RADA_C_BABJ_P_ACHN_CREF000_20260216023600_12.2_54.2_73.0_135.0.png'
5562,Z_RADA_C_BABJ_P_ACHN_CREF000_20260216024200_12.2_54.2_73.0_135.0.png,[Errno 2] No such file or directory: 'D:\\BaiduNetdiskDownload\\气象大模型数据（中南）-20260224\\气象雷达拼图（UTC）\\Z_RADA_C_BABJ_P_ACHN_CREF000_20260216024200_12.2_54.2_73.0_135.0.png'
5563,Z_RADA_C_BABJ_P_ACHN_CREF000_20260216024800_12.2_54.2_73.0_135.0.png,[Errno 2] No such file or directory: 'D:\\BaiduNetdiskDownload\\气象大模型数据（中南）-20260224\\气象雷达拼图（UTC）\\Z_RADA_C_BABJ_P_ACHN_CREF000_20260216024800_12.2_54.2_73.0_135.0.png'
5564,Z_RADA_C_BABJ_P_ACHN_CREF000_20260216025400_12.2_54.2_73.0_135.0.png,[Errno 2] No such file or directory: 'D:\\BaiduNetdiskDownload\\气象大模型数据（中南）-20260224\\气象雷达拼图（UTC）\\Z_RADA_C_BABJ_P_ACHN_CREF000_20260216025400_12.2_54.2_73.0_135.0.png'
5565,Z_RADA_C_BABJ_P_ACHN_CREF000_20260216030000_12.2_54.2_73.0_135.0.png,[Errno 2] No such file or directory: 'D:\\BaiduNetdiskDownload\\气象大模型数据（中南）-20260224\\气象雷达拼图（UTC）\\Z_RADA_C_BABJ_P_ACHN_CREF000_20260216030000_12.2_54.2_73.0_135.0.png'
5566,Z_RADA_C_BABJ_P_ACHN_CREF000_20260216030600_12.2_54.2_73.0_135.0.png,[Errno 2] No such file or directory: 'D:\\BaiduNetdiskDownload\\气象大模型数据（中南）-20260224\\气象雷达拼图（UTC）\\Z_RADA_C_BABJ_P_ACHN_CREF000_20260216030600_12.2_54.2_73.0_135.0.png'
5567,Z_RADA_C_BABJ_P_ACHN_CREF000_20260216031200_12.2_54.2_73.0_135.0.png,[Errno 2] No such file or directory: 'D:\\BaiduNetdiskDownload\\气象大模型数据（中南）-20260224\\气象雷达拼图（UTC）\\Z_RADA_C_BABJ_P_ACHN_CREF000_20260216031200_12.2_54.2_73.0_135.0.png'
5568,Z_RADA_C_BABJ_P_ACHN_CREF000_20260216031800_12.2_54.2_73.0_135.0.png,[Errno 2] No such file or directory: 'D:\\BaiduNetdiskDownload\\气象大模型数据（中南）-20260224\\气象雷达拼图（UTC）\\Z_RADA_C_BABJ_P_ACHN_CREF000_20260216031800_12.2_54.2_73.0_135.0.png'
5569,Z_RADA_C_BABJ_P_ACHN_CREF000_20260216032400_12.2_54.2_73.0_135.0.png,[Errno 2] No such file or directory: 'D:\\BaiduNetdiskDownload\\气象大模型数据（中南）-20260224\\气象雷达拼图（UTC）\\Z_RADA_C_BABJ_P_ACHN_CREF000_20260216032400_12.2_54.2_73.0_135.0.png'
5570,Z_RADA_C_BABJ_P_ACHN_CREF000_20260216033000_12.2_54.2_73.0_135.0.png,[Errno 2] No such file or directory: 'D:\\BaiduNetdiskDownload\\气象大模型数据（中南）-20260224\\气象雷达拼图（UTC）\\Z_RADA_C_BABJ_P_ACHN_CREF000_20260216033000_12.2_54.2_73.0_135.0.png'
5571,Z_RADA_C_BABJ_P_ACHN_CREF000_20260216033600_12.2_54.2_73.0_135.0.png,[Errno 2] No such file or directory: 'D:\\BaiduNetdiskDownload\\气象大模型数据（中南）-20260224\\气象雷达拼图（UTC）\\Z_RADA_C_BABJ_P_ACHN_CREF000_20260216033600_12.2_54.2_73.0_135.0.png'
5572,Z_RADA_C_BABJ_P_ACHN_CREF000_20260216034200_12.2_54.2_73.0_135.0.png,[Errno 2] No such file or directory: 'D:\\BaiduNetdiskDownload\\气象大模型数据（中南）-20260224\\气象雷达拼图（UTC）\\Z_RADA_C_BABJ_P_ACHN_CREF000_20260216034200_12.2_54.2_73.0_135.0.png'
5573,Z_RADA_C_BABJ_P_ACHN_CREF000_20260216034800_12.2_54.2_73.0_135.0.png,[Errno 2] No such file or directory: 'D:\\BaiduNetdiskDownload\\气象大模型数据（中南）-20260224\\气象雷达拼图（UTC）\\Z_RADA_C_BABJ_P_ACHN_CREF000_20260216034800_12.2_54.2_73.0_135.0.png'
5574,Z_RADA_C_BABJ_P_ACHN_CREF000_20260216035400_12.2_54.2_73.0_135.0.png,[Errno 2] No such file or directory: 'D:\\BaiduNetdiskDownload\\气象大模型数据（中南）-20260224\\气象雷达拼图（UTC）\\Z_RADA_C_BABJ_P_ACHN_CREF000_20260216035400_12.2_54.2_73.0_135.0.png'
5575,Z_RADA_C_BABJ_P_ACHN_CREF000_20260216040000_12.2_54.2_73.0_135.0.png,[Errno 2] No such file or directory: 'D:\\BaiduNetdiskDownload\\气象大模型数据（中南）-20260224\\气象雷达拼图（UTC）\\Z_RADA_C_BABJ_P_ACHN_CREF000_20260216040000_12.2_54.2_73.0_135.0.png'
5576,Z_RADA_C_BABJ_P_ACHN_CREF000_20260216040600_12.2_54.2_73.0_135.0.png,[Errno 2] No such file or directory: 'D:\\BaiduNetdiskDownload\\气象大模型数据（中南）-20260224\\气象雷达拼图（UTC）\\Z_RADA_C_BABJ_P_ACHN_CREF000_20260216040600_12.2_54.2_73.0_135.0.png'
5577,Z_RADA_C_BABJ_P_ACHN_CREF000_20260216041200_12.2_54.2_73.0_135.0.png,[Errno 2] No such file or directory: 'D:\\BaiduNetdiskDownload\\气象大模型数据（中南）-20260224\\气象雷达拼图（UTC）\\Z_RADA_C_BABJ_P_ACHN_CREF000_20260216041200_12.2_54.2_73.0_135.0.png'
5578,Z_RADA_C_BABJ_P_ACHN_CREF000_20260216041800_12.2_54.2_73.0_135.0.png,[Errno 2] No such file or directory: 'D:\\BaiduNetdiskDownload\\气象大模型数据（中南）-20260224\\气象雷达拼图（UTC）\\Z_RADA_C_BABJ_P_ACHN_CREF000_20260216041800_12.2_54.2_73.0_135.0.png'
5579,Z_RADA_C_BABJ_P_ACHN_CREF000_20260216042400_12.2_54.2_73.0_135.0.png,[Errno 2] No such file or directory: 'D:\\BaiduNetdiskDownload\\气象大模型数据（中南）-20260224\\气象雷达拼图（UTC）\\Z_RADA_C_BABJ_P_ACHN_CREF000_20260216042400_12.2_54.2_73.0_135.0.png'
5580,Z_RADA_C_BABJ_P_ACHN_CREF000_20260216043000_12.2_54.2_73.0_135.0.png,[Errno 2] No such file or directory: 'D:\\BaiduNetdiskDownload\\气象大模型数据（中南）-20260224\\气象雷达拼图（UTC）\\Z_RADA_C_BABJ_P_ACHN_CREF000_20260216043000_12.2_54.2_73.0_135.0.png'
5581,Z_RADA_C_BABJ_P_ACHN_CREF000_20260216043600_12.2_54.2_73.0_135.0.png,[Errno 2] No such file or directory: 'D:\\BaiduNetdiskDownload\\气象大模型数据（中南）-20260224\\气象雷达拼图（UTC）\\Z_RADA_C_BABJ_P_ACHN_CREF000_20260216043600_12.2_54.2_73.0_135.0.png'
5582,Z_RADA_C_BABJ_P_ACHN_CREF000_20260216044200_12.2_54.2_73.0_135.0.png,[Errno 2] No such file or directory: 'D:\\BaiduNetdiskDownload\\气象大模型数据（中南）-20260224\\气象雷达拼图（UTC）\\Z_RADA_C_BABJ_P_ACHN_CREF000_20260216044200_12.2_54.2_73.0_135.0.png'
5583,Z_RADA_C_BABJ_P_ACHN_CREF000_20260216044800_12.2_54.2_73.0_135.0.png,[Errno 2] No such file or directory: 'D:\\BaiduNetdiskDownload\\气象大模型数据（中南）-20260224\\气象雷达拼图（UTC）\\Z_RADA_C_BABJ_P_ACHN_CREF000_20260216044800_12.2_54.2_73.0_135.0.png'
5584,Z_RADA_C_BABJ_P_ACHN_CREF000_20260216045400_12.2_54.2_73.0_135.0.png,[Errno 2] No such file or directory: 'D:\\BaiduNetdiskDownload\\气象大模型数据（中南）-20260224\\气象雷达拼图（UTC）\\Z_RADA_C_BABJ_P_ACHN_CREF000_20260216045400_12.2_54.2_73.0_135.0.png'
5585,Z_RADA_C_BABJ_P_ACHN_CREF000_20260216050000_12.2_54.2_73.0_135.0.png,[Errno 2] No such file or directory: 'D:\\BaiduNetdiskDownload\\气象大模型数据（中南）-20260224\\气象雷达拼图（UTC）\\Z_RADA_C_BABJ_P_ACHN_CREF000_20260216050000_12.2_54.2_73.0_135.0.png'
5586,Z_RADA_C_BABJ_P_ACHN_CREF000_20260216050600_12.2_54.2_73.0_135.0.png,[Errno 2] No such file or directory: 'D:\\BaiduNetdiskDownload\\气象大模型数据（中南）-20260224\\气象雷达拼图（UTC）\\Z_RADA_C_BABJ_P_ACHN_CREF000_20260216050600_12.2_54.2_73.0_135.0.png'
5587,Z_RADA_C_BABJ_P_ACHN_CREF000_20260216051200_12.2_54.2_73.0_135.0.png,[Errno 2] No such file or directory: 'D:\\BaiduNetdiskDownload\\气象大模型数据（中南）-20260224\\气象雷达拼图（UTC）\\Z_RADA_C_BABJ_P_ACHN_CREF000_20260216051200_12.2_54.2_73.0_135.0.png'
5588,Z_RADA_C_BABJ_P_ACHN_CREF000_20260216051800_12.2_54.2_73.0_135.0.png,[Errno 2] No such file or directory: 'D:\\BaiduNetdiskDownload\\气象大模型数据（中南）-20260224\\气象雷达拼图（UTC）\\Z_RADA_C_BABJ_P_ACHN_CREF000_20260216051800_12.2_54.2_73.0_135.0.png'
5589,Z_RADA_C_BABJ_P_ACHN_CREF000_20260216052400_12.2_54.2_73.0_135.0.png,[Errno 2] No such file or directory: 'D:\\BaiduNetdiskDownload\\气象大模型数据（中南）-20260224\\气象雷达拼图（UTC）\\Z_RADA_C_BABJ_P_ACHN_CREF000_20260216052400_12.2_54.2_73.0_135.0.png'
5590,Z_RADA_C_BABJ_P_ACHN_CREF000_20260216053000_12.2_54.2_73.0_135.0.png,[Errno 2] No such file or directory: 'D:\\BaiduNetdiskDownload\\气象大模型数据（中南）-20260224\\气象雷达拼图（UTC）\\Z_RADA_C_BABJ_P_ACHN_CREF000_20260216053000_12.2_54.2_73.0_135.0.png'
5591,Z_RADA_C_BABJ_P_ACHN_CREF000_20260216053600_12.2_54.2_73.0_135.0.png,[Errno 2] No such file or directory: 'D:\\BaiduNetdiskDownload\\气象大模型数据（中南）-20260224\\气象雷达拼图（UTC）\\Z_RADA_C_BABJ_P_ACHN_CREF000_20260216053600_12.2_54.2_73.0_135.0.png'
5592,Z_RADA_C_BABJ_P_ACHN_CREF000_20260216054200_12.2_54.2_73.0_135.0.png,[Errno 2] No such file or directory: 'D:\\BaiduNetdiskDownload\\气象大模型数据（中南）-20260224\\气象雷达拼图（UTC）\\Z_RADA_C_BABJ_P_ACHN_CREF000_20260216054200_12.2_54.2_73.0_135.0.png'
5593,Z_RADA_C_BABJ_P_ACHN_CREF000_20260216054800_12.2_54.2_73.0_135.0.png,[Errno 2] No such file or directory: 'D:\\BaiduNetdiskDownload\\气象大模型数据（中南）-20260224\\气象雷达拼图（UTC）\\Z_RADA_C_BABJ_P_ACHN_CREF000_20260216054800_12.2_54.2_73.0_135.0.png'
5594,Z_RADA_C_BABJ_P_ACHN_CREF000_20260216055400_12.2_54.2_73.0_135.0.png,[Errno 2] No such file or directory: 'D:\\BaiduNetdiskDownload\\气象大模型数据（中南）-20260224\\气象雷达拼图（UTC）\\Z_RADA_C_BABJ_P_ACHN_CREF000_20260216055400_12.2_54.2_73.0_135.0.png'
5595,Z_RADA_C_BABJ_P_ACHN_CREF000_20260216060000_12.2_54.2_73.0_135.0.png,[Errno 2] No such file or directory: 'D:\\BaiduNetdiskDownload\\气象大模型数据（中南）-20260224\\气象雷达拼图（UTC）\\Z_RADA_C_BABJ_P_ACHN_CREF000_20260216060000_12.2_54.2_73.0_135.0.png'
5596,Z_RADA_C_BABJ_P_ACHN_CREF000_20260216060600_12.2_54.2_73.0_135.0.png,[Errno 2] No such file or directory: 'D:\\BaiduNetdiskDownload\\气象大模型数据（中南）-20260224\\气象雷达拼图（UTC）\\Z_RADA_C_BABJ_P_ACHN_CREF000_20260216060600_12.2_54.2_73.0_135.0.png'
5597,Z_RADA_C_BABJ_P_ACHN_CREF000_20260216061200_12.2_54.2_73.0_135.0.png,[Errno 2] No such file or directory: 'D:\\BaiduNetdiskDownload\\气象大模型数据（中南）-20260224\\气象雷达拼图（UTC）\\Z_RADA_C_BABJ_P_ACHN_CREF000_20260216061200_12.2_54.2_73.0_135.0.png'
5598,Z_RADA_C_BABJ_P_ACHN_CREF000_20260216061800_12.2_54.2_73.0_135.0.png,[Errno 2] No such file or directory: 'D:\\BaiduNetdiskDownload\\气象大模型数据（中南）-20260224\\气象雷达拼图（UTC）\\Z_RADA_C_BABJ_P_ACHN_CREF000_20260216061800_12.2_54.2_73.0_135.0.png'
5599,Z_RADA_C_BABJ_P_ACHN_CREF000_20260216062400_12.2_54.2_73.0_135.0.png,[Errno 2] No such file or directory: 'D:\\BaiduNetdiskDownload\\气象大模型数据（中南）-20260224\\气象雷达拼图（UTC）\\Z_RADA_C_BABJ_P_ACHN_CREF000_20260216062400_12.2_54.2_73.0_135.0.png'
5600,Z_RADA_C_BABJ_P_ACHN_CREF000_20260216063000_12.2_54.2_73.0_135.0.png,[Errno 2] No such file or directory: 'D:\\BaiduNetdiskDownload\\气象大模型数据（中南）-20260224\\气象雷达拼图（UTC）\\Z_RADA_C_BABJ_P_ACHN_CREF000_20260216063000_12.2_54.2_73.0_135.0.png'
5601,Z_RADA_C_BABJ_P_ACHN_CREF000_20260216063600_12.2_54.2_73.0_135.0.png,[Errno 2] No such file or directory: 'D:\\BaiduNetdiskDownload\\气象大模型数据（中南）-20260224\\气象雷达拼图（UTC）\\Z_RADA_C_BABJ_P_ACHN_CREF000_20260216063600_12.2_54.2_73.0_135.0.png'
5602,Z_RADA_C_BABJ_P_ACHN_CREF000_20260216064200_12.2_54.2_73.0_135.0.png,[Errno 2] No such file or directory: 'D:\\BaiduNetdiskDownload\\气象大模型数据（中南）-20260224\\气象雷达拼图（UTC）\\Z_RADA_C_BABJ_P_ACHN_CREF000_20260216064200_12.2_54.2_73.0_135.0.png'
5603,Z_RADA_C_BABJ_P_ACHN_CREF000_20260216064800_12.2_54.2_73.0_135.0.png,[Errno 2] No such file or directory: 'D:\\BaiduNetdiskDownload\\气象大模型数据（中南）-20260224\\气象雷达拼图（UTC）\\Z_RADA_C_BABJ_P_ACHN_CREF000_20260216064800_12.2_54.2_73.0_135.0.png'
5604,Z_RADA_C_BABJ_P_ACHN_CREF000_20260216065400_12.2_54.2_73.0_135.0.png,[Errno 2] No such file or directory: 'D:\\BaiduNetdiskDownload\\气象大模型数据（中南）-20260224\\气象雷达拼图（UTC）\\Z_RADA_C_BABJ_P_ACHN_CREF000_20260216065400_12.2_54.2_73.0_135.0.png'
5605,Z_RADA_C_BABJ_P_ACHN_CREF000_20260216070000_12.2_54.2_73.0_135.0.png,[Errno 2] No such file or directory: 'D:\\BaiduNetdiskDownload\\气象大模型数据（中南）-20260224\\气象雷达拼图（UTC）\\Z_RADA_C_BABJ_P_ACHN_CREF000_20260216070000_12.2_54.2_73.0_135.0.png'
5606,Z_RADA_C_BABJ_P_ACHN_CREF000_20260216070600_12.2_54.2_73.0_135.0.png,[Errno 2] No such file or directory: 'D:\\BaiduNetdiskDownload\\气象大模型数据（中南）-20260224\\气象雷达拼图（UTC）\\Z_RADA_C_BABJ_P_ACHN_CREF000_20260216070600_12.2_54.2_73.0_135.0.png'
5607,Z_RADA_C_BABJ_P_ACHN_CREF000_20260216071200_12.2_54.2_73.0_135.0.png,[Errno 2] No such file or directory: 'D:\\BaiduNetdiskDownload\\气象大模型数据（中南）-20260224\\气象雷达拼图（UTC）\\Z_RADA_C_BABJ_P_ACHN_CREF000_20260216071200_12.2_54.2_73.0_135.0.png'
5608,Z_RADA_C_BABJ_P_ACHN_CREF000_20260216071800_12.2_54.2_73.0_135.0.png,[Errno 2] No such file or directory: 'D:\\BaiduNetdiskDownload\\气象大模型数据（中南）-20260224\\气象雷达拼图（UTC）\\Z_RADA_C_BABJ_P_ACHN_CREF000_20260216071800_12.2_54.2_73.0_135.0.png'
5609,Z_RADA_C_BABJ_P_ACHN_CREF000_20260216072400_12.2_54.2_73.0_135.0.png,[Errno 2] No such file or directory: 'D:\\BaiduNetdiskDownload\\气象大模型数据（中南）-20260224\\气象雷达拼图（UTC）\\Z_RADA_C_BABJ_P_ACHN_CREF000_20260216072400_12.2_54.2_73.0_135.0.png'
5610,Z_RADA_C_BABJ_P_ACHN_CREF000_20260216073000_12.2_54.2_73.0_135.0.png,[Errno 2] No such file or directory: 'D:\\BaiduNetdiskDownload\\气象大模型数据（中南）-20260224\\气象雷达拼图（UTC）\\Z_RADA_C_BABJ_P_ACHN_CREF000_20260216073000_12.2_54.2_73.0_135.0.png'
5611,Z_RADA_C_BABJ_P_ACHN_CREF000_20260216073600_12.2_54.2_73.0_135.0.png,[Errno 2] No such file or directory: 'D:\\BaiduNetdiskDownload\\气象大模型数据（中南）-20260224\\气象雷达拼图（UTC）\\Z_RADA_C_BABJ_P_ACHN_CREF000_20260216073600_12.2_54.2_73.0_135.0.png'
5612,Z_RADA_C_BABJ_P_ACHN_CREF000_20260216074200_12.2_54.2_73.0_135.0.png,[Errno 2] No such file or directory: 'D:\\BaiduNetdiskDownload\\气象大模型数据（中南）-20260224\\气象雷达拼图（UTC）\\Z_RADA_C_BABJ_P_ACHN_CREF000_20260216074200_12.2_54.2_73.0_135.0.png'
5613,Z_RADA_C_BABJ_P_ACHN_CREF000_20260216074800_12.2_54.2_73.0_135.0.png,[Errno 2] No such file or directory: 'D:\\BaiduNetdiskDownload\\气象大模型数据（中南）-20260224\\气象雷达拼图（UTC）\\Z_RADA_C_BABJ_P_ACHN_CREF000_20260216074800_12.2_54.2_73.0_135.0.png'
5614,Z_RADA_C_BABJ_P_ACHN_CREF000_20260216075400_12.2_54.2_73.0_135.0.png,[Errno 2] No such file or directory: 'D:\\BaiduNetdiskDownload\\气象大模型数据（中南）-20260224\\气象雷达拼图（UTC）\\Z_RADA_C_BABJ_P_ACHN_CREF000_20260216075400_12.2_54.2_73.0_135.0.png'
5615,Z_RADA_C_BABJ_P_ACHN_CREF000_20260216080000_12.2_54.2_73.0_135.0.png,[Errno 2] No such file or directory: 'D:\\BaiduNetdiskDownload\\气象大模型数据（中南）-20260224\\气象雷达拼图（UTC）\\Z_RADA_C_BABJ_P_ACHN_CREF000_20260216080000_12.2_54.2_73.0_135.0.png'
5616,Z_RADA_C_BABJ_P_ACHN_CREF000_20260216080600_12.2_54.2_73.0_135.0.png,[Errno 2] No such file or directory: 'D:\\BaiduNetdiskDownload\\气象大模型数据（中南）-20260224\\气象雷达拼图（UTC）\\Z_RADA_C_BABJ_P_ACHN_CREF000_20260216080600_12.2_54.2_73.0_135.0.png'
5617,Z_RADA_C_BABJ_P_ACHN_CREF000_20260216081200_12.2_54.2_73.0_135.0.png,[Errno 2] No such file or directory: 'D:\\BaiduNetdiskDownload\\气象大模型数据（中南）-20260224\\气象雷达拼图（UTC）\\Z_RADA_C_BABJ_P_ACHN_CREF000_20260216081200_12.2_54.2_73.0_135.0.png'
5618,Z_RADA_C_BABJ_P_ACHN_CREF000_20260216081800_12.2_54.2_73.0_135.0.png,[Errno 2] No such file or directory: 'D:\\BaiduNetdiskDownload\\气象大模型数据（中南）-20260224\\气象雷达拼图（UTC）\\Z_RADA_C_BABJ_P_ACHN_CREF000_20260216081800_12.2_54.2_73.0_135.0.png'
5619,Z_RADA_C_BABJ_P_ACHN_CREF000_20260216082400_12.2_54.2_73.0_135.0.png,[Errno 2] No such file or directory: 'D:\\BaiduNetdiskDownload\\气象大模型数据（中南）-20260224\\气象雷达拼图（UTC）\\Z_RADA_C_BABJ_P_ACHN_CREF000_20260216082400_12.2_54.2_73.0_135.0.png'
5620,Z_RADA_C_BABJ_P_ACHN_CREF000_20260216083000_12.2_54.2_73.0_135.0.png,[Errno 2] No such file or directory: 'D:\\BaiduNetdiskDownload\\气象大模型数据（中南）-20260224\\气象雷达拼图（UTC）\\Z_RADA_C_BABJ_P_ACHN_CREF000_20260216083000_12.2_54.2_73.0_135.0.png'
5621,Z_RADA_C_BABJ_P_ACHN_CREF000_20260216083600_12.2_54.2_73.0_135.0.png,[Errno 2] No such file or directory: 'D:\\BaiduNetdiskDownload\\气象大模型数据（中南）-20260224\\气象雷达拼图（UTC）\\Z_RADA_C_BABJ_P_ACHN_CREF000_20260216083600_12.2_54.2_73.0_135.0.png'
5622,Z_RADA_C_BABJ_P_ACHN_CREF000_20260216084200_12.2_54.2_73.0_135.0.png,[Errno 2] No such file or directory: 'D:\\BaiduNetdiskDownload\\气象大模型数据（中南）-20260224\\气象雷达拼图（UTC）\\Z_RADA_C_BABJ_P_ACHN_CREF000_20260216084200_12.2_54.2_73.0_135.0.png'
5623,Z_RADA_C_BABJ_P_ACHN_CREF000_20260216084800_12.2_54.2_73.0_135.0.png,[Errno 2] No such file or directory: 'D:\\BaiduNetdiskDownload\\气象大模型数据（中南）-20260224\\气象雷达拼图（UTC）\\Z_RADA_C_BABJ_P_ACHN_CREF000_20260216084800_12.2_54.2_73.0_135.0.png'
5624,Z_RADA_C_BABJ_P_ACHN_CREF000_20260216085400_12.2_54.2_73.0_135.0.png,[Errno 2] No such file or directory: 'D:\\BaiduNetdiskDownload\\气象大模型数据（中南）-20260224\\气象雷达拼图（UTC）\\Z_RADA_C_BABJ_P_ACHN_CREF000_20260216085400_12.2_54.2_73.0_135.0.png'
5625,Z_RADA_C_BABJ_P_ACHN_CREF000_20260216090000_12.2_54.2_73.0_135.0.png,[Errno 2] No such file or directory: 'D:\\BaiduNetdiskDownload\\气象大模型数据（中南）-20260224\\气象雷达拼图（UTC）\\Z_RADA_C_BABJ_P_ACHN_CREF000_20260216090000_12.2_54.2_73.0_135.0.png'
5626,Z_RADA_C_BABJ_P_ACHN_CREF000_20260216090600_12.2_54.2_73.0_135.0.png,[Errno 2] No such file or directory: 'D:\\BaiduNetdiskDownload\\气象大模型数据（中南）-20260224\\气象雷达拼图（UTC）\\Z_RADA_C_BABJ_P_ACHN_CREF000_20260216090600_12.2_54.2_73.0_135.0.png'
5627,Z_RADA_C_BABJ_P_ACHN_CREF000_20260216091200_12.2_54.2_73.0_135.0.png,[Errno 2] No such file or directory: 'D:\\BaiduNetdiskDownload\\气象大模型数据（中南）-20260224\\气象雷达拼图（UTC）\\Z_RADA_C_BABJ_P_ACHN_CREF000_20260216091200_12.2_54.2_73.0_135.0.png'
5628,Z_RADA_C_BABJ_P_ACHN_CREF000_20260216091800_12.2_54.2_73.0_135.0.png,[Errno 2] No such file or directory: 'D:\\BaiduNetdiskDownload\\气象大模型数据（中南）-20260224\\气象雷达拼图（UTC）\\Z_RADA_C_BABJ_P_ACHN_CREF000_20260216091800_12.2_54.2_73.0_135.0.png'
5629,Z_RADA_C_BABJ_P_ACHN_CREF000_20260216092400_12.2_54.2_73.0_135.0.png,[Errno 2] No such file or directory: 'D:\\BaiduNetdiskDownload\\气象大模型数据（中南）-20260224\\气象雷达拼图（UTC）\\Z_RADA_C_BABJ_P_ACHN_CREF000_20260216092400_12.2_54.2_73.0_135.0.png'
5630,Z_RADA_C_BABJ_P_ACHN_CREF000_20260216093000_12.2_54.2_73.0_135.0.png,[Errno 2] No such file or directory: 'D:\\BaiduNetdiskDownload\\气象大模型数据（中南）-20260224\\气象雷达拼图（UTC）\\Z_RADA_C_BABJ_P_ACHN_CREF000_20260216093000_12.2_54.2_73.0_135.0.png'
5631,Z_RADA_C_BABJ_P_ACHN_CREF000_20260216093600_12.2_54.2_73.0_135.0.png,[Errno 2] No such file or directory: 'D:\\BaiduNetdiskDownload\\气象大模型数据（中南）-20260224\\气象雷达拼图（UTC）\\Z_RADA_C_BABJ_P_ACHN_CREF000_20260216093600_12.2_54.2_73.0_135.0.png'
5632,Z_RADA_C_BABJ_P_ACHN_CREF000_20260216094200_12.2_54.2_73.0_135.0.png,[Errno 2] No such file or directory: 'D:\\BaiduNetdiskDownload\\气象大模型数据（中南）-20260224\\气象雷达拼图（UTC）\\Z_RADA_C_BABJ_P_ACHN_CREF000_20260216094200_12.2_54.2_73.0_135.0.png'
5633,Z_RADA_C_BABJ_P_ACHN_CREF000_20260216094800_12.2_54.2_73.0_135.0.png,[Errno 2] No such file or directory: 'D:\\BaiduNetdiskDownload\\气象大模型数据（中南）-20260224\\气象雷达拼图（UTC）\\Z_RADA_C_BABJ_P_ACHN_CREF000_20260216094800_12.2_54.2_73.0_135.0.png'
5634,Z_RADA_C_BABJ_P_ACHN_CREF000_20260216095400_12.2_54.2_73.0_135.0.png,[Errno 2] No such file or directory: 'D:\\BaiduNetdiskDownload\\气象大模型数据（中南）-20260224\\气象雷达拼图（UTC）\\Z_RADA_C_BABJ_P_ACHN_CREF000_20260216095400_12.2_54.2_73.0_135.0.png'
5635,Z_RADA_C_BABJ_P_ACHN_CREF000_20260216100000_12.2_54.2_73.0_135.0.png,[Errno 2] No such file or directory: 'D:\\BaiduNetdiskDownload\\气象大模型数据（中南）-20260224\\气象雷达拼图（UTC）\\Z_RADA_C_BABJ_P_ACHN_CREF000_20260216100000_12.2_54.2_73.0_135.0.png'
5636,Z_RADA_C_BABJ_P_ACHN_CREF000_20260216100600_12.2_54.2_73.0_135.0.png,[Errno 2] No such file or directory: 'D:\\BaiduNetdiskDownload\\气象大模型数据（中南）-20260224\\气象雷达拼图（UTC）\\Z_RADA_C_BABJ_P_ACHN_CREF000_20260216100600_12.2_54.2_73.0_135.0.png'
5637,Z_RADA_C_BABJ_P_ACHN_CREF000_20260216101200_12.2_54.2_73.0_135.0.png,[Errno 2] No such file or directory: 'D:\\BaiduNetdiskDownload\\气象大模型数据（中南）-20260224\\气象雷达拼图（UTC）\\Z_RADA_C_BABJ_P_ACHN_CREF000_20260216101200_12.2_54.2_73.0_135.0.png'
5638,Z_RADA_C_BABJ_P_ACHN_CREF000_20260216101800_12.2_54.2_73.0_135.0.png,[Errno 2] No such file or directory: 'D:\\BaiduNetdiskDownload\\气象大模型数据（中南）-20260224\\气象雷达拼图（UTC）\\Z_RADA_C_BABJ_P_ACHN_CREF000_20260216101800_12.2_54.2_73.0_135.0.png'
5639,Z_RADA_C_BABJ_P_ACHN_CREF000_20260216102400_12.2_54.2_73.0_135.0.png,[Errno 2] No such file or directory: 'D:\\BaiduNetdiskDownload\\气象大模型数据（中南）-20260224\\气象雷达拼图（UTC）\\Z_RADA_C_BABJ_P_ACHN_CREF000_20260216102400_12.2_54.2_73.0_135.0.png'
5640,Z_RADA_C_BABJ_P_ACHN_CREF000_20260216103000_12.2_54.2_73.0_135.0.png,[Errno 2] No such file or directory: 'D:\\BaiduNetdiskDownload\\气象大模型数据（中南）-20260224\\气象雷达拼图（UTC）\\Z_RADA_C_BABJ_P_ACHN_CREF000_20260216103000_12.2_54.2_73.0_135.0.png'
5641,Z_RADA_C_BABJ_P_ACHN_CREF000_20260216103600_12.2_54.2_73.0_135.0.png,[Errno 2] No such file or directory: 'D:\\BaiduNetdiskDownload\\气象大模型数据（中南）-20260224\\气象雷达拼图（UTC）\\Z_RADA_C_BABJ_P_ACHN_CREF000_20260216103600_12.2_54.2_73.0_135.0.png'
5642,Z_RADA_C_BABJ_P_ACHN_CREF000_20260216104200_12.2_54.2_73.0_135.0.png,[Errno 2] No such file or directory: 'D:\\BaiduNetdiskDownload\\气象大模型数据（中南）-20260224\\气象雷达拼图（UTC）\\Z_RADA_C_BABJ_P_ACHN_CREF000_20260216104200_12.2_54.2_73.0_135.0.png'
5643,Z_RADA_C_BABJ_P_ACHN_CREF000_20260216104800_12.2_54.2_73.0_135.0.png,[Errno 2] No such file or directory: 'D:\\BaiduNetdiskDownload\\气象大模型数据（中南）-20260224\\气象雷达拼图（UTC）\\Z_RADA_C_BABJ_P_ACHN_CREF000_20260216104800_12.2_54.2_73.0_135.0.png'
5644,Z_RADA_C_BABJ_P_ACHN_CREF000_20260216105400_12.2_54.2_73.0_135.0.png,[Errno 2] No such file or directory: 'D:\\BaiduNetdiskDownload\\气象大模型数据（中南）-20260224\\气象雷达拼图（UTC）\\Z_RADA_C_BABJ_P_ACHN_CREF000_20260216105400_12.2_54.2_73.0_135.0.png'
5645,Z_RADA_C_BABJ_P_ACHN_CREF000_20260216110000_12.2_54.2_73.0_135.0.png,[Errno 2] No such file or directory: 'D:\\BaiduNetdiskDownload\\气象大模型数据（中南）-20260224\\气象雷达拼图（UTC）\\Z_RADA_C_BABJ_P_ACHN_CREF000_20260216110000_12.2_54.2_73.0_135.0.png'
5646,Z_RADA_C_BABJ_P_ACHN_CREF000_20260216110600_12.2_54.2_73.0_135.0.png,[Errno 2] No such file or directory: 'D:\\BaiduNetdiskDownload\\气象大模型数据（中南）-20260224\\气象雷达拼图（UTC）\\Z_RADA_C_BABJ_P_ACHN_CREF000_20260216110600_12.2_54.2_73.0_135.0.png'
5647,Z_RADA_C_BABJ_P_ACHN_CREF000_20260216111200_12.2_54.2_73.0_135.0.png,[Errno 2] No such file or directory: 'D:\\BaiduNetdiskDownload\\气象大模型数据（中南）-20260224\\气象雷达拼图（UTC）\\Z_RADA_C_BABJ_P_ACHN_CREF000_20260216111200_12.2_54.2_73.0_135.0.png'
5648,Z_RADA_C_BABJ_P_ACHN_CREF000_20260216111800_12.2_54.2_73.0_135.0.png,[Errno 2] No such file or directory: 'D:\\BaiduNetdiskDownload\\气象大模型数据（中南）-20260224\\气象雷达拼图（UTC）\\Z_RADA_C_BABJ_P_ACHN_CREF000_20260216111800_12.2_54.2_73.0_135.0.png'
5649,Z_RADA_C_BABJ_P_ACHN_CREF000_20260216112400_12.2_54.2_73.0_135.0.png,[Errno 2] No such file or directory: 'D:\\BaiduNetdiskDownload\\气象大模型数据（中南）-20260224\\气象雷达拼图（UTC）\\Z_RADA_C_BABJ_P_ACHN_CREF000_20260216112400_12.2_54.2_73.0_135.0.png'
5650,Z_RADA_C_BABJ_P_ACHN_CREF000_20260216113000_12.2_54.2_73.0_135.0.png,[Errno 2] No such file or directory: 'D:\\BaiduNetdiskDownload\\气象大模型数据（中南）-20260224\\气象雷达拼图（UTC）\\Z_RADA_C_BABJ_P_ACHN_CREF000_20260216113000_12.2_54.2_73.0_135.0.png'
5651,Z_RADA_C_BABJ_P_ACHN_CREF000_20260216113600_12.2_54.2_73.0_135.0.png,[Errno 2] No such file or directory: 'D:\\BaiduNetdiskDownload\\气象大模型数据（中南）-20260224\\气象雷达拼图（UTC）\\Z_RADA_C_BABJ_P_ACHN_CREF000_20260216113600_12.2_54.2_73.0_135.0.png'
5652,Z_RADA_C_BABJ_P_ACHN_CREF000_20260216114200_12.2_54.2_73.0_135.0.png,[Errno 2] No such file or directory: 'D:\\BaiduNetdiskDownload\\气象大模型数据（中南）-20260224\\气象雷达拼图（UTC）\\Z_RADA_C_BABJ_P_ACHN_CREF000_20260216114200_12.2_54.2_73.0_135.0.png'
5653,Z_RADA_C_BABJ_P_ACHN_CREF000_20260216114800_12.2_54.2_73.0_135.0.png,[Errno 2] No such file or directory: 'D:\\BaiduNetdiskDownload\\气象大模型数据（中南）-20260224\\气象雷达拼图（UTC）\\Z_RADA_C_BABJ_P_ACHN_CREF000_20260216114800_12.2_54.2_73.0_135.0.png'
5654,Z_RADA_C_BABJ_P_ACHN_CREF000_20260216115400_12.2_54.2_73.0_135.0.png,[Errno 2] No such file or directory: 'D:\\BaiduNetdiskDownload\\气象大模型数据（中南）-20260224\\气象雷达拼图（UTC）\\Z_RADA_C_BABJ_P_ACHN_CREF000_20260216115400_12.2_54.2_73.0_135.0.png'
5655,Z_RADA_C_BABJ_P_ACHN_CREF000_20260216120000_12.2_54.2_73.0_135.0.png,[Errno 2] No such file or directory: 'D:\\BaiduNetdiskDownload\\气象大模型数据（中南）-20260224\\气象雷达拼图（UTC）\\Z_RADA_C_BABJ_P_ACHN_CREF000_20260216120000_12.2_54.2_73.0_135.0.png'
5656,Z_RADA_C_BABJ_P_ACHN_CREF000_20260216120600_12.2_54.2_73.0_135.0.png,[Errno 2] No such file or directory: 'D:\\BaiduNetdiskDownload\\气象大模型数据（中南）-20260224\\气象雷达拼图（UTC）\\Z_RADA_C_BABJ_P_ACHN_CREF000_20260216120600_12.2_54.2_73.0_135.0.png'
5657,Z_RADA_C_BABJ_P_ACHN_CREF000_20260216121200_12.2_54.2_73.0_135.0.png,[Errno 2] No such file or directory: 'D:\\BaiduNetdiskDownload\\气象大模型数据（中南）-20260224\\气象雷达拼图（UTC）\\Z_RADA_C_BABJ_P_ACHN_CREF000_20260216121200_12.2_54.2_73.0_135.0.png'
5658,Z_RADA_C_BABJ_P_ACHN_CREF000_20260216121800_12.2_54.2_73.0_135.0.png,[Errno 2] No such file or directory: 'D:\\BaiduNetdiskDownload\\气象大模型数据（中南）-20260224\\气象雷达拼图（UTC）\\Z_RADA_C_BABJ_P_ACHN_CREF000_20260216121800_12.2_54.2_73.0_135.0.png'
5659,Z_RADA_C_BABJ_P_ACHN_CREF000_20260216122400_12.2_54.2_73.0_135.0.png,[Errno 2] No such file or directory: 'D:\\BaiduNetdiskDownload\\气象大模型数据（中南）-20260224\\气象雷达拼图（UTC）\\Z_RADA_C_BABJ_P_ACHN_CREF000_20260216122400_12.2_54.2_73.0_135.0.png'
5660,Z_RADA_C_BABJ_P_ACHN_CREF000_20260216123000_12.2_54.2_73.0_135.0.png,[Errno 2] No such file or directory: 'D:\\BaiduNetdiskDownload\\气象大模型数据（中南）-20260224\\气象雷达拼图（UTC）\\Z_RADA_C_BABJ_P_ACHN_CREF000_20260216123000_12.2_54.2_73.0_135.0.png'
5661,Z_RADA_C_BABJ_P_ACHN_CREF000_20260216123600_12.2_54.2_73.0_135.0.png,[Errno 2] No such file or directory: 'D:\\BaiduNetdiskDownload\\气象大模型数据（中南）-20260224\\气象雷达拼图（UTC）\\Z_RADA_C_BABJ_P_ACHN_CREF000_20260216123600_12.2_54.2_73.0_135.0.png'
5662,Z_RADA_C_BABJ_P_ACHN_CREF000_20260216124200_12.2_54.2_73.0_135.0.png,[Errno 2] No such file or directory: 'D:\\BaiduNetdiskDownload\\气象大模型数据（中南）-20260224\\气象雷达拼图（UTC）\\Z_RADA_C_BABJ_P_ACHN_CREF000_20260216124200_12.2_54.2_73.0_135.0.png'
5663,Z_RADA_C_BABJ_P_ACHN_CREF000_20260216124800_12.2_54.2_73.0_135.0.png,[Errno 2] No such file or directory: 'D:\\BaiduNetdiskDownload\\气象大模型数据（中南）-20260224\\气象雷达拼图（UTC）\\Z_RADA_C_BABJ_P_ACHN_CREF000_20260216124800_12.2_54.2_73.0_135.0.png'
5664,Z_RADA_C_BABJ_P_ACHN_CREF000_20260216125400_12.2_54.2_73.0_135.0.png,[Errno 2] No such file or directory: 'D:\\BaiduNetdiskDownload\\气象大模型数据（中南）-20260224\\气象雷达拼图（UTC）\\Z_RADA_C_BABJ_P_ACHN_CREF000_20260216125400_12.2_54.2_73.0_135.0.png'
5665,Z_RADA_C_BABJ_P_ACHN_CREF000_20260216130000_12.2_54.2_73.0_135.0.png,[Errno 2] No such file or directory: 'D:\\BaiduNetdiskDownload\\气象大模型数据（中南）-20260224\\气象雷达拼图（UTC）\\Z_RADA_C_BABJ_P_ACHN_CREF000_20260216130000_12.2_54.2_73.0_135.0.png'
5666,Z_RADA_C_BABJ_P_ACHN_CREF000_20260216130600_12.2_54.2_73.0_135.0.png,[Errno 2] No such file or directory: 'D:\\BaiduNetdiskDownload\\气象大模型数据（中南）-20260224\\气象雷达拼图（UTC）\\Z_RADA_C_BABJ_P_ACHN_CREF000_20260216130600_12.2_54.2_73.0_135.0.png'
5667,Z_RADA_C_BABJ_P_ACHN_CREF000_20260216131200_12.2_54.2_73.0_135.0.png,[Errno 2] No such file or directory: 'D:\\BaiduNetdiskDownload\\气象大模型数据（中南）-20260224\\气象雷达拼图（UTC）\\Z_RADA_C_BABJ_P_ACHN_CREF000_20260216131200_12.2_54.2_73.0_135.0.png'
5668,Z_RADA_C_BABJ_P_ACHN_CREF000_20260216131800_12.2_54.2_73.0_135.0.png,[Errno 2] No such file or directory: 'D:\\BaiduNetdiskDownload\\气象大模型数据（中南）-20260224\\气象雷达拼图（UTC）\\Z_RADA_C_BABJ_P_ACHN_CREF000_20260216131800_12.2_54.2_73.0_135.0.png'
5669,Z_RADA_C_BABJ_P_ACHN_CREF000_20260216132400_12.2_54.2_73.0_135.0.png,[Errno 2] No such file or directory: 'D:\\BaiduNetdiskDownload\\气象大模型数据（中南）-20260224\\气象雷达拼图（UTC）\\Z_RADA_C_BABJ_P_ACHN_CREF000_20260216132400_12.2_54.2_73.0_135.0.png'
5670,Z_RADA_C_BABJ_P_ACHN_CREF000_20260216133000_12.2_54.2_73.0_135.0.png,[Errno 2] No such file or directory: 'D:\\BaiduNetdiskDownload\\气象大模型数据（中南）-20260224\\气象雷达拼图（UTC）\\Z_RADA_C_BABJ_P_ACHN_CREF000_20260216133000_12.2_54.2_73.0_135.0.png'
5671,Z_RADA_C_BABJ_P_ACHN_CREF000_20260216133600_12.2_54.2_73.0_135.0.png,[Errno 2] No such file or directory: 'D:\\BaiduNetdiskDownload\\气象大模型数据（中南）-20260224\\气象雷达拼图（UTC）\\Z_RADA_C_BABJ_P_ACHN_CREF000_20260216133600_12.2_54.2_73.0_135.0.png'
5672,Z_RADA_C_BABJ_P_ACHN_CREF000_20260216134200_12.2_54.2_73.0_135.0.png,[Errno 2] No such file or directory: 'D:\\BaiduNetdiskDownload\\气象大模型数据（中南）-20260224\\气象雷达拼图（UTC）\\Z_RADA_C_BABJ_P_ACHN_CREF000_20260216134200_12.2_54.2_73.0_135.0.png'
5673,Z_RADA_C_BABJ_P_ACHN_CREF000_20260216134800_12.2_54.2_73.0_135.0.png,[Errno 2] No such file or directory: 'D:\\BaiduNetdiskDownload\\气象大模型数据（中南）-20260224\\气象雷达拼图（UTC）\\Z_RADA_C_BABJ_P_ACHN_CREF000_20260216134800_12.2_54.2_73.0_135.0.png'
5674,Z_RADA_C_BABJ_P_ACHN_CREF000_20260216135400_12.2_54.2_73.0_135.0.png,[Errno 2] No such file or directory: 'D:\\BaiduNetdiskDownload\\气象大模型数据（中南）-20260224\\气象雷达拼图（UTC）\\Z_RADA_C_BABJ_P_ACHN_CREF000_20260216135400_12.2_54.2_73.0_135.0.png'
5675,Z_RADA_C_BABJ_P_ACHN_CREF000_20260216140000_12.2_54.2_73.0_135.0.png,[Errno 2] No such file or directory: 'D:\\BaiduNetdiskDownload\\气象大模型数据（中南）-20260224\\气象雷达拼图（UTC）\\Z_RADA_C_BABJ_P_ACHN_CREF000_20260216140000_12.2_54.2_73.0_135.0.png'
5676,Z_RADA_C_BABJ_P_ACHN_CREF000_20260216140600_12.2_54.2_73.0_135.0.png,[Errno 2] No such file or directory: 'D:\\BaiduNetdiskDownload\\气象大模型数据（中南）-20260224\\气象雷达拼图（UTC）\\Z_RADA_C_BABJ_P_ACHN_CREF000_20260216140600_12.2_54.2_73.0_135.0.png'
5677,Z_RADA_C_BABJ_P_ACHN_CREF000_20260216141200_12.2_54.2_73.0_135.0.png,[Errno 2] No such file or directory: 'D:\\BaiduNetdiskDownload\\气象大模型数据（中南）-20260224\\气象雷达拼图（UTC）\\Z_RADA_C_BABJ_P_ACHN_CREF000_20260216141200_12.2_54.2_73.0_135.0.png'
5678,Z_RADA_C_BABJ_P_ACHN_CREF000_20260216141800_12.2_54.2_73.0_135.0.png,[Errno 2] No such file or directory: 'D:\\BaiduNetdiskDownload\\气象大模型数据（中南）-20260224\\气象雷达拼图（UTC）\\Z_RADA_C_BABJ_P_ACHN_CREF000_20260216141800_12.2_54.2_73.0_135.0.png'
5679,Z_RADA_C_BABJ_P_ACHN_CREF000_20260216142400_12.2_54.2_73.0_135.0.png,[Errno 2] No such file or directory: 'D:\\BaiduNetdiskDownload\\气象大模型数据（中南）-20260224\\气象雷达拼图（UTC）\\Z_RADA_C_BABJ_P_ACHN_CREF000_20260216142400_12.2_54.2_73.0_135.0.png'
5680,Z_RADA_C_BABJ_P_ACHN_CREF000_20260216143000_12.2_54.2_73.0_135.0.png,[Errno 2] No such file or directory: 'D:\\BaiduNetdiskDownload\\气象大模型数据（中南）-20260224\\气象雷达拼图（UTC）\\Z_RADA_C_BABJ_P_ACHN_CREF000_20260216143000_12.2_54.2_73.0_135.0.png'
5681,Z_RADA_C_BABJ_P_ACHN_CREF000_20260216143600_12.2_54.2_73.0_135.0.png,[Errno 2] No such file or directory: 'D:\\BaiduNetdiskDownload\\气象大模型数据（中南）-20260224\\气象雷达拼图（UTC）\\Z_RADA_C_BABJ_P_ACHN_CREF000_20260216143600_12.2_54.2_73.0_135.0.png'
5682,Z_RADA_C_BABJ_P_ACHN_CREF000_20260216144200_12.2_54.2_73.0_135.0.png,[Errno 2] No such file or directory: 'D:\\BaiduNetdiskDownload\\气象大模型数据（中南）-20260224\\气象雷达拼图（UTC）\\Z_RADA_C_BABJ_P_ACHN_CREF000_20260216144200_12.2_54.2_73.0_135.0.png'
5683,Z_RADA_C_BABJ_P_ACHN_CREF000_20260216144800_12.2_54.2_73.0_135.0.png,[Errno 2] No such file or directory: 'D:\\BaiduNetdiskDownload\\气象大模型数据（中南）-20260224\\气象雷达拼图（UTC）\\Z_RADA_C_BABJ_P_ACHN_CREF000_20260216144800_12.2_54.2_73.0_135.0.png'
5684,Z_RADA_C_BABJ_P_ACHN_CREF000_20260216145400_12.2_54.2_73.0_135.0.png,[Errno 2] No such file or directory: 'D:\\BaiduNetdiskDownload\\气象大模型数据（中南）-20260224\\气象雷达拼图（UTC）\\Z_RADA_C_BABJ_P_ACHN_CREF000_20260216145400_12.2_54.2_73.0_135.0.png'
5685,Z_RADA_C_BABJ_P_ACHN_CREF000_20260216150000_12.2_54.2_73.0_135.0.png,[Errno 2] No such file or directory: 'D:\\BaiduNetdiskDownload\\气象大模型数据（中南）-20260224\\气象雷达拼图（UTC）\\Z_RADA_C_BABJ_P_ACHN_CREF000_20260216150000_12.2_54.2_73.0_135.0.png'
5686,Z_RADA_C_BABJ_P_ACHN_CREF000_20260216150600_12.2_54.2_73.0_135.0.png,[Errno 2] No such file or directory: 'D:\\BaiduNetdiskDownload\\气象大模型数据（中南）-20260224\\气象雷达拼图（UTC）\\Z_RADA_C_BABJ_P_ACHN_CREF000_20260216150600_12.2_54.2_73.0_135.0.png'
5687,Z_RADA_C_BABJ_P_ACHN_CREF000_20260216151200_12.2_54.2_73.0_135.0.png,[Errno 2] No such file or directory: 'D:\\BaiduNetdiskDownload\\气象大模型数据（中南）-20260224\\气象雷达拼图（UTC）\\Z_RADA_C_BABJ_P_ACHN_CREF000_20260216151200_12.2_54.2_73.0_135.0.png'
5688,Z_RADA_C_BABJ_P_ACHN_CREF000_20260216151800_12.2_54.2_73.0_135.0.png,[Errno 2] No such file or directory: 'D:\\BaiduNetdiskDownload\\气象大模型数据（中南）-20260224\\气象雷达拼图（UTC）\\Z_RADA_C_BABJ_P_ACHN_CREF000_20260216151800_12.2_54.2_73.0_135.0.png'
5689,Z_RADA_C_BABJ_P_ACHN_CREF000_20260216152400_12.2_54.2_73.0_135.0.png,[Errno 2] No such file or directory: 'D:\\BaiduNetdiskDownload\\气象大模型数据（中南）-20260224\\气象雷达拼图（UTC）\\Z_RADA_C_BABJ_P_ACHN_CREF000_20260216152400_12.2_54.2_73.0_135.0.png'
5690,Z_RADA_C_BABJ_P_ACHN_CREF000_20260216153000_12.2_54.2_73.0_135.0.png,[Errno 2] No such file or directory: 'D:\\BaiduNetdiskDownload\\气象大模型数据（中南）-20260224\\气象雷达拼图（UTC）\\Z_RADA_C_BABJ_P_ACHN_CREF000_20260216153000_12.2_54.2_73.0_135.0.png'
5691,Z_RADA_C_BABJ_P_ACHN_CREF000_20260216153600_12.2_54.2_73.0_135.0.png,[Errno 2] No such file or directory: 'D:\\BaiduNetdiskDownload\\气象大模型数据（中南）-20260224\\气象雷达拼图（UTC）\\Z_RADA_C_BABJ_P_ACHN_CREF000_20260216153600_12.2_54.2_73.0_135.0.png'
5692,Z_RADA_C_BABJ_P_ACHN_CREF000_20260216154200_12.2_54.2_73.0_135.0.png,[Errno 2] No such file or directory: 'D:\\BaiduNetdiskDownload\\气象大模型数据（中南）-20260224\\气象雷达拼图（UTC）\\Z_RADA_C_BABJ_P_ACHN_CREF000_20260216154200_12.2_54.2_73.0_135.0.png'
5693,Z_RADA_C_BABJ_P_ACHN_CREF000_20260216154800_12.2_54.2_73.0_135.0.png,[Errno 2] No such file or directory: 'D:\\BaiduNetdiskDownload\\气象大模型数据（中南）-20260224\\气象雷达拼图（UTC）\\Z_RADA_C_BABJ_P_ACHN_CREF000_20260216154800_12.2_54.2_73.0_135.0.png'
5694,Z_RADA_C_BABJ_P_ACHN_CREF000_20260216155400_12.2_54.2_73.0_135.0.png,[Errno 2] No such file or directory: 'D:\\BaiduNetdiskDownload\\气象大模型数据（中南）-20260224\\气象雷达拼图（UTC）\\Z_RADA_C_BABJ_P_ACHN_CREF000_20260216155400_12.2_54.2_73.0_135.0.png'
5695,Z_RADA_C_BABJ_P_ACHN_CREF000_20260216160000_12.2_54.2_73.0_135.0.png,[Errno 2] No such file or directory: 'D:\\BaiduNetdiskDownload\\气象大模型数据（中南）-20260224\\气象雷达拼图（UTC）\\Z_RADA_C_BABJ_P_ACHN_CREF000_20260216160000_12.2_54.2_73.0_135.0.png'
5696,Z_RADA_C_BABJ_P_ACHN_CREF000_20260216160600_12.2_54.2_73.0_135.0.png,[Errno 2] No such file or directory: 'D:\\BaiduNetdiskDownload\\气象大模型数据（中南）-20260224\\气象雷达拼图（UTC）\\Z_RADA_C_BABJ_P_ACHN_CREF000_20260216160600_12.2_54.2_73.0_135.0.png'
5697,Z_RADA_C_BABJ_P_ACHN_CREF000_20260216161200_12.2_54.2_73.0_135.0.png,[Errno 2] No such file or directory: 'D:\\BaiduNetdiskDownload\\气象大模型数据（中南）-20260224\\气象雷达拼图（UTC）\\Z_RADA_C_BABJ_P_ACHN_CREF000_20260216161200_12.2_54.2_73.0_135.0.png'
5698,Z_RADA_C_BABJ_P_ACHN_CREF000_20260216161800_12.2_54.2_73.0_135.0.png,[Errno 2] No such file or directory: 'D:\\BaiduNetdiskDownload\\气象大模型数据（中南）-20260224\\气象雷达拼图（UTC）\\Z_RADA_C_BABJ_P_ACHN_CREF000_20260216161800_12.2_54.2_73.0_135.0.png'
5699,Z_RADA_C_BABJ_P_ACHN_CREF000_20260216162400_12.2_54.2_73.0_135.0.png,[Errno 2] No such file or directory: 'D:\\BaiduNetdiskDownload\\气象大模型数据（中南）-20260224\\气象雷达拼图（UTC）\\Z_RADA_C_BABJ_P_ACHN_CREF000_20260216162400_12.2_54.2_73.0_135.0.png'
5700,Z_RADA_C_BABJ_P_ACHN_CREF000_20260216163000_12.2_54.2_73.0_135.0.png,[Errno 2] No such file or directory: 'D:\\BaiduNetdiskDownload\\气象大模型数据（中南）-20260224\\气象雷达拼图（UTC）\\Z_RADA_C_BABJ_P_ACHN_CREF000_20260216163000_12.2_54.2_73.0_135.0.png'
5701,Z_RADA_C_BABJ_P_ACHN_CREF000_20260216163600_12.2_54.2_73.0_135.0.png,[Errno 2] No such file or directory: 'D:\\BaiduNetdiskDownload\\气象大模型数据（中南）-20260224\\气象雷达拼图（UTC）\\Z_RADA_C_BABJ_P_ACHN_CREF000_20260216163600_12.2_54.2_73.0_135.0.png'
5702,Z_RADA_C_BABJ_P_ACHN_CREF000_20260216164200_12.2_54.2_73.0_135.0.png,[Errno 2] No such file or directory: 'D:\\BaiduNetdiskDownload\\气象大模型数据（中南）-20260224\\气象雷达拼图（UTC）\\Z_RADA_C_BABJ_P_ACHN_CREF000_20260216164200_12.2_54.2_73.0_135.0.png'
5703,Z_RADA_C_BABJ_P_ACHN_CREF000_20260216164800_12.2_54.2_73.0_135.0.png,[Errno 2] No such file or directory: 'D:\\BaiduNetdiskDownload\\气象大模型数据（中南）-20260224\\气象雷达拼图（UTC）\\Z_RADA_C_BABJ_P_ACHN_CREF000_20260216164800_12.2_54.2_73.0_135.0.png'
5704,Z_RADA_C_BABJ_P_ACHN_CREF000_20260216165400_12.2_54.2_73.0_135.0.png,[Errno 2] No such file or directory: 'D:\\BaiduNetdiskDownload\\气象大模型数据（中南）-20260224\\气象雷达拼图（UTC）\\Z_RADA_C_BABJ_P_ACHN_CREF000_20260216165400_12.2_54.2_73.0_135.0.png'
5705,Z_RADA_C_BABJ_P_ACHN_CREF000_20260216170000_12.2_54.2_73.0_135.0.png,[Errno 2] No such file or directory: 'D:\\BaiduNetdiskDownload\\气象大模型数据（中南）-20260224\\气象雷达拼图（UTC）\\Z_RADA_C_BABJ_P_ACHN_CREF000_20260216170000_12.2_54.2_73.0_135.0.png'
5706,Z_RADA_C_BABJ_P_ACHN_CREF000_20260216170600_12.2_54.2_73.0_135.0.png,[Errno 2] No such file or directory: 'D:\\BaiduNetdiskDownload\\气象大模型数据（中南）-20260224\\气象雷达拼图（UTC）\\Z_RADA_C_BABJ_P_ACHN_CREF000_20260216170600_12.2_54.2_73.0_135.0.png'
5707,Z_RADA_C_BABJ_P_ACHN_CREF000_20260216171200_12.2_54.2_73.0_135.0.png,[Errno 2] No such file or directory: 'D:\\BaiduNetdiskDownload\\气象大模型数据（中南）-20260224\\气象雷达拼图（UTC）\\Z_RADA_C_BABJ_P_ACHN_CREF000_20260216171200_12.2_54.2_73.0_135.0.png'
5708,Z_RADA_C_BABJ_P_ACHN_CREF000_20260216171800_12.2_54.2_73.0_135.0.png,[Errno 2] No such file or directory: 'D:\\BaiduNetdiskDownload\\气象大模型数据（中南）-20260224\\气象雷达拼图（UTC）\\Z_RADA_C_BABJ_P_ACHN_CREF000_20260216171800_12.2_54.2_73.0_135.0.png'
5709,Z_RADA_C_BABJ_P_ACHN_CREF000_20260216172400_12.2_54.2_73.0_135.0.png,[Errno 2] No such file or directory: 'D:\\BaiduNetdiskDownload\\气象大模型数据（中南）-20260224\\气象雷达拼图（UTC）\\Z_RADA_C_BABJ_P_ACHN_CREF000_20260216172400_12.2_54.2_73.0_135.0.png'
5710,Z_RADA_C_BABJ_P_ACHN_CREF000_20260216173000_12.2_54.2_73.0_135.0.png,[Errno 2] No such file or directory: 'D:\\BaiduNetdiskDownload\\气象大模型数据（中南）-20260224\\气象雷达拼图（UTC）\\Z_RADA_C_BABJ_P_ACHN_CREF000_20260216173000_12.2_54.2_73.0_135.0.png'
5711,Z_RADA_C_BABJ_P_ACHN_CREF000_20260216173600_12.2_54.2_73.0_135.0.png,[Errno 2] No such file or directory: 'D:\\BaiduNetdiskDownload\\气象大模型数据（中南）-20260224\\气象雷达拼图（UTC）\\Z_RADA_C_BABJ_P_ACHN_CREF000_20260216173600_12.2_54.2_73.0_135.0.png'
5712,Z_RADA_C_BABJ_P_ACHN_CREF000_20260216174200_12.2_54.2_73.0_135.0.png,[Errno 2] No such file or directory: 'D:\\BaiduNetdiskDownload\\气象大模型数据（中南）-20260224\\气象雷达拼图（UTC）\\Z_RADA_C_BABJ_P_ACHN_CREF000_20260216174200_12.2_54.2_73.0_135.0.png'
5713,Z_RADA_C_BABJ_P_ACHN_CREF000_20260216174800_12.2_54.2_73.0_135.0.png,[Errno 2] No such file or directory: 'D:\\BaiduNetdiskDownload\\气象大模型数据（中南）-20260224\\气象雷达拼图（UTC）\\Z_RADA_C_BABJ_P_ACHN_CREF000_20260216174800_12.2_54.2_73.0_135.0.png'
5714,Z_RADA_C_BABJ_P_ACHN_CREF000_20260216175400_12.2_54.2_73.0_135.0.png,[Errno 2] No such file or directory: 'D:\\BaiduNetdiskDownload\\气象大模型数据（中南）-20260224\\气象雷达拼图（UTC）\\Z_RADA_C_BABJ_P_ACHN_CREF000_20260216175400_12.2_54.2_73.0_135.0.png'
5715,Z_RADA_C_BABJ_P_ACHN_CREF000_20260216180000_12.2_54.2_73.0_135.0.png,[Errno 2] No such file or directory: 'D:\\BaiduNetdiskDownload\\气象大模型数据（中南）-20260224\\气象雷达拼图（UTC）\\Z_RADA_C_BABJ_P_ACHN_CREF000_20260216180000_12.2_54.2_73.0_135.0.png'
5716,Z_RADA_C_BABJ_P_ACHN_CREF000_20260216180600_12.2_54.2_73.0_135.0.png,[Errno 2] No such file or directory: 'D:\\BaiduNetdiskDownload\\气象大模型数据（中南）-20260224\\气象雷达拼图（UTC）\\Z_RADA_C_BABJ_P_ACHN_CREF000_20260216180600_12.2_54.2_73.0_135.0.png'
5717,Z_RADA_C_BABJ_P_ACHN_CREF000_20260216181200_12.2_54.2_73.0_135.0.png,[Errno 2] No such file or directory: 'D:\\BaiduNetdiskDownload\\气象大模型数据（中南）-20260224\\气象雷达拼图（UTC）\\Z_RADA_C_BABJ_P_ACHN_CREF000_20260216181200_12.2_54.2_73.0_135.0.png'
5718,Z_RADA_C_BABJ_P_ACHN_CREF000_20260216181800_12.2_54.2_73.0_135.0.png,[Errno 2] No such file or directory: 'D:\\BaiduNetdiskDownload\\气象大模型数据（中南）-20260224\\气象雷达拼图（UTC）\\Z_RADA_C_BABJ_P_ACHN_CREF000_20260216181800_12.2_54.2_73.0_135.0.png'
5719,Z_RADA_C_BABJ_P_ACHN_CREF000_20260216182400_12.2_54.2_73.0_135.0.png,[Errno 2] No such file or directory: 'D:\\BaiduNetdiskDownload\\气象大模型数据（中南）-20260224\\气象雷达拼图（UTC）\\Z_RADA_C_BABJ_P_ACHN_CREF000_20260216182400_12.2_54.2_73.0_135.0.png'
5720,Z_RADA_C_BABJ_P_ACHN_CREF000_20260216183000_12.2_54.2_73.0_135.0.png,[Errno 2] No such file or directory: 'D:\\BaiduNetdiskDownload\\气象大模型数据（中南）-20260224\\气象雷达拼图（UTC）\\Z_RADA_C_BABJ_P_ACHN_CREF000_20260216183000_12.2_54.2_73.0_135.0.png'
5721,Z_RADA_C_BABJ_P_ACHN_CREF000_20260216183600_12.2_54.2_73.0_135.0.png,[Errno 2] No such file or directory: 'D:\\BaiduNetdiskDownload\\气象大模型数据（中南）-20260224\\气象雷达拼图（UTC）\\Z_RADA_C_BABJ_P_ACHN_CREF000_20260216183600_12.2_54.2_73.0_135.0.png'
5722,Z_RADA_C_BABJ_P_ACHN_CREF000_20260216184200_12.2_54.2_73.0_135.0.png,[Errno 2] No such file or directory: 'D:\\BaiduNetdiskDownload\\气象大模型数据（中南）-20260224\\气象雷达拼图（UTC）\\Z_RADA_C_BABJ_P_ACHN_CREF000_20260216184200_12.2_54.2_73.0_135.0.png'
5723,Z_RADA_C_BABJ_P_ACHN_CREF000_20260216184800_12.2_54.2_73.0_135.0.png,[Errno 2] No such file or directory: 'D:\\BaiduNetdiskDownload\\气象大模型数据（中南）-20260224\\气象雷达拼图（UTC）\\Z_RADA_C_BABJ_P_ACHN_CREF000_20260216184800_12.2_54.2_73.0_135.0.png'
5724,Z_RADA_C_BABJ_P_ACHN_CREF000_20260216185400_12.2_54.2_73.0_135.0.png,[Errno 2] No such file or directory: 'D:\\BaiduNetdiskDownload\\气象大模型数据（中南）-20260224\\气象雷达拼图（UTC）\\Z_RADA_C_BABJ_P_ACHN_CREF000_20260216185400_12.2_54.2_73.0_135.0.png'
5725,Z_RADA_C_BABJ_P_ACHN_CREF000_20260216190000_12.2_54.2_73.0_135.0.png,[Errno 2] No such file or directory: 'D:\\BaiduNetdiskDownload\\气象大模型数据（中南）-20260224\\气象雷达拼图（UTC）\\Z_RADA_C_BABJ_P_ACHN_CREF000_20260216190000_12.2_54.2_73.0_135.0.png'
5726,Z_RADA_C_BABJ_P_ACHN_CREF000_20260216190600_12.2_54.2_73.0_135.0.png,[Errno 2] No such file or directory: 'D:\\BaiduNetdiskDownload\\气象大模型数据（中南）-20260224\\气象雷达拼图（UTC）\\Z_RADA_C_BABJ_P_ACHN_CREF000_20260216190600_12.2_54.2_73.0_135.0.png'
5727,Z_RADA_C_BABJ_P_ACHN_CREF000_20260216191200_12.2_54.2_73.0_135.0.png,[Errno 2] No such file or directory: 'D:\\BaiduNetdiskDownload\\气象大模型数据（中南）-20260224\\气象雷达拼图（UTC）\\Z_RADA_C_BABJ_P_ACHN_CREF000_20260216191200_12.2_54.2_73.0_135.0.png'
5728,Z_RADA_C_BABJ_P_ACHN_CREF000_20260216191800_12.2_54.2_73.0_135.0.png,[Errno 2] No such file or directory: 'D:\\BaiduNetdiskDownload\\气象大模型数据（中南）-20260224\\气象雷达拼图（UTC）\\Z_RADA_C_BABJ_P_ACHN_CREF000_20260216191800_12.2_54.2_73.0_135.0.png'
5729,Z_RADA_C_BABJ_P_ACHN_CREF000_20260216192400_12.2_54.2_73.0_135.0.png,[Errno 2] No such file or directory: 'D:\\BaiduNetdiskDownload\\气象大模型数据（中南）-20260224\\气象雷达拼图（UTC）\\Z_RADA_C_BABJ_P_ACHN_CREF000_20260216192400_12.2_54.2_73.0_135.0.png'
5730,Z_RADA_C_BABJ_P_ACHN_CREF000_20260216193000_12.2_54.2_73.0_135.0.png,[Errno 2] No such file or directory: 'D:\\BaiduNetdiskDownload\\气象大模型数据（中南）-20260224\\气象雷达拼图（UTC）\\Z_RADA_C_BABJ_P_ACHN_CREF000_20260216193000_12.2_54.2_73.0_135.0.png'
5731,Z_RADA_C_BABJ_P_ACHN_CREF000_20260216193600_12.2_54.2_73.0_135.0.png,[Errno 2] No such file or directory: 'D:\\BaiduNetdiskDownload\\气象大模型数据（中南）-20260224\\气象雷达拼图（UTC）\\Z_RADA_C_BABJ_P_ACHN_CREF000_20260216193600_12.2_54.2_73.0_135.0.png'
5732,Z_RADA_C_BABJ_P_ACHN_CREF000_20260216194200_12.2_54.2_73.0_135.0.png,[Errno 2] No such file or directory: 'D:\\BaiduNetdiskDownload\\气象大模型数据（中南）-20260224\\气象雷达拼图（UTC）\\Z_RADA_C_BABJ_P_ACHN_CREF000_20260216194200_12.2_54.2_73.0_135.0.png'
5733,Z_RADA_C_BABJ_P_ACHN_CREF000_20260216194800_12.2_54.2_73.0_135.0.png,[Errno 2] No such file or directory: 'D:\\BaiduNetdiskDownload\\气象大模型数据（中南）-20260224\\气象雷达拼图（UTC）\\Z_RADA_C_BABJ_P_ACHN_CREF000_20260216194800_12.2_54.2_73.0_135.0.png'
5734,Z_RADA_C_BABJ_P_ACHN_CREF000_20260216195400_12.2_54.2_73.0_135.0.png,[Errno 2] No such file or directory: 'D:\\BaiduNetdiskDownload\\气象大模型数据（中南）-20260224\\气象雷达拼图（UTC）\\Z_RADA_C_BABJ_P_ACHN_CREF000_20260216195400_12.2_54.2_73.0_135.0.png'
5735,Z_RADA_C_BABJ_P_ACHN_CREF000_20260216200000_12.2_54.2_73.0_135.0.png,[Errno 2] No such file or directory: 'D:\\BaiduNetdiskDownload\\气象大模型数据（中南）-20260224\\气象雷达拼图（UTC）\\Z_RADA_C_BABJ_P_ACHN_CREF000_20260216200000_12.2_54.2_73.0_135.0.png'
5736,Z_RADA_C_BABJ_P_ACHN_CREF000_20260216200600_12.2_54.2_73.0_135.0.png,[Errno 2] No such file or directory: 'D:\\BaiduNetdiskDownload\\气象大模型数据（中南）-20260224\\气象雷达拼图（UTC）\\Z_RADA_C_BABJ_P_ACHN_CREF000_20260216200600_12.2_54.2_73.0_135.0.png'
5737,Z_RADA_C_BABJ_P_ACHN_CREF000_20260216201200_12.2_54.2_73.0_135.0.png,[Errno 2] No such file or directory: 'D:\\BaiduNetdiskDownload\\气象大模型数据（中南）-20260224\\气象雷达拼图（UTC）\\Z_RADA_C_BABJ_P_ACHN_CREF000_20260216201200_12.2_54.2_73.0_135.0.png'
5738,Z_RADA_C_BABJ_P_ACHN_CREF000_20260216201800_12.2_54.2_73.0_135.0.png,[Errno 2] No such file or directory: 'D:\\BaiduNetdiskDownload\\气象大模型数据（中南）-20260224\\气象雷达拼图（UTC）\\Z_RADA_C_BABJ_P_ACHN_CREF000_20260216201800_12.2_54.2_73.0_135.0.png'
5739,Z_RADA_C_BABJ_P_ACHN_CREF000_20260216202400_12.2_54.2_73.0_135.0.png,[Errno 2] No such file or directory: 'D:\\BaiduNetdiskDownload\\气象大模型数据（中南）-20260224\\气象雷达拼图（UTC）\\Z_RADA_C_BABJ_P_ACHN_CREF000_20260216202400_12.2_54.2_73.0_135.0.png'
5740,Z_RADA_C_BABJ_P_ACHN_CREF000_20260216203000_12.2_54.2_73.0_135.0.png,[Errno 2] No such file or directory: 'D:\\BaiduNetdiskDownload\\气象大模型数据（中南）-20260224\\气象雷达拼图（UTC）\\Z_RADA_C_BABJ_P_ACHN_CREF000_20260216203000_12.2_54.2_73.0_135.0.png'
5741,Z_RADA_C_BABJ_P_ACHN_CREF000_20260216203600_12.2_54.2_73.0_135.0.png,[Errno 2] No such file or directory: 'D:\\BaiduNetdiskDownload\\气象大模型数据（中南）-20260224\\气象雷达拼图（UTC）\\Z_RADA_C_BABJ_P_ACHN_CREF000_20260216203600_12.2_54.2_73.0_135.0.png'
5742,Z_RADA_C_BABJ_P_ACHN_CREF000_20260216204200_12.2_54.2_73.0_135.0.png,[Errno 2] No such file or directory: 'D:\\BaiduNetdiskDownload\\气象大模型数据（中南）-20260224\\气象雷达拼图（UTC）\\Z_RADA_C_BABJ_P_ACHN_CREF000_20260216204200_12.2_54.2_73.0_135.0.png'
5743,Z_RADA_C_BABJ_P_ACHN_CREF000_20260216204800_12.2_54.2_73.0_135.0.png,[Errno 2] No such file or directory: 'D:\\BaiduNetdiskDownload\\气象大模型数据（中南）-20260224\\气象雷达拼图（UTC）\\Z_RADA_C_BABJ_P_ACHN_CREF000_20260216204800_12.2_54.2_73.0_135.0.png'
5744,Z_RADA_C_BABJ_P_ACHN_CREF000_20260216205400_12.2_54.2_73.0_135.0.png,[Errno 2] No such file or directory: 'D:\\BaiduNetdiskDownload\\气象大模型数据（中南）-20260224\\气象雷达拼图（UTC）\\Z_RADA_C_BABJ_P_ACHN_CREF000_20260216205400_12.2_54.2_73.0_135.0.png'
5745,Z_RADA_C_BABJ_P_ACHN_CREF000_20260216210000_12.2_54.2_73.0_135.0.png,[Errno 2] No such file or directory: 'D:\\BaiduNetdiskDownload\\气象大模型数据（中南）-20260224\\气象雷达拼图（UTC）\\Z_RADA_C_BABJ_P_ACHN_CREF000_20260216210000_12.2_54.2_73.0_135.0.png'
5746,Z_RADA_C_BABJ_P_ACHN_CREF000_20260216210600_12.2_54.2_73.0_135.0.png,[Errno 2] No such file or directory: 'D:\\BaiduNetdiskDownload\\气象大模型数据（中南）-20260224\\气象雷达拼图（UTC）\\Z_RADA_C_BABJ_P_ACHN_CREF000_20260216210600_12.2_54.2_73.0_135.0.png'
5747,Z_RADA_C_BABJ_P_ACHN_CREF000_20260216211200_12.2_54.2_73.0_135.0.png,[Errno 2] No such file or directory: 'D:\\BaiduNetdiskDownload\\气象大模型数据（中南）-20260224\\气象雷达拼图（UTC）\\Z_RADA_C_BABJ_P_ACHN_CREF000_20260216211200_12.2_54.2_73.0_135.0.png'
5748,Z_RADA_C_BABJ_P_ACHN_CREF000_20260216211800_12.2_54.2_73.0_135.0.png,[Errno 2] No such file or directory: 'D:\\BaiduNetdiskDownload\\气象大模型数据（中南）-20260224\\气象雷达拼图（UTC）\\Z_RADA_C_BABJ_P_ACHN_CREF000_20260216211800_12.2_54.2_73.0_135.0.png'
5749,Z_RADA_C_BABJ_P_ACHN_CREF000_20260216212400_12.2_54.2_73.0_135.0.png,[Errno 2] No such file or directory: 'D:\\BaiduNetdiskDownload\\气象大模型数据（中南）-20260224\\气象雷达拼图（UTC）\\Z_RADA_C_BABJ_P_ACHN_CREF000_20260216212400_12.2_54.2_73.0_135.0.png'
5750,Z_RADA_C_BABJ_P_ACHN_CREF000_20260216213000_12.2_54.2_73.0_135.0.png,[Errno 2] No such file or directory: 'D:\\BaiduNetdiskDownload\\气象大模型数据（中南）-20260224\\气象雷达拼图（UTC）\\Z_RADA_C_BABJ_P_ACHN_CREF000_20260216213000_12.2_54.2_73.0_135.0.png'
5751,Z_RADA_C_BABJ_P_ACHN_CREF000_20260216213600_12.2_54.2_73.0_135.0.png,[Errno 2] No such file or directory: 'D:\\BaiduNetdiskDownload\\气象大模型数据（中南）-20260224\\气象雷达拼图（UTC）\\Z_RADA_C_BABJ_P_ACHN_CREF000_20260216213600_12.2_54.2_73.0_135.0.png'
5752,Z_RADA_C_BABJ_P_ACHN_CREF000_20260216214200_12.2_54.2_73.0_135.0.png,[Errno 2] No such file or directory: 'D:\\BaiduNetdiskDownload\\气象大模型数据（中南）-20260224\\气象雷达拼图（UTC）\\Z_RADA_C_BABJ_P_ACHN_CREF000_20260216214200_12.2_54.2_73.0_135.0.png'
5753,Z_RADA_C_BABJ_P_ACHN_CREF000_20260216214800_12.2_54.2_73.0_135.0.png,[Errno 2] No such file or directory: 'D:\\BaiduNetdiskDownload\\气象大模型数据（中南）-20260224\\气象雷达拼图（UTC）\\Z_RADA_C_BABJ_P_ACHN_CREF000_20260216214800_12.2_54.2_73.0_135.0.png'
5754,Z_RADA_C_BABJ_P_ACHN_CREF000_20260216215400_12.2_54.2_73.0_135.0.png,[Errno 2] No such file or directory: 'D:\\BaiduNetdiskDownload\\气象大模型数据（中南）-20260224\\气象雷达拼图（UTC）\\Z_RADA_C_BABJ_P_ACHN_CREF000_20260216215400_12.2_54.2_73.0_135.0.png'
5755,Z_RADA_C_BABJ_P_ACHN_CREF000_20260216220000_12.2_54.2_73.0_135.0.png,[Errno 2] No such file or directory: 'D:\\BaiduNetdiskDownload\\气象大模型数据（中南）-20260224\\气象雷达拼图（UTC）\\Z_RADA_C_BABJ_P_ACHN_CREF000_20260216220000_12.2_54.2_73.0_135.0.png'
5756,Z_RADA_C_BABJ_P_ACHN_CREF000_20260216220600_12.2_54.2_73.0_135.0.png,[Errno 2] No such file or directory: 'D:\\BaiduNetdiskDownload\\气象大模型数据（中南）-20260224\\气象雷达拼图（UTC）\\Z_RADA_C_BABJ_P_ACHN_CREF000_20260216220600_12.2_54.2_73.0_135.0.png'
5757,Z_RADA_C_BABJ_P_ACHN_CREF000_20260216221200_12.2_54.2_73.0_135.0.png,[Errno 2] No such file or directory: 'D:\\BaiduNetdiskDownload\\气象大模型数据（中南）-20260224\\气象雷达拼图（UTC）\\Z_RADA_C_BABJ_P_ACHN_CREF000_20260216221200_12.2_54.2_73.0_135.0.png'
5758,Z_RADA_C_BABJ_P_ACHN_CREF000_20260216221800_12.2_54.2_73.0_135.0.png,[Errno 2] No such file or directory: 'D:\\BaiduNetdiskDownload\\气象大模型数据（中南）-20260224\\气象雷达拼图（UTC）\\Z_RADA_C_BABJ_P_ACHN_CREF000_20260216221800_12.2_54.2_73.0_135.0.png'
5759,Z_RADA_C_BABJ_P_ACHN_CREF000_20260216222400_12.2_54.2_73.0_135.0.png,[Errno 2] No such file or directory: 'D:\\BaiduNetdiskDownload\\气象大模型数据（中南）-20260224\\气象雷达拼图（UTC）\\Z_RADA_C_BABJ_P_ACHN_CREF000_20260216222400_12.2_54.2_73.0_135.0.png'
5760,Z_RADA_C_BABJ_P_ACHN_CREF000_20260216223000_12.2_54.2_73.0_135.0.png,[Errno 2] No such file or directory: 'D:\\BaiduNetdiskDownload\\气象大模型数据（中南）-20260224\\气象雷达拼图（UTC）\\Z_RADA_C_BABJ_P_ACHN_CREF000_20260216223000_12.2_54.2_73.0_135.0.png'
5761,Z_RADA_C_BABJ_P_ACHN_CREF000_20260216223600_12.2_54.2_73.0_135.0.png,[Errno 2] No such file or directory: 'D:\\BaiduNetdiskDownload\\气象大模型数据（中南）-20260224\\气象雷达拼图（UTC）\\Z_RADA_C_BABJ_P_ACHN_CREF000_20260216223600_12.2_54.2_73.0_135.0.png'
5762,Z_RADA_C_BABJ_P_ACHN_CREF000_20260216224200_12.2_54.2_73.0_135.0.png,[Errno 2] No such file or directory: 'D:\\BaiduNetdiskDownload\\气象大模型数据（中南）-20260224\\气象雷达拼图（UTC）\\Z_RADA_C_BABJ_P_ACHN_CREF000_20260216224200_12.2_54.2_73.0_135.0.png'
5763,Z_RADA_C_BABJ_P_ACHN_CREF000_20260216224800_12.2_54.2_73.0_135.0.png,[Errno 2] No such file or directory: 'D:\\BaiduNetdiskDownload\\气象大模型数据（中南）-20260224\\气象雷达拼图（UTC）\\Z_RADA_C_BABJ_P_ACHN_CREF000_20260216224800_12.2_54.2_73.0_135.0.png'
5764,Z_RADA_C_BABJ_P_ACHN_CREF000_20260216225400_12.2_54.2_73.0_135.0.png,[Errno 2] No such file or directory: 'D:\\BaiduNetdiskDownload\\气象大模型数据（中南）-20260224\\气象雷达拼图（UTC）\\Z_RADA_C_BABJ_P_ACHN_CREF000_20260216225400_12.2_54.2_73.0_135.0.png'
5765,Z_RADA_C_BABJ_P_ACHN_CREF000_20260216230000_12.2_54.2_73.0_135.0.png,[Errno 2] No such file or directory: 'D:\\BaiduNetdiskDownload\\气象大模型数据（中南）-20260224\\气象雷达拼图（UTC）\\Z_RADA_C_BABJ_P_ACHN_CREF000_20260216230000_12.2_54.2_73.0_135.0.png'
5766,Z_RADA_C_BABJ_P_ACHN_CREF000_20260216230600_12.2_54.2_73.0_135.0.png,[Errno 2] No such file or directory: 'D:\\BaiduNetdiskDownload\\气象大模型数据（中南）-20260224\\气象雷达拼图（UTC）\\Z_RADA_C_BABJ_P_ACHN_CREF000_20260216230600_12.2_54.2_73.0_135.0.png'
5767,Z_RADA_C_BABJ_P_ACHN_CREF000_20260216231200_12.2_54.2_73.0_135.0.png,[Errno 2] No such file or directory: 'D:\\BaiduNetdiskDownload\\气象大模型数据（中南）-20260224\\气象雷达拼图（UTC）\\Z_RADA_C_BABJ_P_ACHN_CREF000_20260216231200_12.2_54.2_73.0_135.0.png'
5768,Z_RADA_C_BABJ_P_ACHN_CREF000_20260216231800_12.2_54.2_73.0_135.0.png,[Errno 2] No such file or directory: 'D:\\BaiduNetdiskDownload\\气象大模型数据（中南）-20260224\\气象雷达拼图（UTC）\\Z_RADA_C_BABJ_P_ACHN_CREF000_20260216231800_12.2_54.2_73.0_135.0.png'
5769,Z_RADA_C_BABJ_P_ACHN_CREF000_20260216232400_12.2_54.2_73.0_135.0.png,[Errno 2] No such file or directory: 'D:\\BaiduNetdiskDownload\\气象大模型数据（中南）-20260224\\气象雷达拼图（UTC）\\Z_RADA_C_BABJ_P_ACHN_CREF000_20260216232400_12.2_54.2_73.0_135.0.png'
5770,Z_RADA_C_BABJ_P_ACHN_CREF000_20260216233000_12.2_54.2_73.0_135.0.png,[Errno 2] No such file or directory: 'D:\\BaiduNetdiskDownload\\气象大模型数据（中南）-20260224\\气象雷达拼图（UTC）\\Z_RADA_C_BABJ_P_ACHN_CREF000_20260216233000_12.2_54.2_73.0_135.0.png'
5771,Z_RADA_C_BABJ_P_ACHN_CREF000_20260216233600_12.2_54.2_73.0_135.0.png,[Errno 2] No such file or directory: 'D:\\BaiduNetdiskDownload\\气象大模型数据（中南）-20260224\\气象雷达拼图（UTC）\\Z_RADA_C_BABJ_P_ACHN_CREF000_20260216233600_12.2_54.2_73.0_135.0.png'
5772,Z_RADA_C_BABJ_P_ACHN_CREF000_20260216234200_12.2_54.2_73.0_135.0.png,[Errno 2] No such file or directory: 'D:\\BaiduNetdiskDownload\\气象大模型数据（中南）-20260224\\气象雷达拼图（UTC）\\Z_RADA_C_BABJ_P_ACHN_CREF000_20260216234200_12.2_54.2_73.0_135.0.png'
5773,Z_RADA_C_BABJ_P_ACHN_CREF000_20260216234800_12.2_54.2_73.0_135.0.png,[Errno 2] No such file or directory: 'D:\\BaiduNetdiskDownload\\气象大模型数据（中南）-20260224\\气象雷达拼图（UTC）\\Z_RADA_C_BABJ_P_ACHN_CREF000_20260216234800_12.2_54.2_73.0_135.0.png'
5774,Z_RADA_C_BABJ_P_ACHN_CREF000_20260216235400_12.2_54.2_73.0_135.0.png,[Errno 2] No such file or directory: 'D:\\BaiduNetdiskDownload\\气象大模型数据（中南）-20260224\\气象雷达拼图（UTC）\\Z_RADA_C_BABJ_P_ACHN_CREF000_20260216235400_12.2_54.2_73.0_135.0.png'
5775,Z_RADA_C_BABJ_P_ACHN_CREF000_20260217000000_12.2_54.2_73.0_135.0.png,[Errno 2] No such file or directory: 'D:\\BaiduNetdiskDownload\\气象大模型数据（中南）-20260224\\气象雷达拼图（UTC）\\Z_RADA_C_BABJ_P_ACHN_CREF000_20260217000000_12.2_54.2_73.0_135.0.png'
5776,Z_RADA_C_BABJ_P_ACHN_CREF000_20260217000600_12.2_54.2_73.0_135.0.png,[Errno 2] No such file or directory: 'D:\\BaiduNetdiskDownload\\气象大模型数据（中南）-20260224\\气象雷达拼图（UTC）\\Z_RADA_C_BABJ_P_ACHN_CREF000_20260217000600_12.2_54.2_73.0_135.0.png'
5777,Z_RADA_C_BABJ_P_ACHN_CREF000_20260217001200_12.2_54.2_73.0_135.0.png,[Errno 2] No such file or directory: 'D:\\BaiduNetdiskDownload\\气象大模型数据（中南）-20260224\\气象雷达拼图（UTC）\\Z_RADA_C_BABJ_P_ACHN_CREF000_20260217001200_12.2_54.2_73.0_135.0.png'
5778,Z_RADA_C_BABJ_P_ACHN_CREF000_20260217001800_12.2_54.2_73.0_135.0.png,[Errno 2] No such file or directory: 'D:\\BaiduNetdiskDownload\\气象大模型数据（中南）-20260224\\气象雷达拼图（UTC）\\Z_RADA_C_BABJ_P_ACHN_CREF000_20260217001800_12.2_54.2_73.0_135.0.png'
5779,Z_RADA_C_BABJ_P_ACHN_CREF000_20260217002400_12.2_54.2_73.0_135.0.png,[Errno 2] No such file or directory: 'D:\\BaiduNetdiskDownload\\气象大模型数据（中南）-20260224\\气象雷达拼图（UTC）\\Z_RADA_C_BABJ_P_ACHN_CREF000_20260217002400_12.2_54.2_73.0_135.0.png'
5780,Z_RADA_C_BABJ_P_ACHN_CREF000_20260217003000_12.2_54.2_73.0_135.0.png,[Errno 2] No such file or directory: 'D:\\BaiduNetdiskDownload\\气象大模型数据（中南）-20260224\\气象雷达拼图（UTC）\\Z_RADA_C_BABJ_P_ACHN_CREF000_20260217003000_12.2_54.2_73.0_135.0.png'
5781,Z_RADA_C_BABJ_P_ACHN_CREF000_20260217003600_12.2_54.2_73.0_135.0.png,[Errno 2] No such file or directory: 'D:\\BaiduNetdiskDownload\\气象大模型数据（中南）-20260224\\气象雷达拼图（UTC）\\Z_RADA_C_BABJ_P_ACHN_CREF000_20260217003600_12.2_54.2_73.0_135.0.png'
5782,Z_RADA_C_BABJ_P_ACHN_CREF000_20260217004200_12.2_54.2_73.0_135.0.png,[Errno 2] No such file or directory: 'D:\\BaiduNetdiskDownload\\气象大模型数据（中南）-20260224\\气象雷达拼图（UTC）\\Z_RADA_C_BABJ_P_ACHN_CREF000_20260217004200_12.2_54.2_73.0_135.0.png'
5783,Z_RADA_C_BABJ_P_ACHN_CREF000_20260217004800_12.2_54.2_73.0_135.0.png,[Errno 2] No such file or directory: 'D:\\BaiduNetdiskDownload\\气象大模型数据（中南）-20260224\\气象雷达拼图（UTC）\\Z_RADA_C_BABJ_P_ACHN_CREF000_20260217004800_12.2_54.2_73.0_135.0.png'
5784,Z_RADA_C_BABJ_P_ACHN_CREF000_20260217005400_12.2_54.2_73.0_135.0.png,[Errno 2] No such file or directory: 'D:\\BaiduNetdiskDownload\\气象大模型数据（中南）-20260224\\气象雷达拼图（UTC）\\Z_RADA_C_BABJ_P_ACHN_CREF000_20260217005400_12.2_54.2_73.0_135.0.png'
5785,Z_RADA_C_BABJ_P_ACHN_CREF000_20260217010000_12.2_54.2_73.0_135.0.png,[Errno 2] No such file or directory: 'D:\\BaiduNetdiskDownload\\气象大模型数据（中南）-20260224\\气象雷达拼图（UTC）\\Z_RADA_C_BABJ_P_ACHN_CREF000_20260217010000_12.2_54.2_73.0_135.0.png'
5786,Z_RADA_C_BABJ_P_ACHN_CREF000_20260217010600_12.2_54.2_73.0_135.0.png,[Errno 2] No such file or directory: 'D:\\BaiduNetdiskDownload\\气象大模型数据（中南）-20260224\\气象雷达拼图（UTC）\\Z_RADA_C_BABJ_P_ACHN_CREF000_20260217010600_12.2_54.2_73.0_135.0.png'
5787,Z_RADA_C_BABJ_P_ACHN_CREF000_20260217011200_12.2_54.2_73.0_135.0.png,[Errno 2] No such file or directory: 'D:\\BaiduNetdiskDownload\\气象大模型数据（中南）-20260224\\气象雷达拼图（UTC）\\Z_RADA_C_BABJ_P_ACHN_CREF000_20260217011200_12.2_54.2_73.0_135.0.png'
5788,Z_RADA_C_BABJ_P_ACHN_CREF000_20260217011800_12.2_54.2_73.0_135.0.png,[Errno 2] No such file or directory: 'D:\\BaiduNetdiskDownload\\气象大模型数据（中南）-20260224\\气象雷达拼图（UTC）\\Z_RADA_C_BABJ_P_ACHN_CREF000_20260217011800_12.2_54.2_73.0_135.0.png'
5789,Z_RADA_C_BABJ_P_ACHN_CREF000_20260217012400_12.2_54.2_73.0_135.0.png,[Errno 2] No such file or directory: 'D:\\BaiduNetdiskDownload\\气象大模型数据（中南）-20260224\\气象雷达拼图（UTC）\\Z_RADA_C_BABJ_P_ACHN_CREF000_20260217012400_12.2_54.2_73.0_135.0.png'
5790,Z_RADA_C_BABJ_P_ACHN_CREF000_20260217013000_12.2_54.2_73.0_135.0.png,[Errno 2] No such file or directory: 'D:\\BaiduNetdiskDownload\\气象大模型数据（中南）-20260224\\气象雷达拼图（UTC）\\Z_RADA_C_BABJ_P_ACHN_CREF000_20260217013000_12.2_54.2_73.0_135.0.png'
5791,Z_RADA_C_BABJ_P_ACHN_CREF000_20260217013600_12.2_54.2_73.0_135.0.png,[Errno 2] No such file or directory: 'D:\\BaiduNetdiskDownload\\气象大模型数据（中南）-20260224\\气象雷达拼图（UTC）\\Z_RADA_C_BABJ_P_ACHN_CREF000_20260217013600_12.2_54.2_73.0_135.0.png'
5792,Z_RADA_C_BABJ_P_ACHN_CREF000_20260217014200_12.2_54.2_73.0_135.0.png,[Errno 2] No such file or directory: 'D:\\BaiduNetdiskDownload\\气象大模型数据（中南）-20260224\\气象雷达拼图（UTC）\\Z_RADA_C_BABJ_P_ACHN_CREF000_20260217014200_12.2_54.2_73.0_135.0.png'
5793,Z_RADA_C_BABJ_P_ACHN_CREF000_20260217014800_12.2_54.2_73.0_135.0.png,[Errno 2] No such file or directory: 'D:\\BaiduNetdiskDownload\\气象大模型数据（中南）-20260224\\气象雷达拼图（UTC）\\Z_RADA_C_BABJ_P_ACHN_CREF000_20260217014800_12.2_54.2_73.0_135.0.png'
5794,Z_RADA_C_BABJ_P_ACHN_CREF000_20260217015400_12.2_54.2_73.0_135.0.png,[Errno 2] No such file or directory: 'D:\\BaiduNetdiskDownload\\气象大模型数据（中南）-20260224\\气象雷达拼图（UTC）\\Z_RADA_C_BABJ_P_ACHN_CREF000_20260217015400_12.2_54.2_73.0_135.0.png'
5795,Z_RADA_C_BABJ_P_ACHN_CREF000_20260217020000_12.2_54.2_73.0_135.0.png,[Errno 2] No such file or directory: 'D:\\BaiduNetdiskDownload\\气象大模型数据（中南）-20260224\\气象雷达拼图（UTC）\\Z_RADA_C_BABJ_P_ACHN_CREF000_20260217020000_12.2_54.2_73.0_135.0.png'
5796,Z_RADA_C_BABJ_P_ACHN_CREF000_20260217020600_12.2_54.2_73.0_135.0.png,[Errno 2] No such file or directory: 'D:\\BaiduNetdiskDownload\\气象大模型数据（中南）-20260224\\气象雷达拼图（UTC）\\Z_RADA_C_BABJ_P_ACHN_CREF000_20260217020600_12.2_54.2_73.0_135.0.png'
5797,Z_RADA_C_BABJ_P_ACHN_CREF000_20260217021200_12.2_54.2_73.0_135.0.png,[Errno 2] No such file or directory: 'D:\\BaiduNetdiskDownload\\气象大模型数据（中南）-20260224\\气象雷达拼图（UTC）\\Z_RADA_C_BABJ_P_ACHN_CREF000_20260217021200_12.2_54.2_73.0_135.0.png'
5798,Z_RADA_C_BABJ_P_ACHN_CREF000_20260217021800_12.2_54.2_73.0_135.0.png,[Errno 2] No such file or directory: 'D:\\BaiduNetdiskDownload\\气象大模型数据（中南）-20260224\\气象雷达拼图（UTC）\\Z_RADA_C_BABJ_P_ACHN_CREF000_20260217021800_12.2_54.2_73.0_135.0.png'
5799,Z_RADA_C_BABJ_P_ACHN_CREF000_20260217022400_12.2_54.2_73.0_135.0.png,[Errno 2] No such file or directory: 'D:\\BaiduNetdiskDownload\\气象大模型数据（中南）-20260224\\气象雷达拼图（UTC）\\Z_RADA_C_BABJ_P_ACHN_CREF000_20260217022400_12.2_54.2_73.0_135.0.png'
5800,Z_RADA_C_BABJ_P_ACHN_CREF000_20260217023000_12.2_54.2_73.0_135.0.png,[Errno 2] No such file or directory: 'D:\\BaiduNetdiskDownload\\气象大模型数据（中南）-20260224\\气象雷达拼图（UTC）\\Z_RADA_C_BABJ_P_ACHN_CREF000_20260217023000_12.2_54.2_73.0_135.0.png'
5801,Z_RADA_C_BABJ_P_ACHN_CREF000_20260217023600_12.2_54.2_73.0_135.0.png,[Errno 2] No such file or directory: 'D:\\BaiduNetdiskDownload\\气象大模型数据（中南）-20260224\\气象雷达拼图（UTC）\\Z_RADA_C_BABJ_P_ACHN_CREF000_20260217023600_12.2_54.2_73.0_135.0.png'
5802,Z_RADA_C_BABJ_P_ACHN_CREF000_20260217024200_12.2_54.2_73.0_135.0.png,[Errno 2] No such file or directory: 'D:\\BaiduNetdiskDownload\\气象大模型数据（中南）-20260224\\气象雷达拼图（UTC）\\Z_RADA_C_BABJ_P_ACHN_CREF000_20260217024200_12.2_54.2_73.0_135.0.png'
5803,Z_RADA_C_BABJ_P_ACHN_CREF000_20260217024800_12.2_54.2_73.0_135.0.png,[Errno 2] No such file or directory: 'D:\\BaiduNetdiskDownload\\气象大模型数据（中南）-20260224\\气象雷达拼图（UTC）\\Z_RADA_C_BABJ_P_ACHN_CREF000_20260217024800_12.2_54.2_73.0_135.0.png'
5804,Z_RADA_C_BABJ_P_ACHN_CREF000_20260217025400_12.2_54.2_73.0_135.0.png,[Errno 2] No such file or directory: 'D:\\BaiduNetdiskDownload\\气象大模型数据（中南）-20260224\\气象雷达拼图（UTC）\\Z_RADA_C_BABJ_P_ACHN_CREF000_20260217025400_12.2_54.2_73.0_135.0.png'
5805,Z_RADA_C_BABJ_P_ACHN_CREF000_20260217030000_12.2_54.2_73.0_135.0.png,[Errno 2] No such file or directory: 'D:\\BaiduNetdiskDownload\\气象大模型数据（中南）-20260224\\气象雷达拼图（UTC）\\Z_RADA_C_BABJ_P_ACHN_CREF000_20260217030000_12.2_54.2_73.0_135.0.png'
5806,Z_RADA_C_BABJ_P_ACHN_CREF000_20260217030600_12.2_54.2_73.0_135.0.png,[Errno 2] No such file or directory: 'D:\\BaiduNetdiskDownload\\气象大模型数据（中南）-20260224\\气象雷达拼图（UTC）\\Z_RADA_C_BABJ_P_ACHN_CREF000_20260217030600_12.2_54.2_73.0_135.0.png'
5807,Z_RADA_C_BABJ_P_ACHN_CREF000_20260217031200_12.2_54.2_73.0_135.0.png,[Errno 2] No such file or directory: 'D:\\BaiduNetdiskDownload\\气象大模型数据（中南）-20260224\\气象雷达拼图（UTC）\\Z_RADA_C_BABJ_P_ACHN_CREF000_20260217031200_12.2_54.2_73.0_135.0.png'
5808,Z_RADA_C_BABJ_P_ACHN_CREF000_20260217031800_12.2_54.2_73.0_135.0.png,[Errno 2] No such file or directory: 'D:\\BaiduNetdiskDownload\\气象大模型数据（中南）-20260224\\气象雷达拼图（UTC）\\Z_RADA_C_BABJ_P_ACHN_CREF000_20260217031800_12.2_54.2_73.0_135.0.png'
5809,Z_RADA_C_BABJ_P_ACHN_CREF000_20260217032400_12.2_54.2_73.0_135.0.png,[Errno 2] No such file or directory: 'D:\\BaiduNetdiskDownload\\气象大模型数据（中南）-20260224\\气象雷达拼图（UTC）\\Z_RADA_C_BABJ_P_ACHN_CREF000_20260217032400_12.2_54.2_73.0_135.0.png'
5810,Z_RADA_C_BABJ_P_ACHN_CREF000_20260217033000_12.2_54.2_73.0_135.0.png,[Errno 2] No such file or directory: 'D:\\BaiduNetdiskDownload\\气象大模型数据（中南）-20260224\\气象雷达拼图（UTC）\\Z_RADA_C_BABJ_P_ACHN_CREF000_20260217033000_12.2_54.2_73.0_135.0.png'
5811,Z_RADA_C_BABJ_P_ACHN_CREF000_20260217033600_12.2_54.2_73.0_135.0.png,[Errno 2] No such file or directory: 'D:\\BaiduNetdiskDownload\\气象大模型数据（中南）-20260224\\气象雷达拼图（UTC）\\Z_RADA_C_BABJ_P_ACHN_CREF000_20260217033600_12.2_54.2_73.0_135.0.png'
5812,Z_RADA_C_BABJ_P_ACHN_CREF000_20260217034200_12.2_54.2_73.0_135.0.png,[Errno 2] No such file or directory: 'D:\\BaiduNetdiskDownload\\气象大模型数据（中南）-20260224\\气象雷达拼图（UTC）\\Z_RADA_C_BABJ_P_ACHN_CREF000_20260217034200_12.2_54.2_73.0_135.0.png'
5813,Z_RADA_C_BABJ_P_ACHN_CREF000_20260217034800_12.2_54.2_73.0_135.0.png,[Errno 2] No such file or directory: 'D:\\BaiduNetdiskDownload\\气象大模型数据（中南）-20260224\\气象雷达拼图（UTC）\\Z_RADA_C_BABJ_P_ACHN_CREF000_20260217034800_12.2_54.2_73.0_135.0.png'
5814,Z_RADA_C_BABJ_P_ACHN_CREF000_20260217035400_12.2_54.2_73.0_135.0.png,[Errno 2] No such file or directory: 'D:\\BaiduNetdiskDownload\\气象大模型数据（中南）-20260224\\气象雷达拼图（UTC）\\Z_RADA_C_BABJ_P_ACHN_CREF000_20260217035400_12.2_54.2_73.0_135.0.png'
5815,Z_RADA_C_BABJ_P_ACHN_CREF000_20260217040000_12.2_54.2_73.0_135.0.png,[Errno 2] No such file or directory: 'D:\\BaiduNetdiskDownload\\气象大模型数据（中南）-20260224\\气象雷达拼图（UTC）\\Z_RADA_C_BABJ_P_ACHN_CREF000_20260217040000_12.2_54.2_73.0_135.0.png'
5816,Z_RADA_C_BABJ_P_ACHN_CREF000_20260217040600_12.2_54.2_73.0_135.0.png,[Errno 2] No such file or directory: 'D:\\BaiduNetdiskDownload\\气象大模型数据（中南）-20260224\\气象雷达拼图（UTC）\\Z_RADA_C_BABJ_P_ACHN_CREF000_20260217040600_12.2_54.2_73.0_135.0.png'
5817,Z_RADA_C_BABJ_P_ACHN_CREF000_20260217041200_12.2_54.2_73.0_135.0.png,[Errno 2] No such file or directory: 'D:\\BaiduNetdiskDownload\\气象大模型数据（中南）-20260224\\气象雷达拼图（UTC）\\Z_RADA_C_BABJ_P_ACHN_CREF000_20260217041200_12.2_54.2_73.0_135.0.png'
5818,Z_RADA_C_BABJ_P_ACHN_CREF000_20260217041800_12.2_54.2_73.0_135.0.png,[Errno 2] No such file or directory: 'D:\\BaiduNetdiskDownload\\气象大模型数据（中南）-20260224\\气象雷达拼图（UTC）\\Z_RADA_C_BABJ_P_ACHN_CREF000_20260217041800_12.2_54.2_73.0_135.0.png'
5819,Z_RADA_C_BABJ_P_ACHN_CREF000_20260217042400_12.2_54.2_73.0_135.0.png,[Errno 2] No such file or directory: 'D:\\BaiduNetdiskDownload\\气象大模型数据（中南）-20260224\\气象雷达拼图（UTC）\\Z_RADA_C_BABJ_P_ACHN_CREF000_20260217042400_12.2_54.2_73.0_135.0.png'
5820,Z_RADA_C_BABJ_P_ACHN_CREF000_20260217043000_12.2_54.2_73.0_135.0.png,[Errno 2] No such file or directory: 'D:\\BaiduNetdiskDownload\\气象大模型数据（中南）-20260224\\气象雷达拼图（UTC）\\Z_RADA_C_BABJ_P_ACHN_CREF000_20260217043000_12.2_54.2_73.0_135.0.png'
5821,Z_RADA_C_BABJ_P_ACHN_CREF000_20260217043600_12.2_54.2_73.0_135.0.png,[Errno 2] No such file or directory: 'D:\\BaiduNetdiskDownload\\气象大模型数据（中南）-20260224\\气象雷达拼图（UTC）\\Z_RADA_C_BABJ_P_ACHN_CREF000_20260217043600_12.2_54.2_73.0_135.0.png'
5822,Z_RADA_C_BABJ_P_ACHN_CREF000_20260217044200_12.2_54.2_73.0_135.0.png,[Errno 2] No such file or directory: 'D:\\BaiduNetdiskDownload\\气象大模型数据（中南）-20260224\\气象雷达拼图（UTC）\\Z_RADA_C_BABJ_P_ACHN_CREF000_20260217044200_12.2_54.2_73.0_135.0.png'
5823,Z_RADA_C_BABJ_P_ACHN_CREF000_20260217044800_12.2_54.2_73.0_135.0.png,[Errno 2] No such file or directory: 'D:\\BaiduNetdiskDownload\\气象大模型数据（中南）-20260224\\气象雷达拼图（UTC）\\Z_RADA_C_BABJ_P_ACHN_CREF000_20260217044800_12.2_54.2_73.0_135.0.png'
5824,Z_RADA_C_BABJ_P_ACHN_CREF000_20260217045400_12.2_54.2_73.0_135.0.png,[Errno 2] No such file or directory: 'D:\\BaiduNetdiskDownload\\气象大模型数据（中南）-20260224\\气象雷达拼图（UTC）\\Z_RADA_C_BABJ_P_ACHN_CREF000_20260217045400_12.2_54.2_73.0_135.0.png'
5825,Z_RADA_C_BABJ_P_ACHN_CREF000_20260217050000_12.2_54.2_73.0_135.0.png,[Errno 2] No such file or directory: 'D:\\BaiduNetdiskDownload\\气象大模型数据（中南）-20260224\\气象雷达拼图（UTC）\\Z_RADA_C_BABJ_P_ACHN_CREF000_20260217050000_12.2_54.2_73.0_135.0.png'
5826,Z_RADA_C_BABJ_P_ACHN_CREF000_20260217050600_12.2_54.2_73.0_135.0.png,[Errno 2] No such file or directory: 'D:\\BaiduNetdiskDownload\\气象大模型数据（中南）-20260224\\气象雷达拼图（UTC）\\Z_RADA_C_BABJ_P_ACHN_CREF000_20260217050600_12.2_54.2_73.0_135.0.png'
5827,Z_RADA_C_BABJ_P_ACHN_CREF000_20260217051200_12.2_54.2_73.0_135.0.png,[Errno 2] No such file or directory: 'D:\\BaiduNetdiskDownload\\气象大模型数据（中南）-20260224\\气象雷达拼图（UTC）\\Z_RADA_C_BABJ_P_ACHN_CREF000_20260217051200_12.2_54.2_73.0_135.0.png'
5828,Z_RADA_C_BABJ_P_ACHN_CREF000_20260217051800_12.2_54.2_73.0_135.0.png,[Errno 2] No such file or directory: 'D:\\BaiduNetdiskDownload\\气象大模型数据（中南）-20260224\\气象雷达拼图（UTC）\\Z_RADA_C_BABJ_P_ACHN_CREF000_20260217051800_12.2_54.2_73.0_135.0.png'
5829,Z_RADA_C_BABJ_P_ACHN_CREF000_20260217052400_12.2_54.2_73.0_135.0.png,[Errno 2] No such file or directory: 'D:\\BaiduNetdiskDownload\\气象大模型数据（中南）-20260224\\气象雷达拼图（UTC）\\Z_RADA_C_BABJ_P_ACHN_CREF000_20260217052400_12.2_54.2_73.0_135.0.png'
5830,Z_RADA_C_BABJ_P_ACHN_CREF000_20260217053000_12.2_54.2_73.0_135.0.png,[Errno 2] No such file or directory: 'D:\\BaiduNetdiskDownload\\气象大模型数据（中南）-20260224\\气象雷达拼图（UTC）\\Z_RADA_C_BABJ_P_ACHN_CREF000_20260217053000_12.2_54.2_73.0_135.0.png'
5831,Z_RADA_C_BABJ_P_ACHN_CREF000_20260217053600_12.2_54.2_73.0_135.0.png,[Errno 2] No such file or directory: 'D:\\BaiduNetdiskDownload\\气象大模型数据（中南）-20260224\\气象雷达拼图（UTC）\\Z_RADA_C_BABJ_P_ACHN_CREF000_20260217053600_12.2_54.2_73.0_135.0.png'
5832,Z_RADA_C_BABJ_P_ACHN_CREF000_20260217054200_12.2_54.2_73.0_135.0.png,[Errno 2] No such file or directory: 'D:\\BaiduNetdiskDownload\\气象大模型数据（中南）-20260224\\气象雷达拼图（UTC）\\Z_RADA_C_BABJ_P_ACHN_CREF000_20260217054200_12.2_54.2_73.0_135.0.png'
5833,Z_RADA_C_BABJ_P_ACHN_CREF000_20260217054800_12.2_54.2_73.0_135.0.png,[Errno 2] No such file or directory: 'D:\\BaiduNetdiskDownload\\气象大模型数据（中南）-20260224\\气象雷达拼图（UTC）\\Z_RADA_C_BABJ_P_ACHN_CREF000_20260217054800_12.2_54.2_73.0_135.0.png'
5834,Z_RADA_C_BABJ_P_ACHN_CREF000_20260217055400_12.2_54.2_73.0_135.0.png,[Errno 2] No such file or directory: 'D:\\BaiduNetdiskDownload\\气象大模型数据（中南）-20260224\\气象雷达拼图（UTC）\\Z_RADA_C_BABJ_P_ACHN_CREF000_20260217055400_12.2_54.2_73.0_135.0.png'
5835,Z_RADA_C_BABJ_P_ACHN_CREF000_20260217060000_12.2_54.2_73.0_135.0.png,[Errno 2] No such file or directory: 'D:\\BaiduNetdiskDownload\\气象大模型数据（中南）-20260224\\气象雷达拼图（UTC）\\Z_RADA_C_BABJ_P_ACHN_CREF000_20260217060000_12.2_54.2_73.0_135.0.png'
5836,Z_RADA_C_BABJ_P_ACHN_CREF000_20260217060600_12.2_54.2_73.0_135.0.png,[Errno 2] No such file or directory: 'D:\\BaiduNetdiskDownload\\气象大模型数据（中南）-20260224\\气象雷达拼图（UTC）\\Z_RADA_C_BABJ_P_ACHN_CREF000_20260217060600_12.2_54.2_73.0_135.0.png'
5837,Z_RADA_C_BABJ_P_ACHN_CREF000_20260217061200_12.2_54.2_73.0_135.0.png,[Errno 2] No such file or directory: 'D:\\BaiduNetdiskDownload\\气象大模型数据（中南）-20260224\\气象雷达拼图（UTC）\\Z_RADA_C_BABJ_P_ACHN_CREF000_20260217061200_12.2_54.2_73.0_135.0.png'
5838,Z_RADA_C_BABJ_P_ACHN_CREF000_20260217061800_12.2_54.2_73.0_135.0.png,[Errno 2] No such file or directory: 'D:\\BaiduNetdiskDownload\\气象大模型数据（中南）-20260224\\气象雷达拼图（UTC）\\Z_RADA_C_BABJ_P_ACHN_CREF000_20260217061800_12.2_54.2_73.0_135.0.png'
5839,Z_RADA_C_BABJ_P_ACHN_CREF000_20260217062400_12.2_54.2_73.0_135.0.png,[Errno 2] No such file or directory: 'D:\\BaiduNetdiskDownload\\气象大模型数据（中南）-20260224\\气象雷达拼图（UTC）\\Z_RADA_C_BABJ_P_ACHN_CREF000_20260217062400_12.2_54.2_73.0_135.0.png'
5840,Z_RADA_C_BABJ_P_ACHN_CREF000_20260217063000_12.2_54.2_73.0_135.0.png,[Errno 2] No such file or directory: 'D:\\BaiduNetdiskDownload\\气象大模型数据（中南）-20260224\\气象雷达拼图（UTC）\\Z_RADA_C_BABJ_P_ACHN_CREF000_20260217063000_12.2_54.2_73.0_135.0.png'
5841,Z_RADA_C_BABJ_P_ACHN_CREF000_20260217063600_12.2_54.2_73.0_135.0.png,[Errno 2] No such file or directory: 'D:\\BaiduNetdiskDownload\\气象大模型数据（中南）-20260224\\气象雷达拼图（UTC）\\Z_RADA_C_BABJ_P_ACHN_CREF000_20260217063600_12.2_54.2_73.0_135.0.png'
5842,Z_RADA_C_BABJ_P_ACHN_CREF000_20260217064200_12.2_54.2_73.0_135.0.png,[Errno 2] No such file or directory: 'D:\\BaiduNetdiskDownload\\气象大模型数据（中南）-20260224\\气象雷达拼图（UTC）\\Z_RADA_C_BABJ_P_ACHN_CREF000_20260217064200_12.2_54.2_73.0_135.0.png'
5843,Z_RADA_C_BABJ_P_ACHN_CREF000_20260217064800_12.2_54.2_73.0_135.0.png,[Errno 2] No such file or directory: 'D:\\BaiduNetdiskDownload\\气象大模型数据（中南）-20260224\\气象雷达拼图（UTC）\\Z_RADA_C_BABJ_P_ACHN_CREF000_20260217064800_12.2_54.2_73.0_135.0.png'
5844,Z_RADA_C_BABJ_P_ACHN_CREF000_20260217065400_12.2_54.2_73.0_135.0.png,[Errno 2] No such file or directory: 'D:\\BaiduNetdiskDownload\\气象大模型数据（中南）-20260224\\气象雷达拼图（UTC）\\Z_RADA_C_BABJ_P_ACHN_CREF000_20260217065400_12.2_54.2_73.0_135.0.png'
5845,Z_RADA_C_BABJ_P_ACHN_CREF000_20260217070000_12.2_54.2_73.0_135.0.png,[Errno 2] No such file or directory: 'D:\\BaiduNetdiskDownload\\气象大模型数据（中南）-20260224\\气象雷达拼图（UTC）\\Z_RADA_C_BABJ_P_ACHN_CREF000_20260217070000_12.2_54.2_73.0_135.0.png'
5846,Z_RADA_C_BABJ_P_ACHN_CREF000_20260217070600_12.2_54.2_73.0_135.0.png,[Errno 2] No such file or directory: 'D:\\BaiduNetdiskDownload\\气象大模型数据（中南）-20260224\\气象雷达拼图（UTC）\\Z_RADA_C_BABJ_P_ACHN_CREF000_20260217070600_12.2_54.2_73.0_135.0.png'
5847,Z_RADA_C_BABJ_P_ACHN_CREF000_20260217071200_12.2_54.2_73.0_135.0.png,[Errno 2] No such file or directory: 'D:\\BaiduNetdiskDownload\\气象大模型数据（中南）-20260224\\气象雷达拼图（UTC）\\Z_RADA_C_BABJ_P_ACHN_CREF000_20260217071200_12.2_54.2_73.0_135.0.png'
5848,Z_RADA_C_BABJ_P_ACHN_CREF000_20260217071800_12.2_54.2_73.0_135.0.png,[Errno 2] No such file or directory: 'D:\\BaiduNetdiskDownload\\气象大模型数据（中南）-20260224\\气象雷达拼图（UTC）\\Z_RADA_C_BABJ_P_ACHN_CREF000_20260217071800_12.2_54.2_73.0_135.0.png'
5849,Z_RADA_C_BABJ_P_ACHN_CREF000_20260217072400_12.2_54.2_73.0_135.0.png,[Errno 2] No such file or directory: 'D:\\BaiduNetdiskDownload\\气象大模型数据（中南）-20260224\\气象雷达拼图（UTC）\\Z_RADA_C_BABJ_P_ACHN_CREF000_20260217072400_12.2_54.2_73.0_135.0.png'
5850,Z_RADA_C_BABJ_P_ACHN_CREF000_20260217073000_12.2_54.2_73.0_135.0.png,[Errno 2] No such file or directory: 'D:\\BaiduNetdiskDownload\\气象大模型数据（中南）-20260224\\气象雷达拼图（UTC）\\Z_RADA_C_BABJ_P_ACHN_CREF000_20260217073000_12.2_54.2_73.0_135.0.png'
5851,Z_RADA_C_BABJ_P_ACHN_CREF000_20260217073600_12.2_54.2_73.0_135.0.png,[Errno 2] No such file or directory: 'D:\\BaiduNetdiskDownload\\气象大模型数据（中南）-20260224\\气象雷达拼图（UTC）\\Z_RADA_C_BABJ_P_ACHN_CREF000_20260217073600_12.2_54.2_73.0_135.0.png'
5852,Z_RADA_C_BABJ_P_ACHN_CREF000_20260217074200_12.2_54.2_73.0_135.0.png,[Errno 2] No such file or directory: 'D:\\BaiduNetdiskDownload\\气象大模型数据（中南）-20260224\\气象雷达拼图（UTC）\\Z_RADA_C_BABJ_P_ACHN_CREF000_20260217074200_12.2_54.2_73.0_135.0.png'
5853,Z_RADA_C_BABJ_P_ACHN_CREF000_20260217074800_12.2_54.2_73.0_135.0.png,[Errno 2] No such file or directory: 'D:\\BaiduNetdiskDownload\\气象大模型数据（中南）-20260224\\气象雷达拼图（UTC）\\Z_RADA_C_BABJ_P_ACHN_CREF000_20260217074800_12.2_54.2_73.0_135.0.png'
5854,Z_RADA_C_BABJ_P_ACHN_CREF000_20260217075400_12.2_54.2_73.0_135.0.png,[Errno 2] No such file or directory: 'D:\\BaiduNetdiskDownload\\气象大模型数据（中南）-20260224\\气象雷达拼图（UTC）\\Z_RADA_C_BABJ_P_ACHN_CREF000_20260217075400_12.2_54.2_73.0_135.0.png'
5855,Z_RADA_C_BABJ_P_ACHN_CREF000_20260217080000_12.2_54.2_73.0_135.0.png,[Errno 2] No such file or directory: 'D:\\BaiduNetdiskDownload\\气象大模型数据（中南）-20260224\\气象雷达拼图（UTC）\\Z_RADA_C_BABJ_P_ACHN_CREF000_20260217080000_12.2_54.2_73.0_135.0.png'
5856,Z_RADA_C_BABJ_P_ACHN_CREF000_20260217080600_12.2_54.2_73.0_135.0.png,[Errno 2] No such file or directory: 'D:\\BaiduNetdiskDownload\\气象大模型数据（中南）-20260224\\气象雷达拼图（UTC）\\Z_RADA_C_BABJ_P_ACHN_CREF000_20260217080600_12.2_54.2_73.0_135.0.png'
5857,Z_RADA_C_BABJ_P_ACHN_CREF000_20260217081200_12.2_54.2_73.0_135.0.png,[Errno 2] No such file or directory: 'D:\\BaiduNetdiskDownload\\气象大模型数据（中南）-20260224\\气象雷达拼图（UTC）\\Z_RADA_C_BABJ_P_ACHN_CREF000_20260217081200_12.2_54.2_73.0_135.0.png'
5858,Z_RADA_C_BABJ_P_ACHN_CREF000_20260217081800_12.2_54.2_73.0_135.0.png,[Errno 2] No such file or directory: 'D:\\BaiduNetdiskDownload\\气象大模型数据（中南）-20260224\\气象雷达拼图（UTC）\\Z_RADA_C_BABJ_P_ACHN_CREF000_20260217081800_12.2_54.2_73.0_135.0.png'
5859,Z_RADA_C_BABJ_P_ACHN_CREF000_20260217082400_12.2_54.2_73.0_135.0.png,[Errno 2] No such file or directory: 'D:\\BaiduNetdiskDownload\\气象大模型数据（中南）-20260224\\气象雷达拼图（UTC）\\Z_RADA_C_BABJ_P_ACHN_CREF000_20260217082400_12.2_54.2_73.0_135.0.png'
5860,Z_RADA_C_BABJ_P_ACHN_CREF000_20260217083000_12.2_54.2_73.0_135.0.png,[Errno 2] No such file or directory: 'D:\\BaiduNetdiskDownload\\气象大模型数据（中南）-20260224\\气象雷达拼图（UTC）\\Z_RADA_C_BABJ_P_ACHN_CREF000_20260217083000_12.2_54.2_73.0_135.0.png'
5861,Z_RADA_C_BABJ_P_ACHN_CREF000_20260217083600_12.2_54.2_73.0_135.0.png,[Errno 2] No such file or directory: 'D:\\BaiduNetdiskDownload\\气象大模型数据（中南）-20260224\\气象雷达拼图（UTC）\\Z_RADA_C_BABJ_P_ACHN_CREF000_20260217083600_12.2_54.2_73.0_135.0.png'
5862,Z_RADA_C_BABJ_P_ACHN_CREF000_20260217084200_12.2_54.2_73.0_135.0.png,[Errno 2] No such file or directory: 'D:\\BaiduNetdiskDownload\\气象大模型数据（中南）-20260224\\气象雷达拼图（UTC）\\Z_RADA_C_BABJ_P_ACHN_CREF000_20260217084200_12.2_54.2_73.0_135.0.png'
5863,Z_RADA_C_BABJ_P_ACHN_CREF000_20260217084800_12.2_54.2_73.0_135.0.png,[Errno 2] No such file or directory: 'D:\\BaiduNetdiskDownload\\气象大模型数据（中南）-20260224\\气象雷达拼图（UTC）\\Z_RADA_C_BABJ_P_ACHN_CREF000_20260217084800_12.2_54.2_73.0_135.0.png'
5864,Z_RADA_C_BABJ_P_ACHN_CREF000_20260217085400_12.2_54.2_73.0_135.0.png,[Errno 2] No such file or directory: 'D:\\BaiduNetdiskDownload\\气象大模型数据（中南）-20260224\\气象雷达拼图（UTC）\\Z_RADA_C_BABJ_P_ACHN_CREF000_20260217085400_12.2_54.2_73.0_135.0.png'
5865,Z_RADA_C_BABJ_P_ACHN_CREF000_20260217090000_12.2_54.2_73.0_135.0.png,[Errno 2] No such file or directory: 'D:\\BaiduNetdiskDownload\\气象大模型数据（中南）-20260224\\气象雷达拼图（UTC）\\Z_RADA_C_BABJ_P_ACHN_CREF000_20260217090000_12.2_54.2_73.0_135.0.png'
5866,Z_RADA_C_BABJ_P_ACHN_CREF000_20260217090600_12.2_54.2_73.0_135.0.png,[Errno 2] No such file or directory: 'D:\\BaiduNetdiskDownload\\气象大模型数据（中南）-20260224\\气象雷达拼图（UTC）\\Z_RADA_C_BABJ_P_ACHN_CREF000_20260217090600_12.2_54.2_73.0_135.0.png'
5867,Z_RADA_C_BABJ_P_ACHN_CREF000_20260217091200_12.2_54.2_73.0_135.0.png,[Errno 2] No such file or directory: 'D:\\BaiduNetdiskDownload\\气象大模型数据（中南）-20260224\\气象雷达拼图（UTC）\\Z_RADA_C_BABJ_P_ACHN_CREF000_20260217091200_12.2_54.2_73.0_135.0.png'
5868,Z_RADA_C_BABJ_P_ACHN_CREF000_20260217091800_12.2_54.2_73.0_135.0.png,[Errno 2] No such file or directory: 'D:\\BaiduNetdiskDownload\\气象大模型数据（中南）-20260224\\气象雷达拼图（UTC）\\Z_RADA_C_BABJ_P_ACHN_CREF000_20260217091800_12.2_54.2_73.0_135.0.png'
5869,Z_RADA_C_BABJ_P_ACHN_CREF000_20260217092400_12.2_54.2_73.0_135.0.png,[Errno 2] No such file or directory: 'D:\\BaiduNetdiskDownload\\气象大模型数据（中南）-20260224\\气象雷达拼图（UTC）\\Z_RADA_C_BABJ_P_ACHN_CREF000_20260217092400_12.2_54.2_73.0_135.0.png'
5870,Z_RADA_C_BABJ_P_ACHN_CREF000_20260217093000_12.2_54.2_73.0_135.0.png,[Errno 2] No such file or directory: 'D:\\BaiduNetdiskDownload\\气象大模型数据（中南）-20260224\\气象雷达拼图（UTC）\\Z_RADA_C_BABJ_P_ACHN_CREF000_20260217093000_12.2_54.2_73.0_135.0.png'
5871,Z_RADA_C_BABJ_P_ACHN_CREF000_20260217093600_12.2_54.2_73.0_135.0.png,[Errno 2] No such file or directory: 'D:\\BaiduNetdiskDownload\\气象大模型数据（中南）-20260224\\气象雷达拼图（UTC）\\Z_RADA_C_BABJ_P_ACHN_CREF000_20260217093600_12.2_54.2_73.0_135.0.png'
5872,Z_RADA_C_BABJ_P_ACHN_CREF000_20260217094200_12.2_54.2_73.0_135.0.png,[Errno 2] No such file or directory: 'D:\\BaiduNetdiskDownload\\气象大模型数据（中南）-20260224\\气象雷达拼图（UTC）\\Z_RADA_C_BABJ_P_ACHN_CREF000_20260217094200_12.2_54.2_73.0_135.0.png'
5873,Z_RADA_C_BABJ_P_ACHN_CREF000_20260217094800_12.2_54.2_73.0_135.0.png,[Errno 2] No such file or directory: 'D:\\BaiduNetdiskDownload\\气象大模型数据（中南）-20260224\\气象雷达拼图（UTC）\\Z_RADA_C_BABJ_P_ACHN_CREF000_20260217094800_12.2_54.2_73.0_135.0.png'
5874,Z_RADA_C_BABJ_P_ACHN_CREF000_20260217095400_12.2_54.2_73.0_135.0.png,[Errno 2] No such file or directory: 'D:\\BaiduNetdiskDownload\\气象大模型数据（中南）-20260224\\气象雷达拼图（UTC）\\Z_RADA_C_BABJ_P_ACHN_CREF000_20260217095400_12.2_54.2_73.0_135.0.png'
5875,Z_RADA_C_BABJ_P_ACHN_CREF000_20260217100000_12.2_54.2_73.0_135.0.png,[Errno 2] No such file or directory: 'D:\\BaiduNetdiskDownload\\气象大模型数据（中南）-20260224\\气象雷达拼图（UTC）\\Z_RADA_C_BABJ_P_ACHN_CREF000_20260217100000_12.2_54.2_73.0_135.0.png'
5876,Z_RADA_C_BABJ_P_ACHN_CREF000_20260217100600_12.2_54.2_73.0_135.0.png,[Errno 2] No such file or directory: 'D:\\BaiduNetdiskDownload\\气象大模型数据（中南）-20260224\\气象雷达拼图（UTC）\\Z_RADA_C_BABJ_P_ACHN_CREF000_20260217100600_12.2_54.2_73.0_135.0.png'
5877,Z_RADA_C_BABJ_P_ACHN_CREF000_20260217101200_12.2_54.2_73.0_135.0.png,[Errno 2] No such file or directory: 'D:\\BaiduNetdiskDownload\\气象大模型数据（中南）-20260224\\气象雷达拼图（UTC）\\Z_RADA_C_BABJ_P_ACHN_CREF000_20260217101200_12.2_54.2_73.0_135.0.png'
5878,Z_RADA_C_BABJ_P_ACHN_CREF000_20260217101800_12.2_54.2_73.0_135.0.png,[Errno 2] No such file or directory: 'D:\\BaiduNetdiskDownload\\气象大模型数据（中南）-20260224\\气象雷达拼图（UTC）\\Z_RADA_C_BABJ_P_ACHN_CREF000_20260217101800_12.2_54.2_73.0_135.0.png'
5879,Z_RADA_C_BABJ_P_ACHN_CREF000_20260217102400_12.2_54.2_73.0_135.0.png,[Errno 2] No such file or directory: 'D:\\BaiduNetdiskDownload\\气象大模型数据（中南）-20260224\\气象雷达拼图（UTC）\\Z_RADA_C_BABJ_P_ACHN_CREF000_20260217102400_12.2_54.2_73.0_135.0.png'
5880,Z_RADA_C_BABJ_P_ACHN_CREF000_20260217103000_12.2_54.2_73.0_135.0.png,[Errno 2] No such file or directory: 'D:\\BaiduNetdiskDownload\\气象大模型数据（中南）-20260224\\气象雷达拼图（UTC）\\Z_RADA_C_BABJ_P_ACHN_CREF000_20260217103000_12.2_54.2_73.0_135.0.png'
5881,Z_RADA_C_BABJ_P_ACHN_CREF000_20260217103600_12.2_54.2_73.0_135.0.png,[Errno 2] No such file or directory: 'D:\\BaiduNetdiskDownload\\气象大模型数据（中南）-20260224\\气象雷达拼图（UTC）\\Z_RADA_C_BABJ_P_ACHN_CREF000_20260217103600_12.2_54.2_73.0_135.0.png'
5882,Z_RADA_C_BABJ_P_ACHN_CREF000_20260217104200_12.2_54.2_73.0_135.0.png,[Errno 2] No such file or directory: 'D:\\BaiduNetdiskDownload\\气象大模型数据（中南）-20260224\\气象雷达拼图（UTC）\\Z_RADA_C_BABJ_P_ACHN_CREF000_20260217104200_12.2_54.2_73.0_135.0.png'
5883,Z_RADA_C_BABJ_P_ACHN_CREF000_20260217104800_12.2_54.2_73.0_135.0.png,[Errno 2] No such file or directory: 'D:\\BaiduNetdiskDownload\\气象大模型数据（中南）-20260224\\气象雷达拼图（UTC）\\Z_RADA_C_BABJ_P_ACHN_CREF000_20260217104800_12.2_54.2_73.0_135.0.png'
5884,Z_RADA_C_BABJ_P_ACHN_CREF000_20260217105400_12.2_54.2_73.0_135.0.png,[Errno 2] No such file or directory: 'D:\\BaiduNetdiskDownload\\气象大模型数据（中南）-20260224\\气象雷达拼图（UTC）\\Z_RADA_C_BABJ_P_ACHN_CREF000_20260217105400_12.2_54.2_73.0_135.0.png'
5885,Z_RADA_C_BABJ_P_ACHN_CREF000_20260217110000_12.2_54.2_73.0_135.0.png,[Errno 2] No such file or directory: 'D:\\BaiduNetdiskDownload\\气象大模型数据（中南）-20260224\\气象雷达拼图（UTC）\\Z_RADA_C_BABJ_P_ACHN_CREF000_20260217110000_12.2_54.2_73.0_135.0.png'
5886,Z_RADA_C_BABJ_P_ACHN_CREF000_20260217110600_12.2_54.2_73.0_135.0.png,[Errno 2] No such file or directory: 'D:\\BaiduNetdiskDownload\\气象大模型数据（中南）-20260224\\气象雷达拼图（UTC）\\Z_RADA_C_BABJ_P_ACHN_CREF000_20260217110600_12.2_54.2_73.0_135.0.png'
5887,Z_RADA_C_BABJ_P_ACHN_CREF000_20260217111200_12.2_54.2_73.0_135.0.png,[Errno 2] No such file or directory: 'D:\\BaiduNetdiskDownload\\气象大模型数据（中南）-20260224\\气象雷达拼图（UTC）\\Z_RADA_C_BABJ_P_ACHN_CREF000_20260217111200_12.2_54.2_73.0_135.0.png'
5888,Z_RADA_C_BABJ_P_ACHN_CREF000_20260217111800_12.2_54.2_73.0_135.0.png,[Errno 2] No such file or directory: 'D:\\BaiduNetdiskDownload\\气象大模型数据（中南）-20260224\\气象雷达拼图（UTC）\\Z_RADA_C_BABJ_P_ACHN_CREF000_20260217111800_12.2_54.2_73.0_135.0.png'
5889,Z_RADA_C_BABJ_P_ACHN_CREF000_20260217112400_12.2_54.2_73.0_135.0.png,[Errno 2] No such file or directory: 'D:\\BaiduNetdiskDownload\\气象大模型数据（中南）-20260224\\气象雷达拼图（UTC）\\Z_RADA_C_BABJ_P_ACHN_CREF000_20260217112400_12.2_54.2_73.0_135.0.png'
5890,Z_RADA_C_BABJ_P_ACHN_CREF000_20260217113000_12.2_54.2_73.0_135.0.png,[Errno 2] No such file or directory: 'D:\\BaiduNetdiskDownload\\气象大模型数据（中南）-20260224\\气象雷达拼图（UTC）\\Z_RADA_C_BABJ_P_ACHN_CREF000_20260217113000_12.2_54.2_73.0_135.0.png'
5891,Z_RADA_C_BABJ_P_ACHN_CREF000_20260217113600_12.2_54.2_73.0_135.0.png,[Errno 2] No such file or directory: 'D:\\BaiduNetdiskDownload\\气象大模型数据（中南）-20260224\\气象雷达拼图（UTC）\\Z_RADA_C_BABJ_P_ACHN_CREF000_20260217113600_12.2_54.2_73.0_135.0.png'
5892,Z_RADA_C_BABJ_P_ACHN_CREF000_20260217114200_12.2_54.2_73.0_135.0.png,[Errno 2] No such file or directory: 'D:\\BaiduNetdiskDownload\\气象大模型数据（中南）-20260224\\气象雷达拼图（UTC）\\Z_RADA_C_BABJ_P_ACHN_CREF000_20260217114200_12.2_54.2_73.0_135.0.png'
5893,Z_RADA_C_BABJ_P_ACHN_CREF000_20260217114800_12.2_54.2_73.0_135.0.png,[Errno 2] No such file or directory: 'D:\\BaiduNetdiskDownload\\气象大模型数据（中南）-20260224\\气象雷达拼图（UTC）\\Z_RADA_C_BABJ_P_ACHN_CREF000_20260217114800_12.2_54.2_73.0_135.0.png'
5894,Z_RADA_C_BABJ_P_ACHN_CREF000_20260217115400_12.2_54.2_73.0_135.0.png,[Errno 2] No such file or directory: 'D:\\BaiduNetdiskDownload\\气象大模型数据（中南）-20260224\\气象雷达拼图（UTC）\\Z_RADA_C_BABJ_P_ACHN_CREF000_20260217115400_12.2_54.2_73.0_135.0.png'
5895,Z_RADA_C_BABJ_P_ACHN_CREF000_20260217120000_12.2_54.2_73.0_135.0.png,[Errno 2] No such file or directory: 'D:\\BaiduNetdiskDownload\\气象大模型数据（中南）-20260224\\气象雷达拼图（UTC）\\Z_RADA_C_BABJ_P_ACHN_CREF000_20260217120000_12.2_54.2_73.0_135.0.png'
5896,Z_RADA_C_BABJ_P_ACHN_CREF000_20260217120600_12.2_54.2_73.0_135.0.png,[Errno 2] No such file or directory: 'D:\\BaiduNetdiskDownload\\气象大模型数据（中南）-20260224\\气象雷达拼图（UTC）\\Z_RADA_C_BABJ_P_ACHN_CREF000_20260217120600_12.2_54.2_73.0_135.0.png'
5897,Z_RADA_C_BABJ_P_ACHN_CREF000_20260217121200_12.2_54.2_73.0_135.0.png,[Errno 2] No such file or directory: 'D:\\BaiduNetdiskDownload\\气象大模型数据（中南）-20260224\\气象雷达拼图（UTC）\\Z_RADA_C_BABJ_P_ACHN_CREF000_20260217121200_12.2_54.2_73.0_135.0.png'
5898,Z_RADA_C_BABJ_P_ACHN_CREF000_20260217121800_12.2_54.2_73.0_135.0.png,[Errno 2] No such file or directory: 'D:\\BaiduNetdiskDownload\\气象大模型数据（中南）-20260224\\气象雷达拼图（UTC）\\Z_RADA_C_BABJ_P_ACHN_CREF000_20260217121800_12.2_54.2_73.0_135.0.png'
5899,Z_RADA_C_BABJ_P_ACHN_CREF000_20260217122400_12.2_54.2_73.0_135.0.png,[Errno 2] No such file or directory: 'D:\\BaiduNetdiskDownload\\气象大模型数据（中南）-20260224\\气象雷达拼图（UTC）\\Z_RADA_C_BABJ_P_ACHN_CREF000_20260217122400_12.2_54.2_73.0_135.0.png'
5900,Z_RADA_C_BABJ_P_ACHN_CREF000_20260217123000_12.2_54.2_73.0_135.0.png,[Errno 2] No such file or directory: 'D:\\BaiduNetdiskDownload\\气象大模型数据（中南）-20260224\\气象雷达拼图（UTC）\\Z_RADA_C_BABJ_P_ACHN_CREF000_20260217123000_12.2_54.2_73.0_135.0.png'
5901,Z_RADA_C_BABJ_P_ACHN_CREF000_20260217123600_12.2_54.2_73.0_135.0.png,[Errno 2] No such file or directory: 'D:\\BaiduNetdiskDownload\\气象大模型数据（中南）-20260224\\气象雷达拼图（UTC）\\Z_RADA_C_BABJ_P_ACHN_CREF000_20260217123600_12.2_54.2_73.0_135.0.png'
5902,Z_RADA_C_BABJ_P_ACHN_CREF000_20260217124200_12.2_54.2_73.0_135.0.png,[Errno 2] No such file or directory: 'D:\\BaiduNetdiskDownload\\气象大模型数据（中南）-20260224\\气象雷达拼图（UTC）\\Z_RADA_C_BABJ_P_ACHN_CREF000_20260217124200_12.2_54.2_73.0_135.0.png'
5903,Z_RADA_C_BABJ_P_ACHN_CREF000_20260217124800_12.2_54.2_73.0_135.0.png,[Errno 2] No such file or directory: 'D:\\BaiduNetdiskDownload\\气象大模型数据（中南）-20260224\\气象雷达拼图（UTC）\\Z_RADA_C_BABJ_P_ACHN_CREF000_20260217124800_12.2_54.2_73.0_135.0.png'
5904,Z_RADA_C_BABJ_P_ACHN_CREF000_20260217125400_12.2_54.2_73.0_135.0.png,[Errno 2] No such file or directory: 'D:\\BaiduNetdiskDownload\\气象大模型数据（中南）-20260224\\气象雷达拼图（UTC）\\Z_RADA_C_BABJ_P_ACHN_CREF000_20260217125400_12.2_54.2_73.0_135.0.png'
5905,Z_RADA_C_BABJ_P_ACHN_CREF000_20260217130000_12.2_54.2_73.0_135.0.png,[Errno 2] No such file or directory: 'D:\\BaiduNetdiskDownload\\气象大模型数据（中南）-20260224\\气象雷达拼图（UTC）\\Z_RADA_C_BABJ_P_ACHN_CREF000_20260217130000_12.2_54.2_73.0_135.0.png'
5906,Z_RADA_C_BABJ_P_ACHN_CREF000_20260217130600_12.2_54.2_73.0_135.0.png,[Errno 2] No such file or directory: 'D:\\BaiduNetdiskDownload\\气象大模型数据（中南）-20260224\\气象雷达拼图（UTC）\\Z_RADA_C_BABJ_P_ACHN_CREF000_20260217130600_12.2_54.2_73.0_135.0.png'
5907,Z_RADA_C_BABJ_P_ACHN_CREF000_20260217131200_12.2_54.2_73.0_135.0.png,[Errno 2] No such file or directory: 'D:\\BaiduNetdiskDownload\\气象大模型数据（中南）-20260224\\气象雷达拼图（UTC）\\Z_RADA_C_BABJ_P_ACHN_CREF000_20260217131200_12.2_54.2_73.0_135.0.png'
5908,Z_RADA_C_BABJ_P_ACHN_CREF000_20260217131800_12.2_54.2_73.0_135.0.png,[Errno 2] No such file or directory: 'D:\\BaiduNetdiskDownload\\气象大模型数据（中南）-20260224\\气象雷达拼图（UTC）\\Z_RADA_C_BABJ_P_ACHN_CREF000_20260217131800_12.2_54.2_73.0_135.0.png'
5909,Z_RADA_C_BABJ_P_ACHN_CREF000_20260217132400_12.2_54.2_73.0_135.0.png,[Errno 2] No such file or directory: 'D:\\BaiduNetdiskDownload\\气象大模型数据（中南）-20260224\\气象雷达拼图（UTC）\\Z_RADA_C_BABJ_P_ACHN_CREF000_20260217132400_12.2_54.2_73.0_135.0.png'
5910,Z_RADA_C_BABJ_P_ACHN_CREF000_20260217133000_12.2_54.2_73.0_135.0.png,[Errno 2] No such file or directory: 'D:\\BaiduNetdiskDownload\\气象大模型数据（中南）-20260224\\气象雷达拼图（UTC）\\Z_RADA_C_BABJ_P_ACHN_CREF000_20260217133000_12.2_54.2_73.0_135.0.png'
5911,Z_RADA_C_BABJ_P_ACHN_CREF000_20260217133600_12.2_54.2_73.0_135.0.png,[Errno 2] No such file or directory: 'D:\\BaiduNetdiskDownload\\气象大模型数据（中南）-20260224\\气象雷达拼图（UTC）\\Z_RADA_C_BABJ_P_ACHN_CREF000_20260217133600_12.2_54.2_73.0_135.0.png'
5912,Z_RADA_C_BABJ_P_ACHN_CREF000_20260217134200_12.2_54.2_73.0_135.0.png,[Errno 2] No such file or directory: 'D:\\BaiduNetdiskDownload\\气象大模型数据（中南）-20260224\\气象雷达拼图（UTC）\\Z_RADA_C_BABJ_P_ACHN_CREF000_20260217134200_12.2_54.2_73.0_135.0.png'
5913,Z_RADA_C_BABJ_P_ACHN_CREF000_20260217134800_12.2_54.2_73.0_135.0.png,[Errno 2] No such file or directory: 'D:\\BaiduNetdiskDownload\\气象大模型数据（中南）-20260224\\气象雷达拼图（UTC）\\Z_RADA_C_BABJ_P_ACHN_CREF000_20260217134800_12.2_54.2_73.0_135.0.png'
5914,Z_RADA_C_BABJ_P_ACHN_CREF000_20260217135400_12.2_54.2_73.0_135.0.png,[Errno 2] No such file or directory: 'D:\\BaiduNetdiskDownload\\气象大模型数据（中南）-20260224\\气象雷达拼图（UTC）\\Z_RADA_C_BABJ_P_ACHN_CREF000_20260217135400_12.2_54.2_73.0_135.0.png'
5915,Z_RADA_C_BABJ_P_ACHN_CREF000_20260217140000_12.2_54.2_73.0_135.0.png,[Errno 2] No such file or directory: 'D:\\BaiduNetdiskDownload\\气象大模型数据（中南）-20260224\\气象雷达拼图（UTC）\\Z_RADA_C_BABJ_P_ACHN_CREF000_20260217140000_12.2_54.2_73.0_135.0.png'
5916,Z_RADA_C_BABJ_P_ACHN_CREF000_20260217140600_12.2_54.2_73.0_135.0.png,[Errno 2] No such file or directory: 'D:\\BaiduNetdiskDownload\\气象大模型数据（中南）-20260224\\气象雷达拼图（UTC）\\Z_RADA_C_BABJ_P_ACHN_CREF000_20260217140600_12.2_54.2_73.0_135.0.png'
5917,Z_RADA_C_BABJ_P_ACHN_CREF000_20260217141200_12.2_54.2_73.0_135.0.png,[Errno 2] No such file or directory: 'D:\\BaiduNetdiskDownload\\气象大模型数据（中南）-20260224\\气象雷达拼图（UTC）\\Z_RADA_C_BABJ_P_ACHN_CREF000_20260217141200_12.2_54.2_73.0_135.0.png'
5918,Z_RADA_C_BABJ_P_ACHN_CREF000_20260217141800_12.2_54.2_73.0_135.0.png,[Errno 2] No such file or directory: 'D:\\BaiduNetdiskDownload\\气象大模型数据（中南）-20260224\\气象雷达拼图（UTC）\\Z_RADA_C_BABJ_P_ACHN_CREF000_20260217141800_12.2_54.2_73.0_135.0.png'
5919,Z_RADA_C_BABJ_P_ACHN_CREF000_20260217142400_12.2_54.2_73.0_135.0.png,[Errno 2] No such file or directory: 'D:\\BaiduNetdiskDownload\\气象大模型数据（中南）-20260224\\气象雷达拼图（UTC）\\Z_RADA_C_BABJ_P_ACHN_CREF000_20260217142400_12.2_54.2_73.0_135.0.png'
5920,Z_RADA_C_BABJ_P_ACHN_CREF000_20260217143000_12.2_54.2_73.0_135.0.png,[Errno 2] No such file or directory: 'D:\\BaiduNetdiskDownload\\气象大模型数据（中南）-20260224\\气象雷达拼图（UTC）\\Z_RADA_C_BABJ_P_ACHN_CREF000_20260217143000_12.2_54.2_73.0_135.0.png'
5921,Z_RADA_C_BABJ_P_ACHN_CREF000_20260217143600_12.2_54.2_73.0_135.0.png,[Errno 2] No such file or directory: 'D:\\BaiduNetdiskDownload\\气象大模型数据（中南）-20260224\\气象雷达拼图（UTC）\\Z_RADA_C_BABJ_P_ACHN_CREF000_20260217143600_12.2_54.2_73.0_135.0.png'
5922,Z_RADA_C_BABJ_P_ACHN_CREF000_20260217144200_12.2_54.2_73.0_135.0.png,[Errno 2] No such file or directory: 'D:\\BaiduNetdiskDownload\\气象大模型数据（中南）-20260224\\气象雷达拼图（UTC）\\Z_RADA_C_BABJ_P_ACHN_CREF000_20260217144200_12.2_54.2_73.0_135.0.png'
5923,Z_RADA_C_BABJ_P_ACHN_CREF000_20260217144800_12.2_54.2_73.0_135.0.png,[Errno 2] No such file or directory: 'D:\\BaiduNetdiskDownload\\气象大模型数据（中南）-20260224\\气象雷达拼图（UTC）\\Z_RADA_C_BABJ_P_ACHN_CREF000_20260217144800_12.2_54.2_73.0_135.0.png'
5924,Z_RADA_C_BABJ_P_ACHN_CREF000_20260217145400_12.2_54.2_73.0_135.0.png,[Errno 2] No such file or directory: 'D:\\BaiduNetdiskDownload\\气象大模型数据（中南）-20260224\\气象雷达拼图（UTC）\\Z_RADA_C_BABJ_P_ACHN_CREF000_20260217145400_12.2_54.2_73.0_135.0.png'
5925,Z_RADA_C_BABJ_P_ACHN_CREF000_20260217150000_12.2_54.2_73.0_135.0.png,[Errno 2] No such file or directory: 'D:\\BaiduNetdiskDownload\\气象大模型数据（中南）-20260224\\气象雷达拼图（UTC）\\Z_RADA_C_BABJ_P_ACHN_CREF000_20260217150000_12.2_54.2_73.0_135.0.png'
5926,Z_RADA_C_BABJ_P_ACHN_CREF000_20260217150600_12.2_54.2_73.0_135.0.png,[Errno 2] No such file or directory: 'D:\\BaiduNetdiskDownload\\气象大模型数据（中南）-20260224\\气象雷达拼图（UTC）\\Z_RADA_C_BABJ_P_ACHN_CREF000_20260217150600_12.2_54.2_73.0_135.0.png'
5927,Z_RADA_C_BABJ_P_ACHN_CREF000_20260217151200_12.2_54.2_73.0_135.0.png,[Errno 2] No such file or directory: 'D:\\BaiduNetdiskDownload\\气象大模型数据（中南）-20260224\\气象雷达拼图（UTC）\\Z_RADA_C_BABJ_P_ACHN_CREF000_20260217151200_12.2_54.2_73.0_135.0.png'
5928,Z_RADA_C_BABJ_P_ACHN_CREF000_20260217151800_12.2_54.2_73.0_135.0.png,[Errno 2] No such file or directory: 'D:\\BaiduNetdiskDownload\\气象大模型数据（中南）-20260224\\气象雷达拼图（UTC）\\Z_RADA_C_BABJ_P_ACHN_CREF000_20260217151800_12.2_54.2_73.0_135.0.png'
5929,Z_RADA_C_BABJ_P_ACHN_CREF000_20260217152400_12.2_54.2_73.0_135.0.png,[Errno 2] No such file or directory: 'D:\\BaiduNetdiskDownload\\气象大模型数据（中南）-20260224\\气象雷达拼图（UTC）\\Z_RADA_C_BABJ_P_ACHN_CREF000_20260217152400_12.2_54.2_73.0_135.0.png'
5930,Z_RADA_C_BABJ_P_ACHN_CREF000_20260217153000_12.2_54.2_73.0_135.0.png,[Errno 2] No such file or directory: 'D:\\BaiduNetdiskDownload\\气象大模型数据（中南）-20260224\\气象雷达拼图（UTC）\\Z_RADA_C_BABJ_P_ACHN_CREF000_20260217153000_12.2_54.2_73.0_135.0.png'
5931,Z_RADA_C_BABJ_P_ACHN_CREF000_20260217153600_12.2_54.2_73.0_135.0.png,[Errno 2] No such file or directory: 'D:\\BaiduNetdiskDownload\\气象大模型数据（中南）-20260224\\气象雷达拼图（UTC）\\Z_RADA_C_BABJ_P_ACHN_CREF000_20260217153600_12.2_54.2_73.0_135.0.png'
5932,Z_RADA_C_BABJ_P_ACHN_CREF000_20260217154200_12.2_54.2_73.0_135.0.png,[Errno 2] No such file or directory: 'D:\\BaiduNetdiskDownload\\气象大模型数据（中南）-20260224\\气象雷达拼图（UTC）\\Z_RADA_C_BABJ_P_ACHN_CREF000_20260217154200_12.2_54.2_73.0_135.0.png'
5933,Z_RADA_C_BABJ_P_ACHN_CREF000_20260217154800_12.2_54.2_73.0_135.0.png,[Errno 2] No such file or directory: 'D:\\BaiduNetdiskDownload\\气象大模型数据（中南）-20260224\\气象雷达拼图（UTC）\\Z_RADA_C_BABJ_P_ACHN_CREF000_20260217154800_12.2_54.2_73.0_135.0.png'
5934,Z_RADA_C_BABJ_P_ACHN_CREF000_20260217155400_12.2_54.2_73.0_135.0.png,[Errno 2] No such file or directory: 'D:\\BaiduNetdiskDownload\\气象大模型数据（中南）-20260224\\气象雷达拼图（UTC）\\Z_RADA_C_BABJ_P_ACHN_CREF000_20260217155400_12.2_54.2_73.0_135.0.png'
5935,Z_RADA_C_BABJ_P_ACHN_CREF000_20260217160000_12.2_54.2_73.0_135.0.png,[Errno 2] No such file or directory: 'D:\\BaiduNetdiskDownload\\气象大模型数据（中南）-20260224\\气象雷达拼图（UTC）\\Z_RADA_C_BABJ_P_ACHN_CREF000_20260217160000_12.2_54.2_73.0_135.0.png'
5936,Z_RADA_C_BABJ_P_ACHN_CREF000_20260217160600_12.2_54.2_73.0_135.0.png,[Errno 2] No such file or directory: 'D:\\BaiduNetdiskDownload\\气象大模型数据（中南）-20260224\\气象雷达拼图（UTC）\\Z_RADA_C_BABJ_P_ACHN_CREF000_20260217160600_12.2_54.2_73.0_135.0.png'
5937,Z_RADA_C_BABJ_P_ACHN_CREF000_20260217161200_12.2_54.2_73.0_135.0.png,[Errno 2] No such file or directory: 'D:\\BaiduNetdiskDownload\\气象大模型数据（中南）-20260224\\气象雷达拼图（UTC）\\Z_RADA_C_BABJ_P_ACHN_CREF000_20260217161200_12.2_54.2_73.0_135.0.png'
5938,Z_RADA_C_BABJ_P_ACHN_CREF000_20260217161800_12.2_54.2_73.0_135.0.png,[Errno 2] No such file or directory: 'D:\\BaiduNetdiskDownload\\气象大模型数据（中南）-20260224\\气象雷达拼图（UTC）\\Z_RADA_C_BABJ_P_ACHN_CREF000_20260217161800_12.2_54.2_73.0_135.0.png'
5939,Z_RADA_C_BABJ_P_ACHN_CREF000_20260217162400_12.2_54.2_73.0_135.0.png,[Errno 2] No such file or directory: 'D:\\BaiduNetdiskDownload\\气象大模型数据（中南）-20260224\\气象雷达拼图（UTC）\\Z_RADA_C_BABJ_P_ACHN_CREF000_20260217162400_12.2_54.2_73.0_135.0.png'
5940,Z_RADA_C_BABJ_P_ACHN_CREF000_20260217163000_12.2_54.2_73.0_135.0.png,[Errno 2] No such file or directory: 'D:\\BaiduNetdiskDownload\\气象大模型数据（中南）-20260224\\气象雷达拼图（UTC）\\Z_RADA_C_BABJ_P_ACHN_CREF000_20260217163000_12.2_54.2_73.0_135.0.png'
5941,Z_RADA_C_BABJ_P_ACHN_CREF000_20260217163600_12.2_54.2_73.0_135.0.png,[Errno 2] No such file or directory: 'D:\\BaiduNetdiskDownload\\气象大模型数据（中南）-20260224\\气象雷达拼图（UTC）\\Z_RADA_C_BABJ_P_ACHN_CREF000_20260217163600_12.2_54.2_73.0_135.0.png'
5942,Z_RADA_C_BABJ_P_ACHN_CREF000_20260217164200_12.2_54.2_73.0_135.0.png,[Errno 2] No such file or directory: 'D:\\BaiduNetdiskDownload\\气象大模型数据（中南）-20260224\\气象雷达拼图（UTC）\\Z_RADA_C_BABJ_P_ACHN_CREF000_20260217164200_12.2_54.2_73.0_135.0.png'
5943,Z_RADA_C_BABJ_P_ACHN_CREF000_20260217164800_12.2_54.2_73.0_135.0.png,[Errno 2] No such file or directory: 'D:\\BaiduNetdiskDownload\\气象大模型数据（中南）-20260224\\气象雷达拼图（UTC）\\Z_RADA_C_BABJ_P_ACHN_CREF000_20260217164800_12.2_54.2_73.0_135.0.png'
5944,Z_RADA_C_BABJ_P_ACHN_CREF000_20260217165400_12.2_54.2_73.0_135.0.png,[Errno 2] No such file or directory: 'D:\\BaiduNetdiskDownload\\气象大模型数据（中南）-20260224\\气象雷达拼图（UTC）\\Z_RADA_C_BABJ_P_ACHN_CREF000_20260217165400_12.2_54.2_73.0_135.0.png'
5945,Z_RADA_C_BABJ_P_ACHN_CREF000_20260217170000_12.2_54.2_73.0_135.0.png,[Errno 2] No such file or directory: 'D:\\BaiduNetdiskDownload\\气象大模型数据（中南）-20260224\\气象雷达拼图（UTC）\\Z_RADA_C_BABJ_P_ACHN_CREF000_20260217170000_12.2_54.2_73.0_135.0.png'
5946,Z_RADA_C_BABJ_P_ACHN_CREF000_20260217170600_12.2_54.2_73.0_135.0.png,[Errno 2] No such file or directory: 'D:\\BaiduNetdiskDownload\\气象大模型数据（中南）-20260224\\气象雷达拼图（UTC）\\Z_RADA_C_BABJ_P_ACHN_CREF000_20260217170600_12.2_54.2_73.0_135.0.png'
5947,Z_RADA_C_BABJ_P_ACHN_CREF000_20260217171200_12.2_54.2_73.0_135.0.png,[Errno 2] No such file or directory: 'D:\\BaiduNetdiskDownload\\气象大模型数据（中南）-20260224\\气象雷达拼图（UTC）\\Z_RADA_C_BABJ_P_ACHN_CREF000_20260217171200_12.2_54.2_73.0_135.0.png'
5948,Z_RADA_C_BABJ_P_ACHN_CREF000_20260217171800_12.2_54.2_73.0_135.0.png,[Errno 2] No such file or directory: 'D:\\BaiduNetdiskDownload\\气象大模型数据（中南）-20260224\\气象雷达拼图（UTC）\\Z_RADA_C_BABJ_P_ACHN_CREF000_20260217171800_12.2_54.2_73.0_135.0.png'
5949,Z_RADA_C_BABJ_P_ACHN_CREF000_20260217172400_12.2_54.2_73.0_135.0.png,[Errno 2] No such file or directory: 'D:\\BaiduNetdiskDownload\\气象大模型数据（中南）-20260224\\气象雷达拼图（UTC）\\Z_RADA_C_BABJ_P_ACHN_CREF000_20260217172400_12.2_54.2_73.0_135.0.png'
5950,Z_RADA_C_BABJ_P_ACHN_CREF000_20260217173000_12.2_54.2_73.0_135.0.png,[Errno 2] No such file or directory: 'D:\\BaiduNetdiskDownload\\气象大模型数据（中南）-20260224\\气象雷达拼图（UTC）\\Z_RADA_C_BABJ_P_ACHN_CREF000_20260217173000_12.2_54.2_73.0_135.0.png'
5951,Z_RADA_C_BABJ_P_ACHN_CREF000_20260217173600_12.2_54.2_73.0_135.0.png,[Errno 2] No such file or directory: 'D:\\BaiduNetdiskDownload\\气象大模型数据（中南）-20260224\\气象雷达拼图（UTC）\\Z_RADA_C_BABJ_P_ACHN_CREF000_20260217173600_12.2_54.2_73.0_135.0.png'
5952,Z_RADA_C_BABJ_P_ACHN_CREF000_20260217174200_12.2_54.2_73.0_135.0.png,[Errno 2] No such file or directory: 'D:\\BaiduNetdiskDownload\\气象大模型数据（中南）-20260224\\气象雷达拼图（UTC）\\Z_RADA_C_BABJ_P_ACHN_CREF000_20260217174200_12.2_54.2_73.0_135.0.png'
5953,Z_RADA_C_BABJ_P_ACHN_CREF000_20260217174800_12.2_54.2_73.0_135.0.png,[Errno 2] No such file or directory: 'D:\\BaiduNetdiskDownload\\气象大模型数据（中南）-20260224\\气象雷达拼图（UTC）\\Z_RADA_C_BABJ_P_ACHN_CREF000_20260217174800_12.2_54.2_73.0_135.0.png'
5954,Z_RADA_C_BABJ_P_ACHN_CREF000_20260217175400_12.2_54.2_73.0_135.0.png,[Errno 2] No such file or directory: 'D:\\BaiduNetdiskDownload\\气象大模型数据（中南）-20260224\\气象雷达拼图（UTC）\\Z_RADA_C_BABJ_P_ACHN_CREF000_20260217175400_12.2_54.2_73.0_135.0.png'
5955,Z_RADA_C_BABJ_P_ACHN_CREF000_20260217180000_12.2_54.2_73.0_135.0.png,[Errno 2] No such file or directory: 'D:\\BaiduNetdiskDownload\\气象大模型数据（中南）-20260224\\气象雷达拼图（UTC）\\Z_RADA_C_BABJ_P_ACHN_CREF000_20260217180000_12.2_54.2_73.0_135.0.png'
5956,Z_RADA_C_BABJ_P_ACHN_CREF000_20260217180600_12.2_54.2_73.0_135.0.png,[Errno 2] No such file or directory: 'D:\\BaiduNetdiskDownload\\气象大模型数据（中南）-20260224\\气象雷达拼图（UTC）\\Z_RADA_C_BABJ_P_ACHN_CREF000_20260217180600_12.2_54.2_73.0_135.0.png'
5957,Z_RADA_C_BABJ_P_ACHN_CREF000_20260217181200_12.2_54.2_73.0_135.0.png,[Errno 2] No such file or directory: 'D:\\BaiduNetdiskDownload\\气象大模型数据（中南）-20260224\\气象雷达拼图（UTC）\\Z_RADA_C_BABJ_P_ACHN_CREF000_20260217181200_12.2_54.2_73.0_135.0.png'
5958,Z_RADA_C_BABJ_P_ACHN_CREF000_20260217181800_12.2_54.2_73.0_135.0.png,[Errno 2] No such file or directory: 'D:\\BaiduNetdiskDownload\\气象大模型数据（中南）-20260224\\气象雷达拼图（UTC）\\Z_RADA_C_BABJ_P_ACHN_CREF000_20260217181800_12.2_54.2_73.0_135.0.png'
5959,Z_RADA_C_BABJ_P_ACHN_CREF000_20260217182400_12.2_54.2_73.0_135.0.png,[Errno 2] No such file or directory: 'D:\\BaiduNetdiskDownload\\气象大模型数据（中南）-20260224\\气象雷达拼图（UTC）\\Z_RADA_C_BABJ_P_ACHN_CREF000_20260217182400_12.2_54.2_73.0_135.0.png'
5960,Z_RADA_C_BABJ_P_ACHN_CREF000_20260217183000_12.2_54.2_73.0_135.0.png,[Errno 2] No such file or directory: 'D:\\BaiduNetdiskDownload\\气象大模型数据（中南）-20260224\\气象雷达拼图（UTC）\\Z_RADA_C_BABJ_P_ACHN_CREF000_20260217183000_12.2_54.2_73.0_135.0.png'
5961,Z_RADA_C_BABJ_P_ACHN_CREF000_20260217183600_12.2_54.2_73.0_135.0.png,[Errno 2] No such file or directory: 'D:\\BaiduNetdiskDownload\\气象大模型数据（中南）-20260224\\气象雷达拼图（UTC）\\Z_RADA_C_BABJ_P_ACHN_CREF000_20260217183600_12.2_54.2_73.0_135.0.png'
5962,Z_RADA_C_BABJ_P_ACHN_CREF000_20260217184200_12.2_54.2_73.0_135.0.png,[Errno 2] No such file or directory: 'D:\\BaiduNetdiskDownload\\气象大模型数据（中南）-20260224\\气象雷达拼图（UTC）\\Z_RADA_C_BABJ_P_ACHN_CREF000_20260217184200_12.2_54.2_73.0_135.0.png'
5963,Z_RADA_C_BABJ_P_ACHN_CREF000_20260217184800_12.2_54.2_73.0_135.0.png,[Errno 2] No such file or directory: 'D:\\BaiduNetdiskDownload\\气象大模型数据（中南）-20260224\\气象雷达拼图（UTC）\\Z_RADA_C_BABJ_P_ACHN_CREF000_20260217184800_12.2_54.2_73.0_135.0.png'
5964,Z_RADA_C_BABJ_P_ACHN_CREF000_20260217185400_12.2_54.2_73.0_135.0.png,[Errno 2] No such file or directory: 'D:\\BaiduNetdiskDownload\\气象大模型数据（中南）-20260224\\气象雷达拼图（UTC）\\Z_RADA_C_BABJ_P_ACHN_CREF000_20260217185400_12.2_54.2_73.0_135.0.png'
5965,Z_RADA_C_BABJ_P_ACHN_CREF000_20260217190000_12.2_54.2_73.0_135.0.png,[Errno 2] No such file or directory: 'D:\\BaiduNetdiskDownload\\气象大模型数据（中南）-20260224\\气象雷达拼图（UTC）\\Z_RADA_C_BABJ_P_ACHN_CREF000_20260217190000_12.2_54.2_73.0_135.0.png'
5966,Z_RADA_C_BABJ_P_ACHN_CREF000_20260217190600_12.2_54.2_73.0_135.0.png,[Errno 2] No such file or directory: 'D:\\BaiduNetdiskDownload\\气象大模型数据（中南）-20260224\\气象雷达拼图（UTC）\\Z_RADA_C_BABJ_P_ACHN_CREF000_20260217190600_12.2_54.2_73.0_135.0.png'
5967,Z_RADA_C_BABJ_P_ACHN_CREF000_20260217191200_12.2_54.2_73.0_135.0.png,[Errno 2] No such file or directory: 'D:\\BaiduNetdiskDownload\\气象大模型数据（中南）-20260224\\气象雷达拼图（UTC）\\Z_RADA_C_BABJ_P_ACHN_CREF000_20260217191200_12.2_54.2_73.0_135.0.png'
5968,Z_RADA_C_BABJ_P_ACHN_CREF000_20260217191800_12.2_54.2_73.0_135.0.png,[Errno 2] No such file or directory: 'D:\\BaiduNetdiskDownload\\气象大模型数据（中南）-20260224\\气象雷达拼图（UTC）\\Z_RADA_C_BABJ_P_ACHN_CREF000_20260217191800_12.2_54.2_73.0_135.0.png'
5969,Z_RADA_C_BABJ_P_ACHN_CREF000_20260217192400_12.2_54.2_73.0_135.0.png,[Errno 2] No such file or directory: 'D:\\BaiduNetdiskDownload\\气象大模型数据（中南）-20260224\\气象雷达拼图（UTC）\\Z_RADA_C_BABJ_P_ACHN_CREF000_20260217192400_12.2_54.2_73.0_135.0.png'
5970,Z_RADA_C_BABJ_P_ACHN_CREF000_20260217193000_12.2_54.2_73.0_135.0.png,[Errno 2] No such file or directory: 'D:\\BaiduNetdiskDownload\\气象大模型数据（中南）-20260224\\气象雷达拼图（UTC）\\Z_RADA_C_BABJ_P_ACHN_CREF000_20260217193000_12.2_54.2_73.0_135.0.png'
5971,Z_RADA_C_BABJ_P_ACHN_CREF000_20260217193600_12.2_54.2_73.0_135.0.png,[Errno 2] No such file or directory: 'D:\\BaiduNetdiskDownload\\气象大模型数据（中南）-20260224\\气象雷达拼图（UTC）\\Z_RADA_C_BABJ_P_ACHN_CREF000_20260217193600_12.2_54.2_73.0_135.0.png'
5972,Z_RADA_C_BABJ_P_ACHN_CREF000_20260217194200_12.2_54.2_73.0_135.0.png,[Errno 2] No such file or directory: 'D:\\BaiduNetdiskDownload\\气象大模型数据（中南）-20260224\\气象雷达拼图（UTC）\\Z_RADA_C_BABJ_P_ACHN_CREF000_20260217194200_12.2_54.2_73.0_135.0.png'
5973,Z_RADA_C_BABJ_P_ACHN_CREF000_20260217194800_12.2_54.2_73.0_135.0.png,[Errno 2] No such file or directory: 'D:\\BaiduNetdiskDownload\\气象大模型数据（中南）-20260224\\气象雷达拼图（UTC）\\Z_RADA_C_BABJ_P_ACHN_CREF000_20260217194800_12.2_54.2_73.0_135.0.png'
5974,Z_RADA_C_BABJ_P_ACHN_CREF000_20260217195400_12.2_54.2_73.0_135.0.png,[Errno 2] No such file or directory: 'D:\\BaiduNetdiskDownload\\气象大模型数据（中南）-20260224\\气象雷达拼图（UTC）\\Z_RADA_C_BABJ_P_ACHN_CREF000_20260217195400_12.2_54.2_73.0_135.0.png'
5975,Z_RADA_C_BABJ_P_ACHN_CREF000_20260217200000_12.2_54.2_73.0_135.0.png,[Errno 2] No such file or directory: 'D:\\BaiduNetdiskDownload\\气象大模型数据（中南）-20260224\\气象雷达拼图（UTC）\\Z_RADA_C_BABJ_P_ACHN_CREF000_20260217200000_12.2_54.2_73.0_135.0.png'
5976,Z_RADA_C_BABJ_P_ACHN_CREF000_20260217200600_12.2_54.2_73.0_135.0.png,[Errno 2] No such file or directory: 'D:\\BaiduNetdiskDownload\\气象大模型数据（中南）-20260224\\气象雷达拼图（UTC）\\Z_RADA_C_BABJ_P_ACHN_CREF000_20260217200600_12.2_54.2_73.0_135.0.png'
5977,Z_RADA_C_BABJ_P_ACHN_CREF000_20260217201200_12.2_54.2_73.0_135.0.png,[Errno 2] No such file or directory: 'D:\\BaiduNetdiskDownload\\气象大模型数据（中南）-20260224\\气象雷达拼图（UTC）\\Z_RADA_C_BABJ_P_ACHN_CREF000_20260217201200_12.2_54.2_73.0_135.0.png'
5978,Z_RADA_C_BABJ_P_ACHN_CREF000_20260217201800_12.2_54.2_73.0_135.0.png,[Errno 2] No such file or directory: 'D:\\BaiduNetdiskDownload\\气象大模型数据（中南）-20260224\\气象雷达拼图（UTC）\\Z_RADA_C_BABJ_P_ACHN_CREF000_20260217201800_12.2_54.2_73.0_135.0.png'
5979,Z_RADA_C_BABJ_P_ACHN_CREF000_20260217202400_12.2_54.2_73.0_135.0.png,[Errno 2] No such file or directory: 'D:\\BaiduNetdiskDownload\\气象大模型数据（中南）-20260224\\气象雷达拼图（UTC）\\Z_RADA_C_BABJ_P_ACHN_CREF000_20260217202400_12.2_54.2_73.0_135.0.png'
5980,Z_RADA_C_BABJ_P_ACHN_CREF000_20260217203000_12.2_54.2_73.0_135.0.png,[Errno 2] No such file or directory: 'D:\\BaiduNetdiskDownload\\气象大模型数据（中南）-20260224\\气象雷达拼图（UTC）\\Z_RADA_C_BABJ_P_ACHN_CREF000_20260217203000_12.2_54.2_73.0_135.0.png'
5981,Z_RADA_C_BABJ_P_ACHN_CREF000_20260217203600_12.2_54.2_73.0_135.0.png,[Errno 2] No such file or directory: 'D:\\BaiduNetdiskDownload\\气象大模型数据（中南）-20260224\\气象雷达拼图（UTC）\\Z_RADA_C_BABJ_P_ACHN_CREF000_20260217203600_12.2_54.2_73.0_135.0.png'
5982,Z_RADA_C_BABJ_P_ACHN_CREF000_20260217204200_12.2_54.2_73.0_135.0.png,[Errno 2] No such file or directory: 'D:\\BaiduNetdiskDownload\\气象大模型数据（中南）-20260224\\气象雷达拼图（UTC）\\Z_RADA_C_BABJ_P_ACHN_CREF000_20260217204200_12.2_54.2_73.0_135.0.png'
5983,Z_RADA_C_BABJ_P_ACHN_CREF000_20260217204800_12.2_54.2_73.0_135.0.png,[Errno 2] No such file or directory: 'D:\\BaiduNetdiskDownload\\气象大模型数据（中南）-20260224\\气象雷达拼图（UTC）\\Z_RADA_C_BABJ_P_ACHN_CREF000_20260217204800_12.2_54.2_73.0_135.0.png'
5984,Z_RADA_C_BABJ_P_ACHN_CREF000_20260217205400_12.2_54.2_73.0_135.0.png,[Errno 2] No such file or directory: 'D:\\BaiduNetdiskDownload\\气象大模型数据（中南）-20260224\\气象雷达拼图（UTC）\\Z_RADA_C_BABJ_P_ACHN_CREF000_20260217205400_12.2_54.2_73.0_135.0.png'
5985,Z_RADA_C_BABJ_P_ACHN_CREF000_20260217210000_12.2_54.2_73.0_135.0.png,[Errno 2] No such file or directory: 'D:\\BaiduNetdiskDownload\\气象大模型数据（中南）-20260224\\气象雷达拼图（UTC）\\Z_RADA_C_BABJ_P_ACHN_CREF000_20260217210000_12.2_54.2_73.0_135.0.png'
5986,Z_RADA_C_BABJ_P_ACHN_CREF000_20260217210600_12.2_54.2_73.0_135.0.png,[Errno 2] No such file or directory: 'D:\\BaiduNetdiskDownload\\气象大模型数据（中南）-20260224\\气象雷达拼图（UTC）\\Z_RADA_C_BABJ_P_ACHN_CREF000_20260217210600_12.2_54.2_73.0_135.0.png'
5987,Z_RADA_C_BABJ_P_ACHN_CREF000_20260217211200_12.2_54.2_73.0_135.0.png,[Errno 2] No such file or directory: 'D:\\BaiduNetdiskDownload\\气象大模型数据（中南）-20260224\\气象雷达拼图（UTC）\\Z_RADA_C_BABJ_P_ACHN_CREF000_20260217211200_12.2_54.2_73.0_135.0.png'
5988,Z_RADA_C_BABJ_P_ACHN_CREF000_20260217211800_12.2_54.2_73.0_135.0.png,[Errno 2] No such file or directory: 'D:\\BaiduNetdiskDownload\\气象大模型数据（中南）-20260224\\气象雷达拼图（UTC）\\Z_RADA_C_BABJ_P_ACHN_CREF000_20260217211800_12.2_54.2_73.0_135.0.png'
5989,Z_RADA_C_BABJ_P_ACHN_CREF000_20260217212400_12.2_54.2_73.0_135.0.png,[Errno 2] No such file or directory: 'D:\\BaiduNetdiskDownload\\气象大模型数据（中南）-20260224\\气象雷达拼图（UTC）\\Z_RADA_C_BABJ_P_ACHN_CREF000_20260217212400_12.2_54.2_73.0_135.0.png'
5990,Z_RADA_C_BABJ_P_ACHN_CREF000_20260217213000_12.2_54.2_73.0_135.0.png,[Errno 2] No such file or directory: 'D:\\BaiduNetdiskDownload\\气象大模型数据（中南）-20260224\\气象雷达拼图（UTC）\\Z_RADA_C_BABJ_P_ACHN_CREF000_20260217213000_12.2_54.2_73.0_135.0.png'
5991,Z_RADA_C_BABJ_P_ACHN_CREF000_20260217213600_12.2_54.2_73.0_135.0.png,[Errno 2] No such file or directory: 'D:\\BaiduNetdiskDownload\\气象大模型数据（中南）-20260224\\气象雷达拼图（UTC）\\Z_RADA_C_BABJ_P_ACHN_CREF000_20260217213600_12.2_54.2_73.0_135.0.png'
5992,Z_RADA_C_BABJ_P_ACHN_CREF000_20260217214200_12.2_54.2_73.0_135.0.png,[Errno 2] No such file or directory: 'D:\\BaiduNetdiskDownload\\气象大模型数据（中南）-20260224\\气象雷达拼图（UTC）\\Z_RADA_C_BABJ_P_ACHN_CREF000_20260217214200_12.2_54.2_73.0_135.0.png'
5993,Z_RADA_C_BABJ_P_ACHN_CREF000_20260217214800_12.2_54.2_73.0_135.0.png,[Errno 2] No such file or directory: 'D:\\BaiduNetdiskDownload\\气象大模型数据（中南）-20260224\\气象雷达拼图（UTC）\\Z_RADA_C_BABJ_P_ACHN_CREF000_20260217214800_12.2_54.2_73.0_135.0.png'
5994,Z_RADA_C_BABJ_P_ACHN_CREF000_20260217215400_12.2_54.2_73.0_135.0.png,[Errno 2] No such file or directory: 'D:\\BaiduNetdiskDownload\\气象大模型数据（中南）-20260224\\气象雷达拼图（UTC）\\Z_RADA_C_BABJ_P_ACHN_CREF000_20260217215400_12.2_54.2_73.0_135.0.png'
5995,Z_RADA_C_BABJ_P_ACHN_CREF000_20260217220000_12.2_54.2_73.0_135.0.png,[Errno 2] No such file or directory: 'D:\\BaiduNetdiskDownload\\气象大模型数据（中南）-20260224\\气象雷达拼图（UTC）\\Z_RADA_C_BABJ_P_ACHN_CREF000_20260217220000_12.2_54.2_73.0_135.0.png'
5996,Z_RADA_C_BABJ_P_ACHN_CREF000_20260217220600_12.2_54.2_73.0_135.0.png,[Errno 2] No such file or directory: 'D:\\BaiduNetdiskDownload\\气象大模型数据（中南）-20260224\\气象雷达拼图（UTC）\\Z_RADA_C_BABJ_P_ACHN_CREF000_20260217220600_12.2_54.2_73.0_135.0.png'
5997,Z_RADA_C_BABJ_P_ACHN_CREF000_20260217221200_12.2_54.2_73.0_135.0.png,[Errno 2] No such file or directory: 'D:\\BaiduNetdiskDownload\\气象大模型数据（中南）-20260224\\气象雷达拼图（UTC）\\Z_RADA_C_BABJ_P_ACHN_CREF000_20260217221200_12.2_54.2_73.0_135.0.png'
5998,Z_RADA_C_BABJ_P_ACHN_CREF000_20260217221800_12.2_54.2_73.0_135.0.png,[Errno 2] No such file or directory: 'D:\\BaiduNetdiskDownload\\气象大模型数据（中南）-20260224\\气象雷达拼图（UTC）\\Z_RADA_C_BABJ_P_ACHN_CREF000_20260217221800_12.2_54.2_73.0_135.0.png'
5999,Z_RADA_C_BABJ_P_ACHN_CREF000_20260217222400_12.2_54.2_73.0_135.0.png,[Errno 2] No such file or directory: 'D:\\BaiduNetdiskDownload\\气象大模型数据（中南）-20260224\\气象雷达拼图（UTC）\\Z_RADA_C_BABJ_P_ACHN_CREF000_20260217222400_12.2_54.2_73.0_135.0.png'
6000,Z_RADA_C_BABJ_P_ACHN_CREF000_20260217223000_12.2_54.2_73.0_135.0.png,[Errno 2] No such file or directory: 'D:\\BaiduNetdiskDownload\\气象大模型数据（中南）-20260224\\气象雷达拼图（UTC）\\Z_RADA_C_BABJ_P_ACHN_CREF000_20260217223000_12.2_54.2_73.0_135.0.png'
6001,Z_RADA_C_BABJ_P_ACHN_CREF000_20260217223600_12.2_54.2_73.0_135.0.png,[Errno 2] No such file or directory: 'D:\\BaiduNetdiskDownload\\气象大模型数据（中南）-20260224\\气象雷达拼图（UTC）\\Z_RADA_C_BABJ_P_ACHN_CREF000_20260217223600_12.2_54.2_73.0_135.0.png'
6002,Z_RADA_C_BABJ_P_ACHN_CREF000_20260217224200_12.2_54.2_73.0_135.0.png,[Errno 2] No such file or directory: 'D:\\BaiduNetdiskDownload\\气象大模型数据（中南）-20260224\\气象雷达拼图（UTC）\\Z_RADA_C_BABJ_P_ACHN_CREF000_20260217224200_12.2_54.2_73.0_135.0.png'
6003,Z_RADA_C_BABJ_P_ACHN_CREF000_20260217224800_12.2_54.2_73.0_135.0.png,[Errno 2] No such file or directory: 'D:\\BaiduNetdiskDownload\\气象大模型数据（中南）-20260224\\气象雷达拼图（UTC）\\Z_RADA_C_BABJ_P_ACHN_CREF000_20260217224800_12.2_54.2_73.0_135.0.png'
6004,Z_RADA_C_BABJ_P_ACHN_CREF000_20260217225400_12.2_54.2_73.0_135.0.png,[Errno 2] No such file or directory: 'D:\\BaiduNetdiskDownload\\气象大模型数据（中南）-20260224\\气象雷达拼图（UTC）\\Z_RADA_C_BABJ_P_ACHN_CREF000_20260217225400_12.2_54.2_73.0_135.0.png'
6005,Z_RADA_C_BABJ_P_ACHN_CREF000_20260217230000_12.2_54.2_73.0_135.0.png,[Errno 2] No such file or directory: 'D:\\BaiduNetdiskDownload\\气象大模型数据（中南）-20260224\\气象雷达拼图（UTC）\\Z_RADA_C_BABJ_P_ACHN_CREF000_20260217230000_12.2_54.2_73.0_135.0.png'
6006,Z_RADA_C_BABJ_P_ACHN_CREF000_20260217230600_12.2_54.2_73.0_135.0.png,[Errno 2] No such file or directory: 'D:\\BaiduNetdiskDownload\\气象大模型数据（中南）-20260224\\气象雷达拼图（UTC）\\Z_RADA_C_BABJ_P_ACHN_CREF000_20260217230600_12.2_54.2_73.0_135.0.png'
6007,Z_RADA_C_BABJ_P_ACHN_CREF000_20260217231200_12.2_54.2_73.0_135.0.png,[Errno 2] No such file or directory: 'D:\\BaiduNetdiskDownload\\气象大模型数据（中南）-20260224\\气象雷达拼图（UTC）\\Z_RADA_C_BABJ_P_ACHN_CREF000_20260217231200_12.2_54.2_73.0_135.0.png'
6008,Z_RADA_C_BABJ_P_ACHN_CREF000_20260217231800_12.2_54.2_73.0_135.0.png,[Errno 2] No such file or directory: 'D:\\BaiduNetdiskDownload\\气象大模型数据（中南）-20260224\\气象雷达拼图（UTC）\\Z_RADA_C_BABJ_P_ACHN_CREF000_20260217231800_12.2_54.2_73.0_135.0.png'
6009,Z_RADA_C_BABJ_P_ACHN_CREF000_20260217232400_12.2_54.2_73.0_135.0.png,[Errno 2] No such file or directory: 'D:\\BaiduNetdiskDownload\\气象大模型数据（中南）-20260224\\气象雷达拼图（UTC）\\Z_RADA_C_BABJ_P_ACHN_CREF000_20260217232400_12.2_54.2_73.0_135.0.png'
6010,Z_RADA_C_BABJ_P_ACHN_CREF000_20260217233000_12.2_54.2_73.0_135.0.png,[Errno 2] No such file or directory: 'D:\\BaiduNetdiskDownload\\气象大模型数据（中南）-20260224\\气象雷达拼图（UTC）\\Z_RADA_C_BABJ_P_ACHN_CREF000_20260217233000_12.2_54.2_73.0_135.0.png'
6011,Z_RADA_C_BABJ_P_ACHN_CREF000_20260217233600_12.2_54.2_73.0_135.0.png,[Errno 2] No such file or directory: 'D:\\BaiduNetdiskDownload\\气象大模型数据（中南）-20260224\\气象雷达拼图（UTC）\\Z_RADA_C_BABJ_P_ACHN_CREF000_20260217233600_12.2_54.2_73.0_135.0.png'
6012,Z_RADA_C_BABJ_P_ACHN_CREF000_20260217234200_12.2_54.2_73.0_135.0.png,[Errno 2] No such file or directory: 'D:\\BaiduNetdiskDownload\\气象大模型数据（中南）-20260224\\气象雷达拼图（UTC）\\Z_RADA_C_BABJ_P_ACHN_CREF000_20260217234200_12.2_54.2_73.0_135.0.png'
6013,Z_RADA_C_BABJ_P_ACHN_CREF000_20260217234800_12.2_54.2_73.0_135.0.png,[Errno 2] No such file or directory: 'D:\\BaiduNetdiskDownload\\气象大模型数据（中南）-20260224\\气象雷达拼图（UTC）\\Z_RADA_C_BABJ_P_ACHN_CREF000_20260217234800_12.2_54.2_73.0_135.0.png'
6014,Z_RADA_C_BABJ_P_ACHN_CREF000_20260217235400_12.2_54.2_73.0_135.0.png,[Errno 2] No such file or directory: 'D:\\BaiduNetdiskDownload\\气象大模型数据（中南）-20260224\\气象雷达拼图（UTC）\\Z_RADA_C_BABJ_P_ACHN_CREF000_20260217235400_12.2_54.2_73.0_135.0.png'
6015,Z_RADA_C_BABJ_P_ACHN_CREF000_20260218000000_12.2_54.2_73.0_135.0.png,[Errno 2] No such file or directory: 'D:\\BaiduNetdiskDownload\\气象大模型数据（中南）-20260224\\气象雷达拼图（UTC）\\Z_RADA_C_BABJ_P_ACHN_CREF000_20260218000000_12.2_54.2_73.0_135.0.png'
6016,Z_RADA_C_BABJ_P_ACHN_CREF000_20260218000600_12.2_54.2_73.0_135.0.png,[Errno 2] No such file or directory: 'D:\\BaiduNetdiskDownload\\气象大模型数据（中南）-20260224\\气象雷达拼图（UTC）\\Z_RADA_C_BABJ_P_ACHN_CREF000_20260218000600_12.2_54.2_73.0_135.0.png'
6017,Z_RADA_C_BABJ_P_ACHN_CREF000_20260218001200_12.2_54.2_73.0_135.0.png,[Errno 2] No such file or directory: 'D:\\BaiduNetdiskDownload\\气象大模型数据（中南）-20260224\\气象雷达拼图（UTC）\\Z_RADA_C_BABJ_P_ACHN_CREF000_20260218001200_12.2_54.2_73.0_135.0.png'
6018,Z_RADA_C_BABJ_P_ACHN_CREF000_20260218001800_12.2_54.2_73.0_135.0.png,[Errno 2] No such file or directory: 'D:\\BaiduNetdiskDownload\\气象大模型数据（中南）-20260224\\气象雷达拼图（UTC）\\Z_RADA_C_BABJ_P_ACHN_CREF000_20260218001800_12.2_54.2_73.0_135.0.png'
6019,Z_RADA_C_BABJ_P_ACHN_CREF000_20260218002400_12.2_54.2_73.0_135.0.png,[Errno 2] No such file or directory: 'D:\\BaiduNetdiskDownload\\气象大模型数据（中南）-20260224\\气象雷达拼图（UTC）\\Z_RADA_C_BABJ_P_ACHN_CREF000_20260218002400_12.2_54.2_73.0_135.0.png'
6020,Z_RADA_C_BABJ_P_ACHN_CREF000_20260218003000_12.2_54.2_73.0_135.0.png,[Errno 2] No such file or directory: 'D:\\BaiduNetdiskDownload\\气象大模型数据（中南）-20260224\\气象雷达拼图（UTC）\\Z_RADA_C_BABJ_P_ACHN_CREF000_20260218003000_12.2_54.2_73.0_135.0.png'
6021,Z_RADA_C_BABJ_P_ACHN_CREF000_20260218003600_12.2_54.2_73.0_135.0.png,[Errno 2] No such file or directory: 'D:\\BaiduNetdiskDownload\\气象大模型数据（中南）-20260224\\气象雷达拼图（UTC）\\Z_RADA_C_BABJ_P_ACHN_CREF000_20260218003600_12.2_54.2_73.0_135.0.png'
6022,Z_RADA_C_BABJ_P_ACHN_CREF000_20260218004200_12.2_54.2_73.0_135.0.png,[Errno 2] No such file or directory: 'D:\\BaiduNetdiskDownload\\气象大模型数据（中南）-20260224\\气象雷达拼图（UTC）\\Z_RADA_C_BABJ_P_ACHN_CREF000_20260218004200_12.2_54.2_73.0_135.0.png'
6023,Z_RADA_C_BABJ_P_ACHN_CREF000_20260218004800_12.2_54.2_73.0_135.0.png,[Errno 2] No such file or directory: 'D:\\BaiduNetdiskDownload\\气象大模型数据（中南）-20260224\\气象雷达拼图（UTC）\\Z_RADA_C_BABJ_P_ACHN_CREF000_20260218004800_12.2_54.2_73.0_135.0.png'
6024,Z_RADA_C_BABJ_P_ACHN_CREF000_20260218005400_12.2_54.2_73.0_135.0.png,[Errno 2] No such file or directory: 'D:\\BaiduNetdiskDownload\\气象大模型数据（中南）-20260224\\气象雷达拼图（UTC）\\Z_RADA_C_BABJ_P_ACHN_CREF000_20260218005400_12.2_54.2_73.0_135.0.png'
6025,Z_RADA_C_BABJ_P_ACHN_CREF000_20260218010000_12.2_54.2_73.0_135.0.png,[Errno 2] No such file or directory: 'D:\\BaiduNetdiskDownload\\气象大模型数据（中南）-20260224\\气象雷达拼图（UTC）\\Z_RADA_C_BABJ_P_ACHN_CREF000_20260218010000_12.2_54.2_73.0_135.0.png'
6026,Z_RADA_C_BABJ_P_ACHN_CREF000_20260218010600_12.2_54.2_73.0_135.0.png,[Errno 2] No such file or directory: 'D:\\BaiduNetdiskDownload\\气象大模型数据（中南）-20260224\\气象雷达拼图（UTC）\\Z_RADA_C_BABJ_P_ACHN_CREF000_20260218010600_12.2_54.2_73.0_135.0.png'
6027,Z_RADA_C_BABJ_P_ACHN_CREF000_20260218011200_12.2_54.2_73.0_135.0.png,[Errno 2] No such file or directory: 'D:\\BaiduNetdiskDownload\\气象大模型数据（中南）-20260224\\气象雷达拼图（UTC）\\Z_RADA_C_BABJ_P_ACHN_CREF000_20260218011200_12.2_54.2_73.0_135.0.png'
6028,Z_RADA_C_BABJ_P_ACHN_CREF000_20260218011800_12.2_54.2_73.0_135.0.png,[Errno 2] No such file or directory: 'D:\\BaiduNetdiskDownload\\气象大模型数据（中南）-20260224\\气象雷达拼图（UTC）\\Z_RADA_C_BABJ_P_ACHN_CREF000_20260218011800_12.2_54.2_73.0_135.0.png'
6029,Z_RADA_C_BABJ_P_ACHN_CREF000_20260218012400_12.2_54.2_73.0_135.0.png,[Errno 2] No such file or directory: 'D:\\BaiduNetdiskDownload\\气象大模型数据（中南）-20260224\\气象雷达拼图（UTC）\\Z_RADA_C_BABJ_P_ACHN_CREF000_20260218012400_12.2_54.2_73.0_135.0.png'
6030,Z_RADA_C_BABJ_P_ACHN_CREF000_20260218013000_12.2_54.2_73.0_135.0.png,[Errno 2] No such file or directory: 'D:\\BaiduNetdiskDownload\\气象大模型数据（中南）-20260224\\气象雷达拼图（UTC）\\Z_RADA_C_BABJ_P_ACHN_CREF000_20260218013000_12.2_54.2_73.0_135.0.png'
6031,Z_RADA_C_BABJ_P_ACHN_CREF000_20260218013600_12.2_54.2_73.0_135.0.png,[Errno 2] No such file or directory: 'D:\\BaiduNetdiskDownload\\气象大模型数据（中南）-20260224\\气象雷达拼图（UTC）\\Z_RADA_C_BABJ_P_ACHN_CREF000_20260218013600_12.2_54.2_73.0_135.0.png'
6032,Z_RADA_C_BABJ_P_ACHN_CREF000_20260218014200_12.2_54.2_73.0_135.0.png,[Errno 2] No such file or directory: 'D:\\BaiduNetdiskDownload\\气象大模型数据（中南）-20260224\\气象雷达拼图（UTC）\\Z_RADA_C_BABJ_P_ACHN_CREF000_20260218014200_12.2_54.2_73.0_135.0.png'
6033,Z_RADA_C_BABJ_P_ACHN_CREF000_20260218014800_12.2_54.2_73.0_135.0.png,[Errno 2] No such file or directory: 'D:\\BaiduNetdiskDownload\\气象大模型数据（中南）-20260224\\气象雷达拼图（UTC）\\Z_RADA_C_BABJ_P_ACHN_CREF000_20260218014800_12.2_54.2_73.0_135.0.png'
6034,Z_RADA_C_BABJ_P_ACHN_CREF000_20260218015400_12.2_54.2_73.0_135.0.png,[Errno 2] No such file or directory: 'D:\\BaiduNetdiskDownload\\气象大模型数据（中南）-20260224\\气象雷达拼图（UTC）\\Z_RADA_C_BABJ_P_ACHN_CREF000_20260218015400_12.2_54.2_73.0_135.0.png'
6035,Z_RADA_C_BABJ_P_ACHN_CREF000_20260218020000_12.2_54.2_73.0_135.0.png,[Errno 2] No such file or directory: 'D:\\BaiduNetdiskDownload\\气象大模型数据（中南）-20260224\\气象雷达拼图（UTC）\\Z_RADA_C_BABJ_P_ACHN_CREF000_20260218020000_12.2_54.2_73.0_135.0.png'
6036,Z_RADA_C_BABJ_P_ACHN_CREF000_20260218020600_12.2_54.2_73.0_135.0.png,[Errno 2] No such file or directory: 'D:\\BaiduNetdiskDownload\\气象大模型数据（中南）-20260224\\气象雷达拼图（UTC）\\Z_RADA_C_BABJ_P_ACHN_CREF000_20260218020600_12.2_54.2_73.0_135.0.png'
6037,Z_RADA_C_BABJ_P_ACHN_CREF000_20260218021200_12.2_54.2_73.0_135.0.png,[Errno 2] No such file or directory: 'D:\\BaiduNetdiskDownload\\气象大模型数据（中南）-20260224\\气象雷达拼图（UTC）\\Z_RADA_C_BABJ_P_ACHN_CREF000_20260218021200_12.2_54.2_73.0_135.0.png'
6038,Z_RADA_C_BABJ_P_ACHN_CREF000_20260218021800_12.2_54.2_73.0_135.0.png,[Errno 2] No such file or directory: 'D:\\BaiduNetdiskDownload\\气象大模型数据（中南）-20260224\\气象雷达拼图（UTC）\\Z_RADA_C_BABJ_P_ACHN_CREF000_20260218021800_12.2_54.2_73.0_135.0.png'
6039,Z_RADA_C_BABJ_P_ACHN_CREF000_20260218022400_12.2_54.2_73.0_135.0.png,[Errno 2] No such file or directory: 'D:\\BaiduNetdiskDownload\\气象大模型数据（中南）-20260224\\气象雷达拼图（UTC）\\Z_RADA_C_BABJ_P_ACHN_CREF000_20260218022400_12.2_54.2_73.0_135.0.png'
6040,Z_RADA_C_BABJ_P_ACHN_CREF000_20260218023000_12.2_54.2_73.0_135.0.png,[Errno 2] No such file or directory: 'D:\\BaiduNetdiskDownload\\气象大模型数据（中南）-20260224\\气象雷达拼图（UTC）\\Z_RADA_C_BABJ_P_ACHN_CREF000_20260218023000_12.2_54.2_73.0_135.0.png'
6041,Z_RADA_C_BABJ_P_ACHN_CREF000_20260218023600_12.2_54.2_73.0_135.0.png,[Errno 2] No such file or directory: 'D:\\BaiduNetdiskDownload\\气象大模型数据（中南）-20260224\\气象雷达拼图（UTC）\\Z_RADA_C_BABJ_P_ACHN_CREF000_20260218023600_12.2_54.2_73.0_135.0.png'
6042,Z_RADA_C_BABJ_P_ACHN_CREF000_20260218024200_12.2_54.2_73.0_135.0.png,[Errno 2] No such file or directory: 'D:\\BaiduNetdiskDownload\\气象大模型数据（中南）-20260224\\气象雷达拼图（UTC）\\Z_RADA_C_BABJ_P_ACHN_CREF000_20260218024200_12.2_54.2_73.0_135.0.png'
6043,Z_RADA_C_BABJ_P_ACHN_CREF000_20260218024800_12.2_54.2_73.0_135.0.png,[Errno 2] No such file or directory: 'D:\\BaiduNetdiskDownload\\气象大模型数据（中南）-20260224\\气象雷达拼图（UTC）\\Z_RADA_C_BABJ_P_ACHN_CREF000_20260218024800_12.2_54.2_73.0_135.0.png'
6044,Z_RADA_C_BABJ_P_ACHN_CREF000_20260218025400_12.2_54.2_73.0_135.0.png,[Errno 2] No such file or directory: 'D:\\BaiduNetdiskDownload\\气象大模型数据（中南）-20260224\\气象雷达拼图（UTC）\\Z_RADA_C_BABJ_P_ACHN_CREF000_20260218025400_12.2_54.2_73.0_135.0.png'
6045,Z_RADA_C_BABJ_P_ACHN_CREF000_20260218030000_12.2_54.2_73.0_135.0.png,[Errno 2] No such file or directory: 'D:\\BaiduNetdiskDownload\\气象大模型数据（中南）-20260224\\气象雷达拼图（UTC）\\Z_RADA_C_BABJ_P_ACHN_CREF000_20260218030000_12.2_54.2_73.0_135.0.png'
6046,Z_RADA_C_BABJ_P_ACHN_CREF000_20260218030600_12.2_54.2_73.0_135.0.png,[Errno 2] No such file or directory: 'D:\\BaiduNetdiskDownload\\气象大模型数据（中南）-20260224\\气象雷达拼图（UTC）\\Z_RADA_C_BABJ_P_ACHN_CREF000_20260218030600_12.2_54.2_73.0_135.0.png'
6047,Z_RADA_C_BABJ_P_ACHN_CREF000_20260218031200_12.2_54.2_73.0_135.0.png,[Errno 2] No such file or directory: 'D:\\BaiduNetdiskDownload\\气象大模型数据（中南）-20260224\\气象雷达拼图（UTC）\\Z_RADA_C_BABJ_P_ACHN_CREF000_20260218031200_12.2_54.2_73.0_135.0.png'
6048,Z_RADA_C_BABJ_P_ACHN_CREF000_20260218031800_12.2_54.2_73.0_135.0.png,[Errno 2] No such file or directory: 'D:\\BaiduNetdiskDownload\\气象大模型数据（中南）-20260224\\气象雷达拼图（UTC）\\Z_RADA_C_BABJ_P_ACHN_CREF000_20260218031800_12.2_54.2_73.0_135.0.png'
6049,Z_RADA_C_BABJ_P_ACHN_CREF000_20260218032400_12.2_54.2_73.0_135.0.png,[Errno 2] No such file or directory: 'D:\\BaiduNetdiskDownload\\气象大模型数据（中南）-20260224\\气象雷达拼图（UTC）\\Z_RADA_C_BABJ_P_ACHN_CREF000_20260218032400_12.2_54.2_73.0_135.0.png'
6050,Z_RADA_C_BABJ_P_ACHN_CREF000_20260218033000_12.2_54.2_73.0_135.0.png,[Errno 2] No such file or directory: 'D:\\BaiduNetdiskDownload\\气象大模型数据（中南）-20260224\\气象雷达拼图（UTC）\\Z_RADA_C_BABJ_P_ACHN_CREF000_20260218033000_12.2_54.2_73.0_135.0.png'
6051,Z_RADA_C_BABJ_P_ACHN_CREF000_20260218033600_12.2_54.2_73.0_135.0.png,[Errno 2] No such file or directory: 'D:\\BaiduNetdiskDownload\\气象大模型数据（中南）-20260224\\气象雷达拼图（UTC）\\Z_RADA_C_BABJ_P_ACHN_CREF000_20260218033600_12.2_54.2_73.0_135.0.png'
6052,Z_RADA_C_BABJ_P_ACHN_CREF000_20260218034200_12.2_54.2_73.0_135.0.png,[Errno 2] No such file or directory: 'D:\\BaiduNetdiskDownload\\气象大模型数据（中南）-20260224\\气象雷达拼图（UTC）\\Z_RADA_C_BABJ_P_ACHN_CREF000_20260218034200_12.2_54.2_73.0_135.0.png'
6053,Z_RADA_C_BABJ_P_ACHN_CREF000_20260218034800_12.2_54.2_73.0_135.0.png,[Errno 2] No such file or directory: 'D:\\BaiduNetdiskDownload\\气象大模型数据（中南）-20260224\\气象雷达拼图（UTC）\\Z_RADA_C_BABJ_P_ACHN_CREF000_20260218034800_12.2_54.2_73.0_135.0.png'
6054,Z_RADA_C_BABJ_P_ACHN_CREF000_20260218035400_12.2_54.2_73.0_135.0.png,[Errno 2] No such file or directory: 'D:\\BaiduNetdiskDownload\\气象大模型数据（中南）-20260224\\气象雷达拼图（UTC）\\Z_RADA_C_BABJ_P_ACHN_CREF000_20260218035400_12.2_54.2_73.0_135.0.png'
6055,Z_RADA_C_BABJ_P_ACHN_CREF000_20260218040000_12.2_54.2_73.0_135.0.png,[Errno 2] No such file or directory: 'D:\\BaiduNetdiskDownload\\气象大模型数据（中南）-20260224\\气象雷达拼图（UTC）\\Z_RADA_C_BABJ_P_ACHN_CREF000_20260218040000_12.2_54.2_73.0_135.0.png'
6056,Z_RADA_C_BABJ_P_ACHN_CREF000_20260218040600_12.2_54.2_73.0_135.0.png,[Errno 2] No such file or directory: 'D:\\BaiduNetdiskDownload\\气象大模型数据（中南）-20260224\\气象雷达拼图（UTC）\\Z_RADA_C_BABJ_P_ACHN_CREF000_20260218040600_12.2_54.2_73.0_135.0.png'
6057,Z_RADA_C_BABJ_P_ACHN_CREF000_20260218041200_12.2_54.2_73.0_135.0.png,[Errno 2] No such file or directory: 'D:\\BaiduNetdiskDownload\\气象大模型数据（中南）-20260224\\气象雷达拼图（UTC）\\Z_RADA_C_BABJ_P_ACHN_CREF000_20260218041200_12.2_54.2_73.0_135.0.png'
6058,Z_RADA_C_BABJ_P_ACHN_CREF000_20260218041800_12.2_54.2_73.0_135.0.png,[Errno 2] No such file or directory: 'D:\\BaiduNetdiskDownload\\气象大模型数据（中南）-20260224\\气象雷达拼图（UTC）\\Z_RADA_C_BABJ_P_ACHN_CREF000_20260218041800_12.2_54.2_73.0_135.0.png'
6059,Z_RADA_C_BABJ_P_ACHN_CREF000_20260218042400_12.2_54.2_73.0_135.0.png,[Errno 2] No such file or directory: 'D:\\BaiduNetdiskDownload\\气象大模型数据（中南）-20260224\\气象雷达拼图（UTC）\\Z_RADA_C_BABJ_P_ACHN_CREF000_20260218042400_12.2_54.2_73.0_135.0.png'
6060,Z_RADA_C_BABJ_P_ACHN_CREF000_20260218043000_12.2_54.2_73.0_135.0.png,[Errno 2] No such file or directory: 'D:\\BaiduNetdiskDownload\\气象大模型数据（中南）-20260224\\气象雷达拼图（UTC）\\Z_RADA_C_BABJ_P_ACHN_CREF000_20260218043000_12.2_54.2_73.0_135.0.png'
6061,Z_RADA_C_BABJ_P_ACHN_CREF000_20260218043600_12.2_54.2_73.0_135.0.png,[Errno 2] No such file or directory: 'D:\\BaiduNetdiskDownload\\气象大模型数据（中南）-20260224\\气象雷达拼图（UTC）\\Z_RADA_C_BABJ_P_ACHN_CREF000_20260218043600_12.2_54.2_73.0_135.0.png'
6062,Z_RADA_C_BABJ_P_ACHN_CREF000_20260218044200_12.2_54.2_73.0_135.0.png,[Errno 2] No such file or directory: 'D:\\BaiduNetdiskDownload\\气象大模型数据（中南）-20260224\\气象雷达拼图（UTC）\\Z_RADA_C_BABJ_P_ACHN_CREF000_20260218044200_12.2_54.2_73.0_135.0.png'
6063,Z_RADA_C_BABJ_P_ACHN_CREF000_20260218044800_12.2_54.2_73.0_135.0.png,[Errno 2] No such file or directory: 'D:\\BaiduNetdiskDownload\\气象大模型数据（中南）-20260224\\气象雷达拼图（UTC）\\Z_RADA_C_BABJ_P_ACHN_CREF000_20260218044800_12.2_54.2_73.0_135.0.png'
6064,Z_RADA_C_BABJ_P_ACHN_CREF000_20260218045400_12.2_54.2_73.0_135.0.png,[Errno 2] No such file or directory: 'D:\\BaiduNetdiskDownload\\气象大模型数据（中南）-20260224\\气象雷达拼图（UTC）\\Z_RADA_C_BABJ_P_ACHN_CREF000_20260218045400_12.2_54.2_73.0_135.0.png'
6065,Z_RADA_C_BABJ_P_ACHN_CREF000_20260218050000_12.2_54.2_73.0_135.0.png,[Errno 2] No such file or directory: 'D:\\BaiduNetdiskDownload\\气象大模型数据（中南）-20260224\\气象雷达拼图（UTC）\\Z_RADA_C_BABJ_P_ACHN_CREF000_20260218050000_12.2_54.2_73.0_135.0.png'
6066,Z_RADA_C_BABJ_P_ACHN_CREF000_20260218050600_12.2_54.2_73.0_135.0.png,[Errno 2] No such file or directory: 'D:\\BaiduNetdiskDownload\\气象大模型数据（中南）-20260224\\气象雷达拼图（UTC）\\Z_RADA_C_BABJ_P_ACHN_CREF000_20260218050600_12.2_54.2_73.0_135.0.png'
6067,Z_RADA_C_BABJ_P_ACHN_CREF000_20260218051200_12.2_54.2_73.0_135.0.png,[Errno 2] No such file or directory: 'D:\\BaiduNetdiskDownload\\气象大模型数据（中南）-20260224\\气象雷达拼图（UTC）\\Z_RADA_C_BABJ_P_ACHN_CREF000_20260218051200_12.2_54.2_73.0_135.0.png'
6068,Z_RADA_C_BABJ_P_ACHN_CREF000_20260218051800_12.2_54.2_73.0_135.0.png,[Errno 2] No such file or directory: 'D:\\BaiduNetdiskDownload\\气象大模型数据（中南）-20260224\\气象雷达拼图（UTC）\\Z_RADA_C_BABJ_P_ACHN_CREF000_20260218051800_12.2_54.2_73.0_135.0.png'
6069,Z_RADA_C_BABJ_P_ACHN_CREF000_20260218052400_12.2_54.2_73.0_135.0.png,[Errno 2] No such file or directory: 'D:\\BaiduNetdiskDownload\\气象大模型数据（中南）-20260224\\气象雷达拼图（UTC）\\Z_RADA_C_BABJ_P_ACHN_CREF000_20260218052400_12.2_54.2_73.0_135.0.png'
6070,Z_RADA_C_BABJ_P_ACHN_CREF000_20260218053000_12.2_54.2_73.0_135.0.png,[Errno 2] No such file or directory: 'D:\\BaiduNetdiskDownload\\气象大模型数据（中南）-20260224\\气象雷达拼图（UTC）\\Z_RADA_C_BABJ_P_ACHN_CREF000_20260218053000_12.2_54.2_73.0_135.0.png'
6071,Z_RADA_C_BABJ_P_ACHN_CREF000_20260218053600_12.2_54.2_73.0_135.0.png,[Errno 2] No such file or directory: 'D:\\BaiduNetdiskDownload\\气象大模型数据（中南）-20260224\\气象雷达拼图（UTC）\\Z_RADA_C_BABJ_P_ACHN_CREF000_20260218053600_12.2_54.2_73.0_135.0.png'
6072,Z_RADA_C_BABJ_P_ACHN_CREF000_20260218054200_12.2_54.2_73.0_135.0.png,[Errno 2] No such file or directory: 'D:\\BaiduNetdiskDownload\\气象大模型数据（中南）-20260224\\气象雷达拼图（UTC）\\Z_RADA_C_BABJ_P_ACHN_CREF000_20260218054200_12.2_54.2_73.0_135.0.png'
6073,Z_RADA_C_BABJ_P_ACHN_CREF000_20260218054800_12.2_54.2_73.0_135.0.png,[Errno 2] No such file or directory: 'D:\\BaiduNetdiskDownload\\气象大模型数据（中南）-20260224\\气象雷达拼图（UTC）\\Z_RADA_C_BABJ_P_ACHN_CREF000_20260218054800_12.2_54.2_73.0_135.0.png'
6074,Z_RADA_C_BABJ_P_ACHN_CREF000_20260218055400_12.2_54.2_73.0_135.0.png,[Errno 2] No such file or directory: 'D:\\BaiduNetdiskDownload\\气象大模型数据（中南）-20260224\\气象雷达拼图（UTC）\\Z_RADA_C_BABJ_P_ACHN_CREF000_20260218055400_12.2_54.2_73.0_135.0.png'
6075,Z_RADA_C_BABJ_P_ACHN_CREF000_20260218060000_12.2_54.2_73.0_135.0.png,[Errno 2] No such file or directory: 'D:\\BaiduNetdiskDownload\\气象大模型数据（中南）-20260224\\气象雷达拼图（UTC）\\Z_RADA_C_BABJ_P_ACHN_CREF000_20260218060000_12.2_54.2_73.0_135.0.png'
6076,Z_RADA_C_BABJ_P_ACHN_CREF000_20260218060600_12.2_54.2_73.0_135.0.png,[Errno 2] No such file or directory: 'D:\\BaiduNetdiskDownload\\气象大模型数据（中南）-20260224\\气象雷达拼图（UTC）\\Z_RADA_C_BABJ_P_ACHN_CREF000_20260218060600_12.2_54.2_73.0_135.0.png'
6077,Z_RADA_C_BABJ_P_ACHN_CREF000_20260218061200_12.2_54.2_73.0_135.0.png,[Errno 2] No such file or directory: 'D:\\BaiduNetdiskDownload\\气象大模型数据（中南）-20260224\\气象雷达拼图（UTC）\\Z_RADA_C_BABJ_P_ACHN_CREF000_20260218061200_12.2_54.2_73.0_135.0.png'
6078,Z_RADA_C_BABJ_P_ACHN_CREF000_20260218061800_12.2_54.2_73.0_135.0.png,[Errno 2] No such file or directory: 'D:\\BaiduNetdiskDownload\\气象大模型数据（中南）-20260224\\气象雷达拼图（UTC）\\Z_RADA_C_BABJ_P_ACHN_CREF000_20260218061800_12.2_54.2_73.0_135.0.png'
6079,Z_RADA_C_BABJ_P_ACHN_CREF000_20260218062400_12.2_54.2_73.0_135.0.png,[Errno 2] No such file or directory: 'D:\\BaiduNetdiskDownload\\气象大模型数据（中南）-20260224\\气象雷达拼图（UTC）\\Z_RADA_C_BABJ_P_ACHN_CREF000_20260218062400_12.2_54.2_73.0_135.0.png'
6080,Z_RADA_C_BABJ_P_ACHN_CREF000_20260218063000_12.2_54.2_73.0_135.0.png,[Errno 2] No such file or directory: 'D:\\BaiduNetdiskDownload\\气象大模型数据（中南）-20260224\\气象雷达拼图（UTC）\\Z_RADA_C_BABJ_P_ACHN_CREF000_20260218063000_12.2_54.2_73.0_135.0.png'
6081,Z_RADA_C_BABJ_P_ACHN_CREF000_20260218063600_12.2_54.2_73.0_135.0.png,[Errno 2] No such file or directory: 'D:\\BaiduNetdiskDownload\\气象大模型数据（中南）-20260224\\气象雷达拼图（UTC）\\Z_RADA_C_BABJ_P_ACHN_CREF000_20260218063600_12.2_54.2_73.0_135.0.png'
6082,Z_RADA_C_BABJ_P_ACHN_CREF000_20260218064200_12.2_54.2_73.0_135.0.png,[Errno 2] No such file or directory: 'D:\\BaiduNetdiskDownload\\气象大模型数据（中南）-20260224\\气象雷达拼图（UTC）\\Z_RADA_C_BABJ_P_ACHN_CREF000_20260218064200_12.2_54.2_73.0_135.0.png'
6083,Z_RADA_C_BABJ_P_ACHN_CREF000_20260218064800_12.2_54.2_73.0_135.0.png,[Errno 2] No such file or directory: 'D:\\BaiduNetdiskDownload\\气象大模型数据（中南）-20260224\\气象雷达拼图（UTC）\\Z_RADA_C_BABJ_P_ACHN_CREF000_20260218064800_12.2_54.2_73.0_135.0.png'
6084,Z_RADA_C_BABJ_P_ACHN_CREF000_20260218065400_12.2_54.2_73.0_135.0.png,[Errno 2] No such file or directory: 'D:\\BaiduNetdiskDownload\\气象大模型数据（中南）-20260224\\气象雷达拼图（UTC）\\Z_RADA_C_BABJ_P_ACHN_CREF000_20260218065400_12.2_54.2_73.0_135.0.png'
6085,Z_RADA_C_BABJ_P_ACHN_CREF000_20260218070000_12.2_54.2_73.0_135.0.png,[Errno 2] No such file or directory: 'D:\\BaiduNetdiskDownload\\气象大模型数据（中南）-20260224\\气象雷达拼图（UTC）\\Z_RADA_C_BABJ_P_ACHN_CREF000_20260218070000_12.2_54.2_73.0_135.0.png'
6086,Z_RADA_C_BABJ_P_ACHN_CREF000_20260218070600_12.2_54.2_73.0_135.0.png,[Errno 2] No such file or directory: 'D:\\BaiduNetdiskDownload\\气象大模型数据（中南）-20260224\\气象雷达拼图（UTC）\\Z_RADA_C_BABJ_P_ACHN_CREF000_20260218070600_12.2_54.2_73.0_135.0.png'
6087,Z_RADA_C_BABJ_P_ACHN_CREF000_20260218071200_12.2_54.2_73.0_135.0.png,[Errno 2] No such file or directory: 'D:\\BaiduNetdiskDownload\\气象大模型数据（中南）-20260224\\气象雷达拼图（UTC）\\Z_RADA_C_BABJ_P_ACHN_CREF000_20260218071200_12.2_54.2_73.0_135.0.png'
6088,Z_RADA_C_BABJ_P_ACHN_CREF000_20260218071800_12.2_54.2_73.0_135.0.png,[Errno 2] No such file or directory: 'D:\\BaiduNetdiskDownload\\气象大模型数据（中南）-20260224\\气象雷达拼图（UTC）\\Z_RADA_C_BABJ_P_ACHN_CREF000_20260218071800_12.2_54.2_73.0_135.0.png'
6089,Z_RADA_C_BABJ_P_ACHN_CREF000_20260218072400_12.2_54.2_73.0_135.0.png,[Errno 2] No such file or directory: 'D:\\BaiduNetdiskDownload\\气象大模型数据（中南）-20260224\\气象雷达拼图（UTC）\\Z_RADA_C_BABJ_P_ACHN_CREF000_20260218072400_12.2_54.2_73.0_135.0.png'
6090,Z_RADA_C_BABJ_P_ACHN_CREF000_20260218073000_12.2_54.2_73.0_135.0.png,[Errno 2] No such file or directory: 'D:\\BaiduNetdiskDownload\\气象大模型数据（中南）-20260224\\气象雷达拼图（UTC）\\Z_RADA_C_BABJ_P_ACHN_CREF000_20260218073000_12.2_54.2_73.0_135.0.png'
6091,Z_RADA_C_BABJ_P_ACHN_CREF000_20260218073600_12.2_54.2_73.0_135.0.png,[Errno 2] No such file or directory: 'D:\\BaiduNetdiskDownload\\气象大模型数据（中南）-20260224\\气象雷达拼图（UTC）\\Z_RADA_C_BABJ_P_ACHN_CREF000_20260218073600_12.2_54.2_73.0_135.0.png'
6092,Z_RADA_C_BABJ_P_ACHN_CREF000_20260218074200_12.2_54.2_73.0_135.0.png,[Errno 2] No such file or directory: 'D:\\BaiduNetdiskDownload\\气象大模型数据（中南）-20260224\\气象雷达拼图（UTC）\\Z_RADA_C_BABJ_P_ACHN_CREF000_20260218074200_12.2_54.2_73.0_135.0.png'
6093,Z_RADA_C_BABJ_P_ACHN_CREF000_20260218074800_12.2_54.2_73.0_135.0.png,[Errno 2] No such file or directory: 'D:\\BaiduNetdiskDownload\\气象大模型数据（中南）-20260224\\气象雷达拼图（UTC）\\Z_RADA_C_BABJ_P_ACHN_CREF000_20260218074800_12.2_54.2_73.0_135.0.png'
6094,Z_RADA_C_BABJ_P_ACHN_CREF000_20260218075400_12.2_54.2_73.0_135.0.png,[Errno 2] No such file or directory: 'D:\\BaiduNetdiskDownload\\气象大模型数据（中南）-20260224\\气象雷达拼图（UTC）\\Z_RADA_C_BABJ_P_ACHN_CREF000_20260218075400_12.2_54.2_73.0_135.0.png'
6095,Z_RADA_C_BABJ_P_ACHN_CREF000_20260218080000_12.2_54.2_73.0_135.0.png,[Errno 2] No such file or directory: 'D:\\BaiduNetdiskDownload\\气象大模型数据（中南）-20260224\\气象雷达拼图（UTC）\\Z_RADA_C_BABJ_P_ACHN_CREF000_20260218080000_12.2_54.2_73.0_135.0.png'
6096,Z_RADA_C_BABJ_P_ACHN_CREF000_20260218080600_12.2_54.2_73.0_135.0.png,[Errno 2] No such file or directory: 'D:\\BaiduNetdiskDownload\\气象大模型数据（中南）-20260224\\气象雷达拼图（UTC）\\Z_RADA_C_BABJ_P_ACHN_CREF000_20260218080600_12.2_54.2_73.0_135.0.png'
6097,Z_RADA_C_BABJ_P_ACHN_CREF000_20260218081200_12.2_54.2_73.0_135.0.png,[Errno 2] No such file or directory: 'D:\\BaiduNetdiskDownload\\气象大模型数据（中南）-20260224\\气象雷达拼图（UTC）\\Z_RADA_C_BABJ_P_ACHN_CREF000_20260218081200_12.2_54.2_73.0_135.0.png'
6098,Z_RADA_C_BABJ_P_ACHN_CREF000_20260218081800_12.2_54.2_73.0_135.0.png,[Errno 2] No such file or directory: 'D:\\BaiduNetdiskDownload\\气象大模型数据（中南）-20260224\\气象雷达拼图（UTC）\\Z_RADA_C_BABJ_P_ACHN_CREF000_20260218081800_12.2_54.2_73.0_135.0.png'
6099,Z_RADA_C_BABJ_P_ACHN_CREF000_20260218082400_12.2_54.2_73.0_135.0.png,[Errno 2] No such file or directory: 'D:\\BaiduNetdiskDownload\\气象大模型数据（中南）-20260224\\气象雷达拼图（UTC）\\Z_RADA_C_BABJ_P_ACHN_CREF000_20260218082400_12.2_54.2_73.0_135.0.png'
6100,Z_RADA_C_BABJ_P_ACHN_CREF000_20260218083000_12.2_54.2_73.0_135.0.png,[Errno 2] No such file or directory: 'D:\\BaiduNetdiskDownload\\气象大模型数据（中南）-20260224\\气象雷达拼图（UTC）\\Z_RADA_C_BABJ_P_ACHN_CREF000_20260218083000_12.2_54.2_73.0_135.0.png'
6101,Z_RADA_C_BABJ_P_ACHN_CREF000_20260218083600_12.2_54.2_73.0_135.0.png,[Errno 2] No such file or directory: 'D:\\BaiduNetdiskDownload\\气象大模型数据（中南）-20260224\\气象雷达拼图（UTC）\\Z_RADA_C_BABJ_P_ACHN_CREF000_20260218083600_12.2_54.2_73.0_135.0.png'
6102,Z_RADA_C_BABJ_P_ACHN_CREF000_20260218084200_12.2_54.2_73.0_135.0.png,[Errno 2] No such file or directory: 'D:\\BaiduNetdiskDownload\\气象大模型数据（中南）-20260224\\气象雷达拼图（UTC）\\Z_RADA_C_BABJ_P_ACHN_CREF000_20260218084200_12.2_54.2_73.0_135.0.png'
6103,Z_RADA_C_BABJ_P_ACHN_CREF000_20260218084800_12.2_54.2_73.0_135.0.png,[Errno 2] No such file or directory: 'D:\\BaiduNetdiskDownload\\气象大模型数据（中南）-20260224\\气象雷达拼图（UTC）\\Z_RADA_C_BABJ_P_ACHN_CREF000_20260218084800_12.2_54.2_73.0_135.0.png'
6104,Z_RADA_C_BABJ_P_ACHN_CREF000_20260218085400_12.2_54.2_73.0_135.0.png,[Errno 2] No such file or directory: 'D:\\BaiduNetdiskDownload\\气象大模型数据（中南）-20260224\\气象雷达拼图（UTC）\\Z_RADA_C_BABJ_P_ACHN_CREF000_20260218085400_12.2_54.2_73.0_135.0.png'
6105,Z_RADA_C_BABJ_P_ACHN_CREF000_20260218090000_12.2_54.2_73.0_135.0.png,[Errno 2] No such file or directory: 'D:\\BaiduNetdiskDownload\\气象大模型数据（中南）-20260224\\气象雷达拼图（UTC）\\Z_RADA_C_BABJ_P_ACHN_CREF000_20260218090000_12.2_54.2_73.0_135.0.png'
6106,Z_RADA_C_BABJ_P_ACHN_CREF000_20260218090600_12.2_54.2_73.0_135.0.png,[Errno 2] No such file or directory: 'D:\\BaiduNetdiskDownload\\气象大模型数据（中南）-20260224\\气象雷达拼图（UTC）\\Z_RADA_C_BABJ_P_ACHN_CREF000_20260218090600_12.2_54.2_73.0_135.0.png'
6107,Z_RADA_C_BABJ_P_ACHN_CREF000_20260218091200_12.2_54.2_73.0_135.0.png,[Errno 2] No such file or directory: 'D:\\BaiduNetdiskDownload\\气象大模型数据（中南）-20260224\\气象雷达拼图（UTC）\\Z_RADA_C_BABJ_P_ACHN_CREF000_20260218091200_12.2_54.2_73.0_135.0.png'
6108,Z_RADA_C_BABJ_P_ACHN_CREF000_20260218091800_12.2_54.2_73.0_135.0.png,[Errno 2] No such file or directory: 'D:\\BaiduNetdiskDownload\\气象大模型数据（中南）-20260224\\气象雷达拼图（UTC）\\Z_RADA_C_BABJ_P_ACHN_CREF000_20260218091800_12.2_54.2_73.0_135.0.png'
6109,Z_RADA_C_BABJ_P_ACHN_CREF000_20260218092400_12.2_54.2_73.0_135.0.png,[Errno 2] No such file or directory: 'D:\\BaiduNetdiskDownload\\气象大模型数据（中南）-20260224\\气象雷达拼图（UTC）\\Z_RADA_C_BABJ_P_ACHN_CREF000_20260218092400_12.2_54.2_73.0_135.0.png'
6110,Z_RADA_C_BABJ_P_ACHN_CREF000_20260218093000_12.2_54.2_73.0_135.0.png,[Errno 2] No such file or directory: 'D:\\BaiduNetdiskDownload\\气象大模型数据（中南）-20260224\\气象雷达拼图（UTC）\\Z_RADA_C_BABJ_P_ACHN_CREF000_20260218093000_12.2_54.2_73.0_135.0.png'
6111,Z_RADA_C_BABJ_P_ACHN_CREF000_20260218093600_12.2_54.2_73.0_135.0.png,[Errno 2] No such file or directory: 'D:\\BaiduNetdiskDownload\\气象大模型数据（中南）-20260224\\气象雷达拼图（UTC）\\Z_RADA_C_BABJ_P_ACHN_CREF000_20260218093600_12.2_54.2_73.0_135.0.png'
6112,Z_RADA_C_BABJ_P_ACHN_CREF000_20260218094200_12.2_54.2_73.0_135.0.png,[Errno 2] No such file or directory: 'D:\\BaiduNetdiskDownload\\气象大模型数据（中南）-20260224\\气象雷达拼图（UTC）\\Z_RADA_C_BABJ_P_ACHN_CREF000_20260218094200_12.2_54.2_73.0_135.0.png'
6113,Z_RADA_C_BABJ_P_ACHN_CREF000_20260218094800_12.2_54.2_73.0_135.0.png,[Errno 2] No such file or directory: 'D:\\BaiduNetdiskDownload\\气象大模型数据（中南）-20260224\\气象雷达拼图（UTC）\\Z_RADA_C_BABJ_P_ACHN_CREF000_20260218094800_12.2_54.2_73.0_135.0.png'
6114,Z_RADA_C_BABJ_P_ACHN_CREF000_20260218095400_12.2_54.2_73.0_135.0.png,[Errno 2] No such file or directory: 'D:\\BaiduNetdiskDownload\\气象大模型数据（中南）-20260224\\气象雷达拼图（UTC）\\Z_RADA_C_BABJ_P_ACHN_CREF000_20260218095400_12.2_54.2_73.0_135.0.png'
6115,Z_RADA_C_BABJ_P_ACHN_CREF000_20260218100000_12.2_54.2_73.0_135.0.png,[Errno 2] No such file or directory: 'D:\\BaiduNetdiskDownload\\气象大模型数据（中南）-20260224\\气象雷达拼图（UTC）\\Z_RADA_C_BABJ_P_ACHN_CREF000_20260218100000_12.2_54.2_73.0_135.0.png'
6116,Z_RADA_C_BABJ_P_ACHN_CREF000_20260218100600_12.2_54.2_73.0_135.0.png,[Errno 2] No such file or directory: 'D:\\BaiduNetdiskDownload\\气象大模型数据（中南）-20260224\\气象雷达拼图（UTC）\\Z_RADA_C_BABJ_P_ACHN_CREF000_20260218100600_12.2_54.2_73.0_135.0.png'
6117,Z_RADA_C_BABJ_P_ACHN_CREF000_20260218101200_12.2_54.2_73.0_135.0.png,[Errno 2] No such file or directory: 'D:\\BaiduNetdiskDownload\\气象大模型数据（中南）-20260224\\气象雷达拼图（UTC）\\Z_RADA_C_BABJ_P_ACHN_CREF000_20260218101200_12.2_54.2_73.0_135.0.png'
6118,Z_RADA_C_BABJ_P_ACHN_CREF000_20260218101800_12.2_54.2_73.0_135.0.png,[Errno 2] No such file or directory: 'D:\\BaiduNetdiskDownload\\气象大模型数据（中南）-20260224\\气象雷达拼图（UTC）\\Z_RADA_C_BABJ_P_ACHN_CREF000_20260218101800_12.2_54.2_73.0_135.0.png'
6119,Z_RADA_C_BABJ_P_ACHN_CREF000_20260218102400_12.2_54.2_73.0_135.0.png,[Errno 2] No such file or directory: 'D:\\BaiduNetdiskDownload\\气象大模型数据（中南）-20260224\\气象雷达拼图（UTC）\\Z_RADA_C_BABJ_P_ACHN_CREF000_20260218102400_12.2_54.2_73.0_135.0.png'
6120,Z_RADA_C_BABJ_P_ACHN_CREF000_20260218103000_12.2_54.2_73.0_135.0.png,[Errno 2] No such file or directory: 'D:\\BaiduNetdiskDownload\\气象大模型数据（中南）-20260224\\气象雷达拼图（UTC）\\Z_RADA_C_BABJ_P_ACHN_CREF000_20260218103000_12.2_54.2_73.0_135.0.png'
6121,Z_RADA_C_BABJ_P_ACHN_CREF000_20260218103600_12.2_54.2_73.0_135.0.png,[Errno 2] No such file or directory: 'D:\\BaiduNetdiskDownload\\气象大模型数据（中南）-20260224\\气象雷达拼图（UTC）\\Z_RADA_C_BABJ_P_ACHN_CREF000_20260218103600_12.2_54.2_73.0_135.0.png'
6122,Z_RADA_C_BABJ_P_ACHN_CREF000_20260218104200_12.2_54.2_73.0_135.0.png,[Errno 2] No such file or directory: 'D:\\BaiduNetdiskDownload\\气象大模型数据（中南）-20260224\\气象雷达拼图（UTC）\\Z_RADA_C_BABJ_P_ACHN_CREF000_20260218104200_12.2_54.2_73.0_135.0.png'
6123,Z_RADA_C_BABJ_P_ACHN_CREF000_20260218104800_12.2_54.2_73.0_135.0.png,[Errno 2] No such file or directory: 'D:\\BaiduNetdiskDownload\\气象大模型数据（中南）-20260224\\气象雷达拼图（UTC）\\Z_RADA_C_BABJ_P_ACHN_CREF000_20260218104800_12.2_54.2_73.0_135.0.png'
6124,Z_RADA_C_BABJ_P_ACHN_CREF000_20260218105400_12.2_54.2_73.0_135.0.png,[Errno 2] No such file or directory: 'D:\\BaiduNetdiskDownload\\气象大模型数据（中南）-20260224\\气象雷达拼图（UTC）\\Z_RADA_C_BABJ_P_ACHN_CREF000_20260218105400_12.2_54.2_73.0_135.0.png'
6125,Z_RADA_C_BABJ_P_ACHN_CREF000_20260218110000_12.2_54.2_73.0_135.0.png,[Errno 2] No such file or directory: 'D:\\BaiduNetdiskDownload\\气象大模型数据（中南）-20260224\\气象雷达拼图（UTC）\\Z_RADA_C_BABJ_P_ACHN_CREF000_20260218110000_12.2_54.2_73.0_135.0.png'
6126,Z_RADA_C_BABJ_P_ACHN_CREF000_20260218110600_12.2_54.2_73.0_135.0.png,[Errno 2] No such file or directory: 'D:\\BaiduNetdiskDownload\\气象大模型数据（中南）-20260224\\气象雷达拼图（UTC）\\Z_RADA_C_BABJ_P_ACHN_CREF000_20260218110600_12.2_54.2_73.0_135.0.png'
6127,Z_RADA_C_BABJ_P_ACHN_CREF000_20260218111200_12.2_54.2_73.0_135.0.png,[Errno 2] No such file or directory: 'D:\\BaiduNetdiskDownload\\气象大模型数据（中南）-20260224\\气象雷达拼图（UTC）\\Z_RADA_C_BABJ_P_ACHN_CREF000_20260218111200_12.2_54.2_73.0_135.0.png'
6128,Z_RADA_C_BABJ_P_ACHN_CREF000_20260218111800_12.2_54.2_73.0_135.0.png,[Errno 2] No such file or directory: 'D:\\BaiduNetdiskDownload\\气象大模型数据（中南）-20260224\\气象雷达拼图（UTC）\\Z_RADA_C_BABJ_P_ACHN_CREF000_20260218111800_12.2_54.2_73.0_135.0.png'
6129,Z_RADA_C_BABJ_P_ACHN_CREF000_20260218112400_12.2_54.2_73.0_135.0.png,[Errno 2] No such file or directory: 'D:\\BaiduNetdiskDownload\\气象大模型数据（中南）-20260224\\气象雷达拼图（UTC）\\Z_RADA_C_BABJ_P_ACHN_CREF000_20260218112400_12.2_54.2_73.0_135.0.png'
6130,Z_RADA_C_BABJ_P_ACHN_CREF000_20260218113000_12.2_54.2_73.0_135.0.png,[Errno 2] No such file or directory: 'D:\\BaiduNetdiskDownload\\气象大模型数据（中南）-20260224\\气象雷达拼图（UTC）\\Z_RADA_C_BABJ_P_ACHN_CREF000_20260218113000_12.2_54.2_73.0_135.0.png'
6131,Z_RADA_C_BABJ_P_ACHN_CREF000_20260218113600_12.2_54.2_73.0_135.0.png,[Errno 2] No such file or directory: 'D:\\BaiduNetdiskDownload\\气象大模型数据（中南）-20260224\\气象雷达拼图（UTC）\\Z_RADA_C_BABJ_P_ACHN_CREF000_20260218113600_12.2_54.2_73.0_135.0.png'
6132,Z_RADA_C_BABJ_P_ACHN_CREF000_20260218114200_12.2_54.2_73.0_135.0.png,[Errno 2] No such file or directory: 'D:\\BaiduNetdiskDownload\\气象大模型数据（中南）-20260224\\气象雷达拼图（UTC）\\Z_RADA_C_BABJ_P_ACHN_CREF000_20260218114200_12.2_54.2_73.0_135.0.png'
6133,Z_RADA_C_BABJ_P_ACHN_CREF000_20260218114800_12.2_54.2_73.0_135.0.png,[Errno 2] No such file or directory: 'D:\\BaiduNetdiskDownload\\气象大模型数据（中南）-20260224\\气象雷达拼图（UTC）\\Z_RADA_C_BABJ_P_ACHN_CREF000_20260218114800_12.2_54.2_73.0_135.0.png'
6134,Z_RADA_C_BABJ_P_ACHN_CREF000_20260218115400_12.2_54.2_73.0_135.0.png,[Errno 2] No such file or directory: 'D:\\BaiduNetdiskDownload\\气象大模型数据（中南）-20260224\\气象雷达拼图（UTC）\\Z_RADA_C_BABJ_P_ACHN_CREF000_20260218115400_12.2_54.2_73.0_135.0.png'
6135,Z_RADA_C_BABJ_P_ACHN_CREF000_20260218120000_12.2_54.2_73.0_135.0.png,[Errno 2] No such file or directory: 'D:\\BaiduNetdiskDownload\\气象大模型数据（中南）-20260224\\气象雷达拼图（UTC）\\Z_RADA_C_BABJ_P_ACHN_CREF000_20260218120000_12.2_54.2_73.0_135.0.png'
6136,Z_RADA_C_BABJ_P_ACHN_CREF000_20260218120600_12.2_54.2_73.0_135.0.png,[Errno 2] No such file or directory: 'D:\\BaiduNetdiskDownload\\气象大模型数据（中南）-20260224\\气象雷达拼图（UTC）\\Z_RADA_C_BABJ_P_ACHN_CREF000_20260218120600_12.2_54.2_73.0_135.0.png'
6137,Z_RADA_C_BABJ_P_ACHN_CREF000_20260218121200_12.2_54.2_73.0_135.0.png,[Errno 2] No such file or directory: 'D:\\BaiduNetdiskDownload\\气象大模型数据（中南）-20260224\\气象雷达拼图（UTC）\\Z_RADA_C_BABJ_P_ACHN_CREF000_20260218121200_12.2_54.2_73.0_135.0.png'
6138,Z_RADA_C_BABJ_P_ACHN_CREF000_20260218121800_12.2_54.2_73.0_135.0.png,[Errno 2] No such file or directory: 'D:\\BaiduNetdiskDownload\\气象大模型数据（中南）-20260224\\气象雷达拼图（UTC）\\Z_RADA_C_BABJ_P_ACHN_CREF000_20260218121800_12.2_54.2_73.0_135.0.png'
6139,Z_RADA_C_BABJ_P_ACHN_CREF000_20260218122400_12.2_54.2_73.0_135.0.png,[Errno 2] No such file or directory: 'D:\\BaiduNetdiskDownload\\气象大模型数据（中南）-20260224\\气象雷达拼图（UTC）\\Z_RADA_C_BABJ_P_ACHN_CREF000_20260218122400_12.2_54.2_73.0_135.0.png'
6140,Z_RADA_C_BABJ_P_ACHN_CREF000_20260218123000_12.2_54.2_73.0_135.0.png,[Errno 2] No such file or directory: 'D:\\BaiduNetdiskDownload\\气象大模型数据（中南）-20260224\\气象雷达拼图（UTC）\\Z_RADA_C_BABJ_P_ACHN_CREF000_20260218123000_12.2_54.2_73.0_135.0.png'
6141,Z_RADA_C_BABJ_P_ACHN_CREF000_20260218123600_12.2_54.2_73.0_135.0.png,[Errno 2] No such file or directory: 'D:\\BaiduNetdiskDownload\\气象大模型数据（中南）-20260224\\气象雷达拼图（UTC）\\Z_RADA_C_BABJ_P_ACHN_CREF000_20260218123600_12.2_54.2_73.0_135.0.png'
6142,Z_RADA_C_BABJ_P_ACHN_CREF000_20260218124200_12.2_54.2_73.0_135.0.png,[Errno 2] No such file or directory: 'D:\\BaiduNetdiskDownload\\气象大模型数据（中南）-20260224\\气象雷达拼图（UTC）\\Z_RADA_C_BABJ_P_ACHN_CREF000_20260218124200_12.2_54.2_73.0_135.0.png'
6143,Z_RADA_C_BABJ_P_ACHN_CREF000_20260218124800_12.2_54.2_73.0_135.0.png,[Errno 2] No such file or directory: 'D:\\BaiduNetdiskDownload\\气象大模型数据（中南）-20260224\\气象雷达拼图（UTC）\\Z_RADA_C_BABJ_P_ACHN_CREF000_20260218124800_12.2_54.2_73.0_135.0.png'
6144,Z_RADA_C_BABJ_P_ACHN_CREF000_20260218125400_12.2_54.2_73.0_135.0.png,[Errno 2] No such file or directory: 'D:\\BaiduNetdiskDownload\\气象大模型数据（中南）-20260224\\气象雷达拼图（UTC）\\Z_RADA_C_BABJ_P_ACHN_CREF000_20260218125400_12.2_54.2_73.0_135.0.png'
6145,Z_RADA_C_BABJ_P_ACHN_CREF000_20260218130000_12.2_54.2_73.0_135.0.png,[Errno 2] No such file or directory: 'D:\\BaiduNetdiskDownload\\气象大模型数据（中南）-20260224\\气象雷达拼图（UTC）\\Z_RADA_C_BABJ_P_ACHN_CREF000_20260218130000_12.2_54.2_73.0_135.0.png'
6146,Z_RADA_C_BABJ_P_ACHN_CREF000_20260218130600_12.2_54.2_73.0_135.0.png,[Errno 2] No such file or directory: 'D:\\BaiduNetdiskDownload\\气象大模型数据（中南）-20260224\\气象雷达拼图（UTC）\\Z_RADA_C_BABJ_P_ACHN_CREF000_20260218130600_12.2_54.2_73.0_135.0.png'
6147,Z_RADA_C_BABJ_P_ACHN_CREF000_20260218131200_12.2_54.2_73.0_135.0.png,[Errno 2] No such file or directory: 'D:\\BaiduNetdiskDownload\\气象大模型数据（中南）-20260224\\气象雷达拼图（UTC）\\Z_RADA_C_BABJ_P_ACHN_CREF000_20260218131200_12.2_54.2_73.0_135.0.png'
6148,Z_RADA_C_BABJ_P_ACHN_CREF000_20260218131800_12.2_54.2_73.0_135.0.png,[Errno 2] No such file or directory: 'D:\\BaiduNetdiskDownload\\气象大模型数据（中南）-20260224\\气象雷达拼图（UTC）\\Z_RADA_C_BABJ_P_ACHN_CREF000_20260218131800_12.2_54.2_73.0_135.0.png'
6149,Z_RADA_C_BABJ_P_ACHN_CREF000_20260218132400_12.2_54.2_73.0_135.0.png,[Errno 2] No such file or directory: 'D:\\BaiduNetdiskDownload\\气象大模型数据（中南）-20260224\\气象雷达拼图（UTC）\\Z_RADA_C_BABJ_P_ACHN_CREF000_20260218132400_12.2_54.2_73.0_135.0.png'
6150,Z_RADA_C_BABJ_P_ACHN_CREF000_20260218133000_12.2_54.2_73.0_135.0.png,[Errno 2] No such file or directory: 'D:\\BaiduNetdiskDownload\\气象大模型数据（中南）-20260224\\气象雷达拼图（UTC）\\Z_RADA_C_BABJ_P_ACHN_CREF000_20260218133000_12.2_54.2_73.0_135.0.png'
6151,Z_RADA_C_BABJ_P_ACHN_CREF000_20260218133600_12.2_54.2_73.0_135.0.png,[Errno 2] No such file or directory: 'D:\\BaiduNetdiskDownload\\气象大模型数据（中南）-20260224\\气象雷达拼图（UTC）\\Z_RADA_C_BABJ_P_ACHN_CREF000_20260218133600_12.2_54.2_73.0_135.0.png'
6152,Z_RADA_C_BABJ_P_ACHN_CREF000_20260218134200_12.2_54.2_73.0_135.0.png,[Errno 2] No such file or directory: 'D:\\BaiduNetdiskDownload\\气象大模型数据（中南）-20260224\\气象雷达拼图（UTC）\\Z_RADA_C_BABJ_P_ACHN_CREF000_20260218134200_12.2_54.2_73.0_135.0.png'
6153,Z_RADA_C_BABJ_P_ACHN_CREF000_20260218134800_12.2_54.2_73.0_135.0.png,[Errno 2] No such file or directory: 'D:\\BaiduNetdiskDownload\\气象大模型数据（中南）-20260224\\气象雷达拼图（UTC）\\Z_RADA_C_BABJ_P_ACHN_CREF000_20260218134800_12.2_54.2_73.0_135.0.png'
6154,Z_RADA_C_BABJ_P_ACHN_CREF000_20260218135400_12.2_54.2_73.0_135.0.png,[Errno 2] No such file or directory: 'D:\\BaiduNetdiskDownload\\气象大模型数据（中南）-20260224\\气象雷达拼图（UTC）\\Z_RADA_C_BABJ_P_ACHN_CREF000_20260218135400_12.2_54.2_73.0_135.0.png'
6155,Z_RADA_C_BABJ_P_ACHN_CREF000_20260218140000_12.2_54.2_73.0_135.0.png,[Errno 2] No such file or directory: 'D:\\BaiduNetdiskDownload\\气象大模型数据（中南）-20260224\\气象雷达拼图（UTC）\\Z_RADA_C_BABJ_P_ACHN_CREF000_20260218140000_12.2_54.2_73.0_135.0.png'
6156,Z_RADA_C_BABJ_P_ACHN_CREF000_20260218140600_12.2_54.2_73.0_135.0.png,[Errno 2] No such file or directory: 'D:\\BaiduNetdiskDownload\\气象大模型数据（中南）-20260224\\气象雷达拼图（UTC）\\Z_RADA_C_BABJ_P_ACHN_CREF000_20260218140600_12.2_54.2_73.0_135.0.png'
6157,Z_RADA_C_BABJ_P_ACHN_CREF000_20260218141200_12.2_54.2_73.0_135.0.png,[Errno 2] No such file or directory: 'D:\\BaiduNetdiskDownload\\气象大模型数据（中南）-20260224\\气象雷达拼图（UTC）\\Z_RADA_C_BABJ_P_ACHN_CREF000_20260218141200_12.2_54.2_73.0_135.0.png'
6158,Z_RADA_C_BABJ_P_ACHN_CREF000_20260218141800_12.2_54.2_73.0_135.0.png,[Errno 2] No such file or directory: 'D:\\BaiduNetdiskDownload\\气象大模型数据（中南）-20260224\\气象雷达拼图（UTC）\\Z_RADA_C_BABJ_P_ACHN_CREF000_20260218141800_12.2_54.2_73.0_135.0.png'
6159,Z_RADA_C_BABJ_P_ACHN_CREF000_20260218142400_12.2_54.2_73.0_135.0.png,[Errno 2] No such file or directory: 'D:\\BaiduNetdiskDownload\\气象大模型数据（中南）-20260224\\气象雷达拼图（UTC）\\Z_RADA_C_BABJ_P_ACHN_CREF000_20260218142400_12.2_54.2_73.0_135.0.png'
6160,Z_RADA_C_BABJ_P_ACHN_CREF000_20260218143000_12.2_54.2_73.0_135.0.png,[Errno 2] No such file or directory: 'D:\\BaiduNetdiskDownload\\气象大模型数据（中南）-20260224\\气象雷达拼图（UTC）\\Z_RADA_C_BABJ_P_ACHN_CREF000_20260218143000_12.2_54.2_73.0_135.0.png'
6161,Z_RADA_C_BABJ_P_ACHN_CREF000_20260218143600_12.2_54.2_73.0_135.0.png,[Errno 2] No such file or directory: 'D:\\BaiduNetdiskDownload\\气象大模型数据（中南）-20260224\\气象雷达拼图（UTC）\\Z_RADA_C_BABJ_P_ACHN_CREF000_20260218143600_12.2_54.2_73.0_135.0.png'
6162,Z_RADA_C_BABJ_P_ACHN_CREF000_20260218144200_12.2_54.2_73.0_135.0.png,[Errno 2] No such file or directory: 'D:\\BaiduNetdiskDownload\\气象大模型数据（中南）-20260224\\气象雷达拼图（UTC）\\Z_RADA_C_BABJ_P_ACHN_CREF000_20260218144200_12.2_54.2_73.0_135.0.png'
6163,Z_RADA_C_BABJ_P_ACHN_CREF000_20260218144800_12.2_54.2_73.0_135.0.png,[Errno 2] No such file or directory: 'D:\\BaiduNetdiskDownload\\气象大模型数据（中南）-20260224\\气象雷达拼图（UTC）\\Z_RADA_C_BABJ_P_ACHN_CREF000_20260218144800_12.2_54.2_73.0_135.0.png'
6164,Z_RADA_C_BABJ_P_ACHN_CREF000_20260218145400_12.2_54.2_73.0_135.0.png,[Errno 2] No such file or directory: 'D:\\BaiduNetdiskDownload\\气象大模型数据（中南）-20260224\\气象雷达拼图（UTC）\\Z_RADA_C_BABJ_P_ACHN_CREF000_20260218145400_12.2_54.2_73.0_135.0.png'
6165,Z_RADA_C_BABJ_P_ACHN_CREF000_20260218150000_12.2_54.2_73.0_135.0.png,[Errno 2] No such file or directory: 'D:\\BaiduNetdiskDownload\\气象大模型数据（中南）-20260224\\气象雷达拼图（UTC）\\Z_RADA_C_BABJ_P_ACHN_CREF000_20260218150000_12.2_54.2_73.0_135.0.png'
6166,Z_RADA_C_BABJ_P_ACHN_CREF000_20260218150600_12.2_54.2_73.0_135.0.png,[Errno 2] No such file or directory: 'D:\\BaiduNetdiskDownload\\气象大模型数据（中南）-20260224\\气象雷达拼图（UTC）\\Z_RADA_C_BABJ_P_ACHN_CREF000_20260218150600_12.2_54.2_73.0_135.0.png'
6167,Z_RADA_C_BABJ_P_ACHN_CREF000_20260218151200_12.2_54.2_73.0_135.0.png,[Errno 2] No such file or directory: 'D:\\BaiduNetdiskDownload\\气象大模型数据（中南）-20260224\\气象雷达拼图（UTC）\\Z_RADA_C_BABJ_P_ACHN_CREF000_20260218151200_12.2_54.2_73.0_135.0.png'
6168,Z_RADA_C_BABJ_P_ACHN_CREF000_20260218151800_12.2_54.2_73.0_135.0.png,[Errno 2] No such file or directory: 'D:\\BaiduNetdiskDownload\\气象大模型数据（中南）-20260224\\气象雷达拼图（UTC）\\Z_RADA_C_BABJ_P_ACHN_CREF000_20260218151800_12.2_54.2_73.0_135.0.png'
6169,Z_RADA_C_BABJ_P_ACHN_CREF000_20260218152400_12.2_54.2_73.0_135.0.png,[Errno 2] No such file or directory: 'D:\\BaiduNetdiskDownload\\气象大模型数据（中南）-20260224\\气象雷达拼图（UTC）\\Z_RADA_C_BABJ_P_ACHN_CREF000_20260218152400_12.2_54.2_73.0_135.0.png'
6170,Z_RADA_C_BABJ_P_ACHN_CREF000_20260218153000_12.2_54.2_73.0_135.0.png,[Errno 2] No such file or directory: 'D:\\BaiduNetdiskDownload\\气象大模型数据（中南）-20260224\\气象雷达拼图（UTC）\\Z_RADA_C_BABJ_P_ACHN_CREF000_20260218153000_12.2_54.2_73.0_135.0.png'
6171,Z_RADA_C_BABJ_P_ACHN_CREF000_20260218153600_12.2_54.2_73.0_135.0.png,[Errno 2] No such file or directory: 'D:\\BaiduNetdiskDownload\\气象大模型数据（中南）-20260224\\气象雷达拼图（UTC）\\Z_RADA_C_BABJ_P_ACHN_CREF000_20260218153600_12.2_54.2_73.0_135.0.png'
6172,Z_RADA_C_BABJ_P_ACHN_CREF000_20260218154200_12.2_54.2_73.0_135.0.png,[Errno 2] No such file or directory: 'D:\\BaiduNetdiskDownload\\气象大模型数据（中南）-20260224\\气象雷达拼图（UTC）\\Z_RADA_C_BABJ_P_ACHN_CREF000_20260218154200_12.2_54.2_73.0_135.0.png'
6173,Z_RADA_C_BABJ_P_ACHN_CREF000_20260218154800_12.2_54.2_73.0_135.0.png,[Errno 2] No such file or directory: 'D:\\BaiduNetdiskDownload\\气象大模型数据（中南）-20260224\\气象雷达拼图（UTC）\\Z_RADA_C_BABJ_P_ACHN_CREF000_20260218154800_12.2_54.2_73.0_135.0.png'
6174,Z_RADA_C_BABJ_P_ACHN_CREF000_20260218155400_12.2_54.2_73.0_135.0.png,[Errno 2] No such file or directory: 'D:\\BaiduNetdiskDownload\\气象大模型数据（中南）-20260224\\气象雷达拼图（UTC）\\Z_RADA_C_BABJ_P_ACHN_CREF000_20260218155400_12.2_54.2_73.0_135.0.png'
6175,Z_RADA_C_BABJ_P_ACHN_CREF000_20260218160000_12.2_54.2_73.0_135.0.png,[Errno 2] No such file or directory: 'D:\\BaiduNetdiskDownload\\气象大模型数据（中南）-20260224\\气象雷达拼图（UTC）\\Z_RADA_C_BABJ_P_ACHN_CREF000_20260218160000_12.2_54.2_73.0_135.0.png'
6176,Z_RADA_C_BABJ_P_ACHN_CREF000_20260218160600_12.2_54.2_73.0_135.0.png,[Errno 2] No such file or directory: 'D:\\BaiduNetdiskDownload\\气象大模型数据（中南）-20260224\\气象雷达拼图（UTC）\\Z_RADA_C_BABJ_P_ACHN_CREF000_20260218160600_12.2_54.2_73.0_135.0.png'
6177,Z_RADA_C_BABJ_P_ACHN_CREF000_20260218161200_12.2_54.2_73.0_135.0.png,[Errno 2] No such file or directory: 'D:\\BaiduNetdiskDownload\\气象大模型数据（中南）-20260224\\气象雷达拼图（UTC）\\Z_RADA_C_BABJ_P_ACHN_CREF000_20260218161200_12.2_54.2_73.0_135.0.png'
6178,Z_RADA_C_BABJ_P_ACHN_CREF000_20260218161800_12.2_54.2_73.0_135.0.png,[Errno 2] No such file or directory: 'D:\\BaiduNetdiskDownload\\气象大模型数据（中南）-20260224\\气象雷达拼图（UTC）\\Z_RADA_C_BABJ_P_ACHN_CREF000_20260218161800_12.2_54.2_73.0_135.0.png'
6179,Z_RADA_C_BABJ_P_ACHN_CREF000_20260218162400_12.2_54.2_73.0_135.0.png,[Errno 2] No such file or directory: 'D:\\BaiduNetdiskDownload\\气象大模型数据（中南）-20260224\\气象雷达拼图（UTC）\\Z_RADA_C_BABJ_P_ACHN_CREF000_20260218162400_12.2_54.2_73.0_135.0.png'
6180,Z_RADA_C_BABJ_P_ACHN_CREF000_20260218163000_12.2_54.2_73.0_135.0.png,[Errno 2] No such file or directory: 'D:\\BaiduNetdiskDownload\\气象大模型数据（中南）-20260224\\气象雷达拼图（UTC）\\Z_RADA_C_BABJ_P_ACHN_CREF000_20260218163000_12.2_54.2_73.0_135.0.png'
6181,Z_RADA_C_BABJ_P_ACHN_CREF000_20260218163600_12.2_54.2_73.0_135.0.png,[Errno 2] No such file or directory: 'D:\\BaiduNetdiskDownload\\气象大模型数据（中南）-20260224\\气象雷达拼图（UTC）\\Z_RADA_C_BABJ_P_ACHN_CREF000_20260218163600_12.2_54.2_73.0_135.0.png'
6182,Z_RADA_C_BABJ_P_ACHN_CREF000_20260218164200_12.2_54.2_73.0_135.0.png,[Errno 2] No such file or directory: 'D:\\BaiduNetdiskDownload\\气象大模型数据（中南）-20260224\\气象雷达拼图（UTC）\\Z_RADA_C_BABJ_P_ACHN_CREF000_20260218164200_12.2_54.2_73.0_135.0.png'
6183,Z_RADA_C_BABJ_P_ACHN_CREF000_20260218164800_12.2_54.2_73.0_135.0.png,[Errno 2] No such file or directory: 'D:\\BaiduNetdiskDownload\\气象大模型数据（中南）-20260224\\气象雷达拼图（UTC）\\Z_RADA_C_BABJ_P_ACHN_CREF000_20260218164800_12.2_54.2_73.0_135.0.png'
6184,Z_RADA_C_BABJ_P_ACHN_CREF000_20260218165400_12.2_54.2_73.0_135.0.png,[Errno 2] No such file or directory: 'D:\\BaiduNetdiskDownload\\气象大模型数据（中南）-20260224\\气象雷达拼图（UTC）\\Z_RADA_C_BABJ_P_ACHN_CREF000_20260218165400_12.2_54.2_73.0_135.0.png'
6185,Z_RADA_C_BABJ_P_ACHN_CREF000_20260218170000_12.2_54.2_73.0_135.0.png,[Errno 2] No such file or directory: 'D:\\BaiduNetdiskDownload\\气象大模型数据（中南）-20260224\\气象雷达拼图（UTC）\\Z_RADA_C_BABJ_P_ACHN_CREF000_20260218170000_12.2_54.2_73.0_135.0.png'
6186,Z_RADA_C_BABJ_P_ACHN_CREF000_20260218170600_12.2_54.2_73.0_135.0.png,[Errno 2] No such file or directory: 'D:\\BaiduNetdiskDownload\\气象大模型数据（中南）-20260224\\气象雷达拼图（UTC）\\Z_RADA_C_BABJ_P_ACHN_CREF000_20260218170600_12.2_54.2_73.0_135.0.png'
6187,Z_RADA_C_BABJ_P_ACHN_CREF000_20260218171200_12.2_54.2_73.0_135.0.png,[Errno 2] No such file or directory: 'D:\\BaiduNetdiskDownload\\气象大模型数据（中南）-20260224\\气象雷达拼图（UTC）\\Z_RADA_C_BABJ_P_ACHN_CREF000_20260218171200_12.2_54.2_73.0_135.0.png'
6188,Z_RADA_C_BABJ_P_ACHN_CREF000_20260218171800_12.2_54.2_73.0_135.0.png,[Errno 2] No such file or directory: 'D:\\BaiduNetdiskDownload\\气象大模型数据（中南）-20260224\\气象雷达拼图（UTC）\\Z_RADA_C_BABJ_P_ACHN_CREF000_20260218171800_12.2_54.2_73.0_135.0.png'
6189,Z_RADA_C_BABJ_P_ACHN_CREF000_20260218172400_12.2_54.2_73.0_135.0.png,[Errno 2] No such file or directory: 'D:\\BaiduNetdiskDownload\\气象大模型数据（中南）-20260224\\气象雷达拼图（UTC）\\Z_RADA_C_BABJ_P_ACHN_CREF000_20260218172400_12.2_54.2_73.0_135.0.png'
6190,Z_RADA_C_BABJ_P_ACHN_CREF000_20260218173000_12.2_54.2_73.0_135.0.png,[Errno 2] No such file or directory: 'D:\\BaiduNetdiskDownload\\气象大模型数据（中南）-20260224\\气象雷达拼图（UTC）\\Z_RADA_C_BABJ_P_ACHN_CREF000_20260218173000_12.2_54.2_73.0_135.0.png'
6191,Z_RADA_C_BABJ_P_ACHN_CREF000_20260218173600_12.2_54.2_73.0_135.0.png,[Errno 2] No such file or directory: 'D:\\BaiduNetdiskDownload\\气象大模型数据（中南）-20260224\\气象雷达拼图（UTC）\\Z_RADA_C_BABJ_P_ACHN_CREF000_20260218173600_12.2_54.2_73.0_135.0.png'
6192,Z_RADA_C_BABJ_P_ACHN_CREF000_20260218174200_12.2_54.2_73.0_135.0.png,[Errno 2] No such file or directory: 'D:\\BaiduNetdiskDownload\\气象大模型数据（中南）-20260224\\气象雷达拼图（UTC）\\Z_RADA_C_BABJ_P_ACHN_CREF000_20260218174200_12.2_54.2_73.0_135.0.png'
6193,Z_RADA_C_BABJ_P_ACHN_CREF000_20260218174800_12.2_54.2_73.0_135.0.png,[Errno 2] No such file or directory: 'D:\\BaiduNetdiskDownload\\气象大模型数据（中南）-20260224\\气象雷达拼图（UTC）\\Z_RADA_C_BABJ_P_ACHN_CREF000_20260218174800_12.2_54.2_73.0_135.0.png'
6194,Z_RADA_C_BABJ_P_ACHN_CREF000_20260218175400_12.2_54.2_73.0_135.0.png,[Errno 2] No such file or directory: 'D:\\BaiduNetdiskDownload\\气象大模型数据（中南）-20260224\\气象雷达拼图（UTC）\\Z_RADA_C_BABJ_P_ACHN_CREF000_20260218175400_12.2_54.2_73.0_135.0.png'
6195,Z_RADA_C_BABJ_P_ACHN_CREF000_20260218180000_12.2_54.2_73.0_135.0.png,[Errno 2] No such file or directory: 'D:\\BaiduNetdiskDownload\\气象大模型数据（中南）-20260224\\气象雷达拼图（UTC）\\Z_RADA_C_BABJ_P_ACHN_CREF000_20260218180000_12.2_54.2_73.0_135.0.png'
6196,Z_RADA_C_BABJ_P_ACHN_CREF000_20260218180600_12.2_54.2_73.0_135.0.png,[Errno 2] No such file or directory: 'D:\\BaiduNetdiskDownload\\气象大模型数据（中南）-20260224\\气象雷达拼图（UTC）\\Z_RADA_C_BABJ_P_ACHN_CREF000_20260218180600_12.2_54.2_73.0_135.0.png'
6197,Z_RADA_C_BABJ_P_ACHN_CREF000_20260218181200_12.2_54.2_73.0_135.0.png,[Errno 2] No such file or directory: 'D:\\BaiduNetdiskDownload\\气象大模型数据（中南）-20260224\\气象雷达拼图（UTC）\\Z_RADA_C_BABJ_P_ACHN_CREF000_20260218181200_12.2_54.2_73.0_135.0.png'
6198,Z_RADA_C_BABJ_P_ACHN_CREF000_20260218181800_12.2_54.2_73.0_135.0.png,[Errno 2] No such file or directory: 'D:\\BaiduNetdiskDownload\\气象大模型数据（中南）-20260224\\气象雷达拼图（UTC）\\Z_RADA_C_BABJ_P_ACHN_CREF000_20260218181800_12.2_54.2_73.0_135.0.png'
6199,Z_RADA_C_BABJ_P_ACHN_CREF000_20260218182400_12.2_54.2_73.0_135.0.png,[Errno 2] No such file or directory: 'D:\\BaiduNetdiskDownload\\气象大模型数据（中南）-20260224\\气象雷达拼图（UTC）\\Z_RADA_C_BABJ_P_ACHN_CREF000_20260218182400_12.2_54.2_73.0_135.0.png'
6200,Z_RADA_C_BABJ_P_ACHN_CREF000_20260218183000_12.2_54.2_73.0_135.0.png,[Errno 2] No such file or directory: 'D:\\BaiduNetdiskDownload\\气象大模型数据（中南）-20260224\\气象雷达拼图（UTC）\\Z_RADA_C_BABJ_P_ACHN_CREF000_20260218183000_12.2_54.2_73.0_135.0.png'
6201,Z_RADA_C_BABJ_P_ACHN_CREF000_20260218183600_12.2_54.2_73.0_135.0.png,[Errno 2] No such file or directory: 'D:\\BaiduNetdiskDownload\\气象大模型数据（中南）-20260224\\气象雷达拼图（UTC）\\Z_RADA_C_BABJ_P_ACHN_CREF000_20260218183600_12.2_54.2_73.0_135.0.png'
6202,Z_RADA_C_BABJ_P_ACHN_CREF000_20260218184200_12.2_54.2_73.0_135.0.png,[Errno 2] No such file or directory: 'D:\\BaiduNetdiskDownload\\气象大模型数据（中南）-20260224\\气象雷达拼图（UTC）\\Z_RADA_C_BABJ_P_ACHN_CREF000_20260218184200_12.2_54.2_73.0_135.0.png'
6203,Z_RADA_C_BABJ_P_ACHN_CREF000_20260218184800_12.2_54.2_73.0_135.0.png,[Errno 2] No such file or directory: 'D:\\BaiduNetdiskDownload\\气象大模型数据（中南）-20260224\\气象雷达拼图（UTC）\\Z_RADA_C_BABJ_P_ACHN_CREF000_20260218184800_12.2_54.2_73.0_135.0.png'
6204,Z_RADA_C_BABJ_P_ACHN_CREF000_20260218185400_12.2_54.2_73.0_135.0.png,[Errno 2] No such file or directory: 'D:\\BaiduNetdiskDownload\\气象大模型数据（中南）-20260224\\气象雷达拼图（UTC）\\Z_RADA_C_BABJ_P_ACHN_CREF000_20260218185400_12.2_54.2_73.0_135.0.png'
6205,Z_RADA_C_BABJ_P_ACHN_CREF000_20260218190000_12.2_54.2_73.0_135.0.png,[Errno 2] No such file or directory: 'D:\\BaiduNetdiskDownload\\气象大模型数据（中南）-20260224\\气象雷达拼图（UTC）\\Z_RADA_C_BABJ_P_ACHN_CREF000_20260218190000_12.2_54.2_73.0_135.0.png'
6206,Z_RADA_C_BABJ_P_ACHN_CREF000_20260218190600_12.2_54.2_73.0_135.0.png,[Errno 2] No such file or directory: 'D:\\BaiduNetdiskDownload\\气象大模型数据（中南）-20260224\\气象雷达拼图（UTC）\\Z_RADA_C_BABJ_P_ACHN_CREF000_20260218190600_12.2_54.2_73.0_135.0.png'
6207,Z_RADA_C_BABJ_P_ACHN_CREF000_20260218191200_12.2_54.2_73.0_135.0.png,[Errno 2] No such file or directory: 'D:\\BaiduNetdiskDownload\\气象大模型数据（中南）-20260224\\气象雷达拼图（UTC）\\Z_RADA_C_BABJ_P_ACHN_CREF000_20260218191200_12.2_54.2_73.0_135.0.png'
6208,Z_RADA_C_BABJ_P_ACHN_CREF000_20260218191800_12.2_54.2_73.0_135.0.png,[Errno 2] No such file or directory: 'D:\\BaiduNetdiskDownload\\气象大模型数据（中南）-20260224\\气象雷达拼图（UTC）\\Z_RADA_C_BABJ_P_ACHN_CREF000_20260218191800_12.2_54.2_73.0_135.0.png'
6209,Z_RADA_C_BABJ_P_ACHN_CREF000_20260218192400_12.2_54.2_73.0_135.0.png,[Errno 2] No such file or directory: 'D:\\BaiduNetdiskDownload\\气象大模型数据（中南）-20260224\\气象雷达拼图（UTC）\\Z_RADA_C_BABJ_P_ACHN_CREF000_20260218192400_12.2_54.2_73.0_135.0.png'
6210,Z_RADA_C_BABJ_P_ACHN_CREF000_20260218193000_12.2_54.2_73.0_135.0.png,[Errno 2] No such file or directory: 'D:\\BaiduNetdiskDownload\\气象大模型数据（中南）-20260224\\气象雷达拼图（UTC）\\Z_RADA_C_BABJ_P_ACHN_CREF000_20260218193000_12.2_54.2_73.0_135.0.png'
6211,Z_RADA_C_BABJ_P_ACHN_CREF000_20260218193600_12.2_54.2_73.0_135.0.png,[Errno 2] No such file or directory: 'D:\\BaiduNetdiskDownload\\气象大模型数据（中南）-20260224\\气象雷达拼图（UTC）\\Z_RADA_C_BABJ_P_ACHN_CREF000_20260218193600_12.2_54.2_73.0_135.0.png'
6212,Z_RADA_C_BABJ_P_ACHN_CREF000_20260218194200_12.2_54.2_73.0_135.0.png,[Errno 2] No such file or directory: 'D:\\BaiduNetdiskDownload\\气象大模型数据（中南）-20260224\\气象雷达拼图（UTC）\\Z_RADA_C_BABJ_P_ACHN_CREF000_20260218194200_12.2_54.2_73.0_135.0.png'
6213,Z_RADA_C_BABJ_P_ACHN_CREF000_20260218194800_12.2_54.2_73.0_135.0.png,[Errno 2] No such file or directory: 'D:\\BaiduNetdiskDownload\\气象大模型数据（中南）-20260224\\气象雷达拼图（UTC）\\Z_RADA_C_BABJ_P_ACHN_CREF000_20260218194800_12.2_54.2_73.0_135.0.png'
6214,Z_RADA_C_BABJ_P_ACHN_CREF000_20260218195400_12.2_54.2_73.0_135.0.png,[Errno 2] No such file or directory: 'D:\\BaiduNetdiskDownload\\气象大模型数据（中南）-20260224\\气象雷达拼图（UTC）\\Z_RADA_C_BABJ_P_ACHN_CREF000_20260218195400_12.2_54.2_73.0_135.0.png'
6215,Z_RADA_C_BABJ_P_ACHN_CREF000_20260218200000_12.2_54.2_73.0_135.0.png,[Errno 2] No such file or directory: 'D:\\BaiduNetdiskDownload\\气象大模型数据（中南）-20260224\\气象雷达拼图（UTC）\\Z_RADA_C_BABJ_P_ACHN_CREF000_20260218200000_12.2_54.2_73.0_135.0.png'
6216,Z_RADA_C_BABJ_P_ACHN_CREF000_20260218200600_12.2_54.2_73.0_135.0.png,[Errno 2] No such file or directory: 'D:\\BaiduNetdiskDownload\\气象大模型数据（中南）-20260224\\气象雷达拼图（UTC）\\Z_RADA_C_BABJ_P_ACHN_CREF000_20260218200600_12.2_54.2_73.0_135.0.png'
6217,Z_RADA_C_BABJ_P_ACHN_CREF000_20260218201200_12.2_54.2_73.0_135.0.png,[Errno 2] No such file or directory: 'D:\\BaiduNetdiskDownload\\气象大模型数据（中南）-20260224\\气象雷达拼图（UTC）\\Z_RADA_C_BABJ_P_ACHN_CREF000_20260218201200_12.2_54.2_73.0_135.0.png'
6218,Z_RADA_C_BABJ_P_ACHN_CREF000_20260218201800_12.2_54.2_73.0_135.0.png,[Errno 2] No such file or directory: 'D:\\BaiduNetdiskDownload\\气象大模型数据（中南）-20260224\\气象雷达拼图（UTC）\\Z_RADA_C_BABJ_P_ACHN_CREF000_20260218201800_12.2_54.2_73.0_135.0.png'
6219,Z_RADA_C_BABJ_P_ACHN_CREF000_20260218202400_12.2_54.2_73.0_135.0.png,[Errno 2] No such file or directory: 'D:\\BaiduNetdiskDownload\\气象大模型数据（中南）-20260224\\气象雷达拼图（UTC）\\Z_RADA_C_BABJ_P_ACHN_CREF000_20260218202400_12.2_54.2_73.0_135.0.png'
6220,Z_RADA_C_BABJ_P_ACHN_CREF000_20260218203000_12.2_54.2_73.0_135.0.png,[Errno 2] No such file or directory: 'D:\\BaiduNetdiskDownload\\气象大模型数据（中南）-20260224\\气象雷达拼图（UTC）\\Z_RADA_C_BABJ_P_ACHN_CREF000_20260218203000_12.2_54.2_73.0_135.0.png'
6221,Z_RADA_C_BABJ_P_ACHN_CREF000_20260218203600_12.2_54.2_73.0_135.0.png,[Errno 2] No such file or directory: 'D:\\BaiduNetdiskDownload\\气象大模型数据（中南）-20260224\\气象雷达拼图（UTC）\\Z_RADA_C_BABJ_P_ACHN_CREF000_20260218203600_12.2_54.2_73.0_135.0.png'
6222,Z_RADA_C_BABJ_P_ACHN_CREF000_20260218204200_12.2_54.2_73.0_135.0.png,[Errno 2] No such file or directory: 'D:\\BaiduNetdiskDownload\\气象大模型数据（中南）-20260224\\气象雷达拼图（UTC）\\Z_RADA_C_BABJ_P_ACHN_CREF000_20260218204200_12.2_54.2_73.0_135.0.png'
6223,Z_RADA_C_BABJ_P_ACHN_CREF000_20260218204800_12.2_54.2_73.0_135.0.png,[Errno 2] No such file or directory: 'D:\\BaiduNetdiskDownload\\气象大模型数据（中南）-20260224\\气象雷达拼图（UTC）\\Z_RADA_C_BABJ_P_ACHN_CREF000_20260218204800_12.2_54.2_73.0_135.0.png'
6224,Z_RADA_C_BABJ_P_ACHN_CREF000_20260218205400_12.2_54.2_73.0_135.0.png,[Errno 2] No such file or directory: 'D:\\BaiduNetdiskDownload\\气象大模型数据（中南）-20260224\\气象雷达拼图（UTC）\\Z_RADA_C_BABJ_P_ACHN_CREF000_20260218205400_12.2_54.2_73.0_135.0.png'
6225,Z_RADA_C_BABJ_P_ACHN_CREF000_20260218210000_12.2_54.2_73.0_135.0.png,[Errno 2] No such file or directory: 'D:\\BaiduNetdiskDownload\\气象大模型数据（中南）-20260224\\气象雷达拼图（UTC）\\Z_RADA_C_BABJ_P_ACHN_CREF000_20260218210000_12.2_54.2_73.0_135.0.png'
6226,Z_RADA_C_BABJ_P_ACHN_CREF000_20260218210600_12.2_54.2_73.0_135.0.png,[Errno 2] No such file or directory: 'D:\\BaiduNetdiskDownload\\气象大模型数据（中南）-20260224\\气象雷达拼图（UTC）\\Z_RADA_C_BABJ_P_ACHN_CREF000_20260218210600_12.2_54.2_73.0_135.0.png'
6227,Z_RADA_C_BABJ_P_ACHN_CREF000_20260218211200_12.2_54.2_73.0_135.0.png,[Errno 2] No such file or directory: 'D:\\BaiduNetdiskDownload\\气象大模型数据（中南）-20260224\\气象雷达拼图（UTC）\\Z_RADA_C_BABJ_P_ACHN_CREF000_20260218211200_12.2_54.2_73.0_135.0.png'
6228,Z_RADA_C_BABJ_P_ACHN_CREF000_20260218211800_12.2_54.2_73.0_135.0.png,[Errno 2] No such file or directory: 'D:\\BaiduNetdiskDownload\\气象大模型数据（中南）-20260224\\气象雷达拼图（UTC）\\Z_RADA_C_BABJ_P_ACHN_CREF000_20260218211800_12.2_54.2_73.0_135.0.png'
6229,Z_RADA_C_BABJ_P_ACHN_CREF000_20260218212400_12.2_54.2_73.0_135.0.png,[Errno 2] No such file or directory: 'D:\\BaiduNetdiskDownload\\气象大模型数据（中南）-20260224\\气象雷达拼图（UTC）\\Z_RADA_C_BABJ_P_ACHN_CREF000_20260218212400_12.2_54.2_73.0_135.0.png'
6230,Z_RADA_C_BABJ_P_ACHN_CREF000_20260218213000_12.2_54.2_73.0_135.0.png,[Errno 2] No such file or directory: 'D:\\BaiduNetdiskDownload\\气象大模型数据（中南）-20260224\\气象雷达拼图（UTC）\\Z_RADA_C_BABJ_P_ACHN_CREF000_20260218213000_12.2_54.2_73.0_135.0.png'
6231,Z_RADA_C_BABJ_P_ACHN_CREF000_20260218213600_12.2_54.2_73.0_135.0.png,[Errno 2] No such file or directory: 'D:\\BaiduNetdiskDownload\\气象大模型数据（中南）-20260224\\气象雷达拼图（UTC）\\Z_RADA_C_BABJ_P_ACHN_CREF000_20260218213600_12.2_54.2_73.0_135.0.png'
6232,Z_RADA_C_BABJ_P_ACHN_CREF000_20260218214200_12.2_54.2_73.0_135.0.png,[Errno 2] No such file or directory: 'D:\\BaiduNetdiskDownload\\气象大模型数据（中南）-20260224\\气象雷达拼图（UTC）\\Z_RADA_C_BABJ_P_ACHN_CREF000_20260218214200_12.2_54.2_73.0_135.0.png'
6233,Z_RADA_C_BABJ_P_ACHN_CREF000_20260218214800_12.2_54.2_73.0_135.0.png,[Errno 2] No such file or directory: 'D:\\BaiduNetdiskDownload\\气象大模型数据（中南）-20260224\\气象雷达拼图（UTC）\\Z_RADA_C_BABJ_P_ACHN_CREF000_20260218214800_12.2_54.2_73.0_135.0.png'
6234,Z_RADA_C_BABJ_P_ACHN_CREF000_20260218215400_12.2_54.2_73.0_135.0.png,[Errno 2] No such file or directory: 'D:\\BaiduNetdiskDownload\\气象大模型数据（中南）-20260224\\气象雷达拼图（UTC）\\Z_RADA_C_BABJ_P_ACHN_CREF000_20260218215400_12.2_54.2_73.0_135.0.png'
6235,Z_RADA_C_BABJ_P_ACHN_CREF000_20260218220000_12.2_54.2_73.0_135.0.png,[Errno 2] No such file or directory: 'D:\\BaiduNetdiskDownload\\气象大模型数据（中南）-20260224\\气象雷达拼图（UTC）\\Z_RADA_C_BABJ_P_ACHN_CREF000_20260218220000_12.2_54.2_73.0_135.0.png'
6236,Z_RADA_C_BABJ_P_ACHN_CREF000_20260218220600_12.2_54.2_73.0_135.0.png,[Errno 2] No such file or directory: 'D:\\BaiduNetdiskDownload\\气象大模型数据（中南）-20260224\\气象雷达拼图（UTC）\\Z_RADA_C_BABJ_P_ACHN_CREF000_20260218220600_12.2_54.2_73.0_135.0.png'
6237,Z_RADA_C_BABJ_P_ACHN_CREF000_20260218221200_12.2_54.2_73.0_135.0.png,[Errno 2] No such file or directory: 'D:\\BaiduNetdiskDownload\\气象大模型数据（中南）-20260224\\气象雷达拼图（UTC）\\Z_RADA_C_BABJ_P_ACHN_CREF000_20260218221200_12.2_54.2_73.0_135.0.png'
6238,Z_RADA_C_BABJ_P_ACHN_CREF000_20260218221800_12.2_54.2_73.0_135.0.png,[Errno 2] No such file or directory: 'D:\\BaiduNetdiskDownload\\气象大模型数据（中南）-20260224\\气象雷达拼图（UTC）\\Z_RADA_C_BABJ_P_ACHN_CREF000_20260218221800_12.2_54.2_73.0_135.0.png'
6239,Z_RADA_C_BABJ_P_ACHN_CREF000_20260218222400_12.2_54.2_73.0_135.0.png,[Errno 2] No such file or directory: 'D:\\BaiduNetdiskDownload\\气象大模型数据（中南）-20260224\\气象雷达拼图（UTC）\\Z_RADA_C_BABJ_P_ACHN_CREF000_20260218222400_12.2_54.2_73.0_135.0.png'
6240,Z_RADA_C_BABJ_P_ACHN_CREF000_20260218223000_12.2_54.2_73.0_135.0.png,[Errno 2] No such file or directory: 'D:\\BaiduNetdiskDownload\\气象大模型数据（中南）-20260224\\气象雷达拼图（UTC）\\Z_RADA_C_BABJ_P_ACHN_CREF000_20260218223000_12.2_54.2_73.0_135.0.png'
6241,Z_RADA_C_BABJ_P_ACHN_CREF000_20260218223600_12.2_54.2_73.0_135.0.png,[Errno 2] No such file or directory: 'D:\\BaiduNetdiskDownload\\气象大模型数据（中南）-20260224\\气象雷达拼图（UTC）\\Z_RADA_C_BABJ_P_ACHN_CREF000_20260218223600_12.2_54.2_73.0_135.0.png'
6242,Z_RADA_C_BABJ_P_ACHN_CREF000_20260218224200_12.2_54.2_73.0_135.0.png,[Errno 2] No such file or directory: 'D:\\BaiduNetdiskDownload\\气象大模型数据（中南）-20260224\\气象雷达拼图（UTC）\\Z_RADA_C_BABJ_P_ACHN_CREF000_20260218224200_12.2_54.2_73.0_135.0.png'
6243,Z_RADA_C_BABJ_P_ACHN_CREF000_20260218224800_12.2_54.2_73.0_135.0.png,[Errno 2] No such file or directory: 'D:\\BaiduNetdiskDownload\\气象大模型数据（中南）-20260224\\气象雷达拼图（UTC）\\Z_RADA_C_BABJ_P_ACHN_CREF000_20260218224800_12.2_54.2_73.0_135.0.png'
6244,Z_RADA_C_BABJ_P_ACHN_CREF000_20260218225400_12.2_54.2_73.0_135.0.png,[Errno 2] No such file or directory: 'D:\\BaiduNetdiskDownload\\气象大模型数据（中南）-20260224\\气象雷达拼图（UTC）\\Z_RADA_C_BABJ_P_ACHN_CREF000_20260218225400_12.2_54.2_73.0_135.0.png'
6245,Z_RADA_C_BABJ_P_ACHN_CREF000_20260218230000_12.2_54.2_73.0_135.0.png,[Errno 2] No such file or directory: 'D:\\BaiduNetdiskDownload\\气象大模型数据（中南）-20260224\\气象雷达拼图（UTC）\\Z_RADA_C_BABJ_P_ACHN_CREF000_20260218230000_12.2_54.2_73.0_135.0.png'
6246,Z_RADA_C_BABJ_P_ACHN_CREF000_20260218230600_12.2_54.2_73.0_135.0.png,[Errno 2] No such file or directory: 'D:\\BaiduNetdiskDownload\\气象大模型数据（中南）-20260224\\气象雷达拼图（UTC）\\Z_RADA_C_BABJ_P_ACHN_CREF000_20260218230600_12.2_54.2_73.0_135.0.png'
6247,Z_RADA_C_BABJ_P_ACHN_CREF000_20260218231200_12.2_54.2_73.0_135.0.png,[Errno 2] No such file or directory: 'D:\\BaiduNetdiskDownload\\气象大模型数据（中南）-20260224\\气象雷达拼图（UTC）\\Z_RADA_C_BABJ_P_ACHN_CREF000_20260218231200_12.2_54.2_73.0_135.0.png'
6248,Z_RADA_C_BABJ_P_ACHN_CREF000_20260218231800_12.2_54.2_73.0_135.0.png,[Errno 2] No such file or directory: 'D:\\BaiduNetdiskDownload\\气象大模型数据（中南）-20260224\\气象雷达拼图（UTC）\\Z_RADA_C_BABJ_P_ACHN_CREF000_20260218231800_12.2_54.2_73.0_135.0.png'
6249,Z_RADA_C_BABJ_P_ACHN_CREF000_20260218232400_12.2_54.2_73.0_135.0.png,[Errno 2] No such file or directory: 'D:\\BaiduNetdiskDownload\\气象大模型数据（中南）-20260224\\气象雷达拼图（UTC）\\Z_RADA_C_BABJ_P_ACHN_CREF000_20260218232400_12.2_54.2_73.0_135.0.png'
6250,Z_RADA_C_BABJ_P_ACHN_CREF000_20260218233000_12.2_54.2_73.0_135.0.png,[Errno 2] No such file or directory: 'D:\\BaiduNetdiskDownload\\气象大模型数据（中南）-20260224\\气象雷达拼图（UTC）\\Z_RADA_C_BABJ_P_ACHN_CREF000_20260218233000_12.2_54.2_73.0_135.0.png'
6251,Z_RADA_C_BABJ_P_ACHN_CREF000_20260218233600_12.2_54.2_73.0_135.0.png,[Errno 2] No such file or directory: 'D:\\BaiduNetdiskDownload\\气象大模型数据（中南）-20260224\\气象雷达拼图（UTC）\\Z_RADA_C_BABJ_P_ACHN_CREF000_20260218233600_12.2_54.2_73.0_135.0.png'
6252,Z_RADA_C_BABJ_P_ACHN_CREF000_20260218234200_12.2_54.2_73.0_135.0.png,[Errno 2] No such file or directory: 'D:\\BaiduNetdiskDownload\\气象大模型数据（中南）-20260224\\气象雷达拼图（UTC）\\Z_RADA_C_BABJ_P_ACHN_CREF000_20260218234200_12.2_54.2_73.0_135.0.png'
6253,Z_RADA_C_BABJ_P_ACHN_CREF000_20260218234800_12.2_54.2_73.0_135.0.png,[Errno 2] No such file or directory: 'D:\\BaiduNetdiskDownload\\气象大模型数据（中南）-20260224\\气象雷达拼图（UTC）\\Z_RADA_C_BABJ_P_ACHN_CREF000_20260218234800_12.2_54.2_73.0_135.0.png'
6254,Z_RADA_C_BABJ_P_ACHN_CREF000_20260218235400_12.2_54.2_73.0_135.0.png,[Errno 2] No such file or directory: 'D:\\BaiduNetdiskDownload\\气象大模型数据（中南）-20260224\\气象雷达拼图（UTC）\\Z_RADA_C_BABJ_P_ACHN_CREF000_20260218235400_12.2_54.2_73.0_135.0.png'
6255,Z_RADA_C_BABJ_P_ACHN_CREF000_20260219000000_12.2_54.2_73.0_135.0.png,[Errno 2] No such file or directory: 'D:\\BaiduNetdiskDownload\\气象大模型数据（中南）-20260224\\气象雷达拼图（UTC）\\Z_RADA_C_BABJ_P_ACHN_CREF000_20260219000000_12.2_54.2_73.0_135.0.png'
6256,Z_RADA_C_BABJ_P_ACHN_CREF000_20260219000600_12.2_54.2_73.0_135.0.png,[Errno 2] No such file or directory: 'D:\\BaiduNetdiskDownload\\气象大模型数据（中南）-20260224\\气象雷达拼图（UTC）\\Z_RADA_C_BABJ_P_ACHN_CREF000_20260219000600_12.2_54.2_73.0_135.0.png'
6257,Z_RADA_C_BABJ_P_ACHN_CREF000_20260219001200_12.2_54.2_73.0_135.0.png,[Errno 2] No such file or directory: 'D:\\BaiduNetdiskDownload\\气象大模型数据（中南）-20260224\\气象雷达拼图（UTC）\\Z_RADA_C_BABJ_P_ACHN_CREF000_20260219001200_12.2_54.2_73.0_135.0.png'
6258,Z_RADA_C_BABJ_P_ACHN_CREF000_20260219001800_12.2_54.2_73.0_135.0.png,[Errno 2] No such file or directory: 'D:\\BaiduNetdiskDownload\\气象大模型数据（中南）-20260224\\气象雷达拼图（UTC）\\Z_RADA_C_BABJ_P_ACHN_CREF000_20260219001800_12.2_54.2_73.0_135.0.png'
6259,Z_RADA_C_BABJ_P_ACHN_CREF000_20260219002400_12.2_54.2_73.0_135.0.png,[Errno 2] No such file or directory: 'D:\\BaiduNetdiskDownload\\气象大模型数据（中南）-20260224\\气象雷达拼图（UTC）\\Z_RADA_C_BABJ_P_ACHN_CREF000_20260219002400_12.2_54.2_73.0_135.0.png'
6260,Z_RADA_C_BABJ_P_ACHN_CREF000_20260219003000_12.2_54.2_73.0_135.0.png,[Errno 2] No such file or directory: 'D:\\BaiduNetdiskDownload\\气象大模型数据（中南）-20260224\\气象雷达拼图（UTC）\\Z_RADA_C_BABJ_P_ACHN_CREF000_20260219003000_12.2_54.2_73.0_135.0.png'
6261,Z_RADA_C_BABJ_P_ACHN_CREF000_20260219003600_12.2_54.2_73.0_135.0.png,[Errno 2] No such file or directory: 'D:\\BaiduNetdiskDownload\\气象大模型数据（中南）-20260224\\气象雷达拼图（UTC）\\Z_RADA_C_BABJ_P_ACHN_CREF000_20260219003600_12.2_54.2_73.0_135.0.png'
6262,Z_RADA_C_BABJ_P_ACHN_CREF000_20260219004200_12.2_54.2_73.0_135.0.png,[Errno 2] No such file or directory: 'D:\\BaiduNetdiskDownload\\气象大模型数据（中南）-20260224\\气象雷达拼图（UTC）\\Z_RADA_C_BABJ_P_ACHN_CREF000_20260219004200_12.2_54.2_73.0_135.0.png'
6263,Z_RADA_C_BABJ_P_ACHN_CREF000_20260219004800_12.2_54.2_73.0_135.0.png,[Errno 2] No such file or directory: 'D:\\BaiduNetdiskDownload\\气象大模型数据（中南）-20260224\\气象雷达拼图（UTC）\\Z_RADA_C_BABJ_P_ACHN_CREF000_20260219004800_12.2_54.2_73.0_135.0.png'
6264,Z_RADA_C_BABJ_P_ACHN_CREF000_20260219005400_12.2_54.2_73.0_135.0.png,[Errno 2] No such file or directory: 'D:\\BaiduNetdiskDownload\\气象大模型数据（中南）-20260224\\气象雷达拼图（UTC）\\Z_RADA_C_BABJ_P_ACHN_CREF000_20260219005400_12.2_54.2_73.0_135.0.png'
6265,Z_RADA_C_BABJ_P_ACHN_CREF000_20260219010000_12.2_54.2_73.0_135.0.png,[Errno 2] No such file or directory: 'D:\\BaiduNetdiskDownload\\气象大模型数据（中南）-20260224\\气象雷达拼图（UTC）\\Z_RADA_C_BABJ_P_ACHN_CREF000_20260219010000_12.2_54.2_73.0_135.0.png'
6266,Z_RADA_C_BABJ_P_ACHN_CREF000_20260219010600_12.2_54.2_73.0_135.0.png,[Errno 2] No such file or directory: 'D:\\BaiduNetdiskDownload\\气象大模型数据（中南）-20260224\\气象雷达拼图（UTC）\\Z_RADA_C_BABJ_P_ACHN_CREF000_20260219010600_12.2_54.2_73.0_135.0.png'
6267,Z_RADA_C_BABJ_P_ACHN_CREF000_20260219011200_12.2_54.2_73.0_135.0.png,[Errno 2] No such file or directory: 'D:\\BaiduNetdiskDownload\\气象大模型数据（中南）-20260224\\气象雷达拼图（UTC）\\Z_RADA_C_BABJ_P_ACHN_CREF000_20260219011200_12.2_54.2_73.0_135.0.png'
6268,Z_RADA_C_BABJ_P_ACHN_CREF000_20260219011800_12.2_54.2_73.0_135.0.png,[Errno 2] No such file or directory: 'D:\\BaiduNetdiskDownload\\气象大模型数据（中南）-20260224\\气象雷达拼图（UTC）\\Z_RADA_C_BABJ_P_ACHN_CREF000_20260219011800_12.2_54.2_73.0_135.0.png'
6269,Z_RADA_C_BABJ_P_ACHN_CREF000_20260219012400_12.2_54.2_73.0_135.0.png,[Errno 2] No such file or directory: 'D:\\BaiduNetdiskDownload\\气象大模型数据（中南）-20260224\\气象雷达拼图（UTC）\\Z_RADA_C_BABJ_P_ACHN_CREF000_20260219012400_12.2_54.2_73.0_135.0.png'
6270,Z_RADA_C_BABJ_P_ACHN_CREF000_20260219013000_12.2_54.2_73.0_135.0.png,[Errno 2] No such file or directory: 'D:\\BaiduNetdiskDownload\\气象大模型数据（中南）-20260224\\气象雷达拼图（UTC）\\Z_RADA_C_BABJ_P_ACHN_CREF000_20260219013000_12.2_54.2_73.0_135.0.png'
6271,Z_RADA_C_BABJ_P_ACHN_CREF000_20260219013600_12.2_54.2_73.0_135.0.png,[Errno 2] No such file or directory: 'D:\\BaiduNetdiskDownload\\气象大模型数据（中南）-20260224\\气象雷达拼图（UTC）\\Z_RADA_C_BABJ_P_ACHN_CREF000_20260219013600_12.2_54.2_73.0_135.0.png'
6272,Z_RADA_C_BABJ_P_ACHN_CREF000_20260219014200_12.2_54.2_73.0_135.0.png,[Errno 2] No such file or directory: 'D:\\BaiduNetdiskDownload\\气象大模型数据（中南）-20260224\\气象雷达拼图（UTC）\\Z_RADA_C_BABJ_P_ACHN_CREF000_20260219014200_12.2_54.2_73.0_135.0.png'
6273,Z_RADA_C_BABJ_P_ACHN_CREF000_20260219014800_12.2_54.2_73.0_135.0.png,[Errno 2] No such file or directory: 'D:\\BaiduNetdiskDownload\\气象大模型数据（中南）-20260224\\气象雷达拼图（UTC）\\Z_RADA_C_BABJ_P_ACHN_CREF000_20260219014800_12.2_54.2_73.0_135.0.png'
6274,Z_RADA_C_BABJ_P_ACHN_CREF000_20260219015400_12.2_54.2_73.0_135.0.png,[Errno 2] No such file or directory: 'D:\\BaiduNetdiskDownload\\气象大模型数据（中南）-20260224\\气象雷达拼图（UTC）\\Z_RADA_C_BABJ_P_ACHN_CREF000_20260219015400_12.2_54.2_73.0_135.0.png'
6275,Z_RADA_C_BABJ_P_ACHN_CREF000_20260219020000_12.2_54.2_73.0_135.0.png,[Errno 2] No such file or directory: 'D:\\BaiduNetdiskDownload\\气象大模型数据（中南）-20260224\\气象雷达拼图（UTC）\\Z_RADA_C_BABJ_P_ACHN_CREF000_20260219020000_12.2_54.2_73.0_135.0.png'
6276,Z_RADA_C_BABJ_P_ACHN_CREF000_20260219020600_12.2_54.2_73.0_135.0.png,[Errno 2] No such file or directory: 'D:\\BaiduNetdiskDownload\\气象大模型数据（中南）-20260224\\气象雷达拼图（UTC）\\Z_RADA_C_BABJ_P_ACHN_CREF000_20260219020600_12.2_54.2_73.0_135.0.png'
6277,Z_RADA_C_BABJ_P_ACHN_CREF000_20260219021200_12.2_54.2_73.0_135.0.png,[Errno 2] No such file or directory: 'D:\\BaiduNetdiskDownload\\气象大模型数据（中南）-20260224\\气象雷达拼图（UTC）\\Z_RADA_C_BABJ_P_ACHN_CREF000_20260219021200_12.2_54.2_73.0_135.0.png'
6278,Z_RADA_C_BABJ_P_ACHN_CREF000_20260219021800_12.2_54.2_73.0_135.0.png,[Errno 2] No such file or directory: 'D:\\BaiduNetdiskDownload\\气象大模型数据（中南）-20260224\\气象雷达拼图（UTC）\\Z_RADA_C_BABJ_P_ACHN_CREF000_20260219021800_12.2_54.2_73.0_135.0.png'
6279,Z_RADA_C_BABJ_P_ACHN_CREF000_20260219022400_12.2_54.2_73.0_135.0.png,[Errno 2] No such file or directory: 'D:\\BaiduNetdiskDownload\\气象大模型数据（中南）-20260224\\气象雷达拼图（UTC）\\Z_RADA_C_BABJ_P_ACHN_CREF000_20260219022400_12.2_54.2_73.0_135.0.png'
6280,Z_RADA_C_BABJ_P_ACHN_CREF000_20260219023000_12.2_54.2_73.0_135.0.png,[Errno 2] No such file or directory: 'D:\\BaiduNetdiskDownload\\气象大模型数据（中南）-20260224\\气象雷达拼图（UTC）\\Z_RADA_C_BABJ_P_ACHN_CREF000_20260219023000_12.2_54.2_73.0_135.0.png'
6281,Z_RADA_C_BABJ_P_ACHN_CREF000_20260219023600_12.2_54.2_73.0_135.0.png,[Errno 2] No such file or directory: 'D:\\BaiduNetdiskDownload\\气象大模型数据（中南）-20260224\\气象雷达拼图（UTC）\\Z_RADA_C_BABJ_P_ACHN_CREF000_20260219023600_12.2_54.2_73.0_135.0.png'
6282,Z_RADA_C_BABJ_P_ACHN_CREF000_20260219024200_12.2_54.2_73.0_135.0.png,[Errno 2] No such file or directory: 'D:\\BaiduNetdiskDownload\\气象大模型数据（中南）-20260224\\气象雷达拼图（UTC）\\Z_RADA_C_BABJ_P_ACHN_CREF000_20260219024200_12.2_54.2_73.0_135.0.png'
6283,Z_RADA_C_BABJ_P_ACHN_CREF000_20260219024800_12.2_54.2_73.0_135.0.png,[Errno 2] No such file or directory: 'D:\\BaiduNetdiskDownload\\气象大模型数据（中南）-20260224\\气象雷达拼图（UTC）\\Z_RADA_C_BABJ_P_ACHN_CREF000_20260219024800_12.2_54.2_73.0_135.0.png'
6284,Z_RADA_C_BABJ_P_ACHN_CREF000_20260219025400_12.2_54.2_73.0_135.0.png,[Errno 2] No such file or directory: 'D:\\BaiduNetdiskDownload\\气象大模型数据（中南）-20260224\\气象雷达拼图（UTC）\\Z_RADA_C_BABJ_P_ACHN_CREF000_20260219025400_12.2_54.2_73.0_135.0.png'
6285,Z_RADA_C_BABJ_P_ACHN_CREF000_20260219030000_12.2_54.2_73.0_135.0.png,[Errno 2] No such file or directory: 'D:\\BaiduNetdiskDownload\\气象大模型数据（中南）-20260224\\气象雷达拼图（UTC）\\Z_RADA_C_BABJ_P_ACHN_CREF000_20260219030000_12.2_54.2_73.0_135.0.png'
6286,Z_RADA_C_BABJ_P_ACHN_CREF000_20260219030600_12.2_54.2_73.0_135.0.png,[Errno 2] No such file or directory: 'D:\\BaiduNetdiskDownload\\气象大模型数据（中南）-20260224\\气象雷达拼图（UTC）\\Z_RADA_C_BABJ_P_ACHN_CREF000_20260219030600_12.2_54.2_73.0_135.0.png'
6287,Z_RADA_C_BABJ_P_ACHN_CREF000_20260219031200_12.2_54.2_73.0_135.0.png,[Errno 2] No such file or directory: 'D:\\BaiduNetdiskDownload\\气象大模型数据（中南）-20260224\\气象雷达拼图（UTC）\\Z_RADA_C_BABJ_P_ACHN_CREF000_20260219031200_12.2_54.2_73.0_135.0.png'
6288,Z_RADA_C_BABJ_P_ACHN_CREF000_20260219031800_12.2_54.2_73.0_135.0.png,[Errno 2] No such file or directory: 'D:\\BaiduNetdiskDownload\\气象大模型数据（中南）-20260224\\气象雷达拼图（UTC）\\Z_RADA_C_BABJ_P_ACHN_CREF000_20260219031800_12.2_54.2_73.0_135.0.png'
6289,Z_RADA_C_BABJ_P_ACHN_CREF000_20260219032400_12.2_54.2_73.0_135.0.png,[Errno 2] No such file or directory: 'D:\\BaiduNetdiskDownload\\气象大模型数据（中南）-20260224\\气象雷达拼图（UTC）\\Z_RADA_C_BABJ_P_ACHN_CREF000_20260219032400_12.2_54.2_73.0_135.0.png'
6290,Z_RADA_C_BABJ_P_ACHN_CREF000_20260219033000_12.2_54.2_73.0_135.0.png,[Errno 2] No such file or directory: 'D:\\BaiduNetdiskDownload\\气象大模型数据（中南）-20260224\\气象雷达拼图（UTC）\\Z_RADA_C_BABJ_P_ACHN_CREF000_20260219033000_12.2_54.2_73.0_135.0.png'
6291,Z_RADA_C_BABJ_P_ACHN_CREF000_20260219033600_12.2_54.2_73.0_135.0.png,[Errno 2] No such file or directory: 'D:\\BaiduNetdiskDownload\\气象大模型数据（中南）-20260224\\气象雷达拼图（UTC）\\Z_RADA_C_BABJ_P_ACHN_CREF000_20260219033600_12.2_54.2_73.0_135.0.png'
6292,Z_RADA_C_BABJ_P_ACHN_CREF000_20260219034200_12.2_54.2_73.0_135.0.png,[Errno 2] No such file or directory: 'D:\\BaiduNetdiskDownload\\气象大模型数据（中南）-20260224\\气象雷达拼图（UTC）\\Z_RADA_C_BABJ_P_ACHN_CREF000_20260219034200_12.2_54.2_73.0_135.0.png'
6293,Z_RADA_C_BABJ_P_ACHN_CREF000_20260219034800_12.2_54.2_73.0_135.0.png,[Errno 2] No such file or directory: 'D:\\BaiduNetdiskDownload\\气象大模型数据（中南）-20260224\\气象雷达拼图（UTC）\\Z_RADA_C_BABJ_P_ACHN_CREF000_20260219034800_12.2_54.2_73.0_135.0.png'
6294,Z_RADA_C_BABJ_P_ACHN_CREF000_20260219035400_12.2_54.2_73.0_135.0.png,[Errno 2] No such file or directory: 'D:\\BaiduNetdiskDownload\\气象大模型数据（中南）-20260224\\气象雷达拼图（UTC）\\Z_RADA_C_BABJ_P_ACHN_CREF000_20260219035400_12.2_54.2_73.0_135.0.png'
6295,Z_RADA_C_BABJ_P_ACHN_CREF000_20260219040000_12.2_54.2_73.0_135.0.png,[Errno 2] No such file or directory: 'D:\\BaiduNetdiskDownload\\气象大模型数据（中南）-20260224\\气象雷达拼图（UTC）\\Z_RADA_C_BABJ_P_ACHN_CREF000_20260219040000_12.2_54.2_73.0_135.0.png'
6296,Z_RADA_C_BABJ_P_ACHN_CREF000_20260219040600_12.2_54.2_73.0_135.0.png,[Errno 2] No such file or directory: 'D:\\BaiduNetdiskDownload\\气象大模型数据（中南）-20260224\\气象雷达拼图（UTC）\\Z_RADA_C_BABJ_P_ACHN_CREF000_20260219040600_12.2_54.2_73.0_135.0.png'
6297,Z_RADA_C_BABJ_P_ACHN_CREF000_20260219041200_12.2_54.2_73.0_135.0.png,[Errno 2] No such file or directory: 'D:\\BaiduNetdiskDownload\\气象大模型数据（中南）-20260224\\气象雷达拼图（UTC）\\Z_RADA_C_BABJ_P_ACHN_CREF000_20260219041200_12.2_54.2_73.0_135.0.png'
6298,Z_RADA_C_BABJ_P_ACHN_CREF000_20260219041800_12.2_54.2_73.0_135.0.png,[Errno 2] No such file or directory: 'D:\\BaiduNetdiskDownload\\气象大模型数据（中南）-20260224\\气象雷达拼图（UTC）\\Z_RADA_C_BABJ_P_ACHN_CREF000_20260219041800_12.2_54.2_73.0_135.0.png'
6299,Z_RADA_C_BABJ_P_ACHN_CREF000_20260219042400_12.2_54.2_73.0_135.0.png,[Errno 2] No such file or directory: 'D:\\BaiduNetdiskDownload\\气象大模型数据（中南）-20260224\\气象雷达拼图（UTC）\\Z_RADA_C_BABJ_P_ACHN_CREF000_20260219042400_12.2_54.2_73.0_135.0.png'
6300,Z_RADA_C_BABJ_P_ACHN_CREF000_20260219043000_12.2_54.2_73.0_135.0.png,[Errno 2] No such file or directory: 'D:\\BaiduNetdiskDownload\\气象大模型数据（中南）-20260224\\气象雷达拼图（UTC）\\Z_RADA_C_BABJ_P_ACHN_CREF000_20260219043000_12.2_54.2_73.0_135.0.png'
6301,Z_RADA_C_BABJ_P_ACHN_CREF000_20260219043600_12.2_54.2_73.0_135.0.png,[Errno 2] No such file or directory: 'D:\\BaiduNetdiskDownload\\气象大模型数据（中南）-20260224\\气象雷达拼图（UTC）\\Z_RADA_C_BABJ_P_ACHN_CREF000_20260219043600_12.2_54.2_73.0_135.0.png'
6302,Z_RADA_C_BABJ_P_ACHN_CREF000_20260219044200_12.2_54.2_73.0_135.0.png,[Errno 2] No such file or directory: 'D:\\BaiduNetdiskDownload\\气象大模型数据（中南）-20260224\\气象雷达拼图（UTC）\\Z_RADA_C_BABJ_P_ACHN_CREF000_20260219044200_12.2_54.2_73.0_135.0.png'
6303,Z_RADA_C_BABJ_P_ACHN_CREF000_20260219044800_12.2_54.2_73.0_135.0.png,[Errno 2] No such file or directory: 'D:\\BaiduNetdiskDownload\\气象大模型数据（中南）-20260224\\气象雷达拼图（UTC）\\Z_RADA_C_BABJ_P_ACHN_CREF000_20260219044800_12.2_54.2_73.0_135.0.png'
6304,Z_RADA_C_BABJ_P_ACHN_CREF000_20260219045400_12.2_54.2_73.0_135.0.png,[Errno 2] No such file or directory: 'D:\\BaiduNetdiskDownload\\气象大模型数据（中南）-20260224\\气象雷达拼图（UTC）\\Z_RADA_C_BABJ_P_ACHN_CREF000_20260219045400_12.2_54.2_73.0_135.0.png'
6305,Z_RADA_C_BABJ_P_ACHN_CREF000_20260219050000_12.2_54.2_73.0_135.0.png,[Errno 2] No such file or directory: 'D:\\BaiduNetdiskDownload\\气象大模型数据（中南）-20260224\\气象雷达拼图（UTC）\\Z_RADA_C_BABJ_P_ACHN_CREF000_20260219050000_12.2_54.2_73.0_135.0.png'
6306,Z_RADA_C_BABJ_P_ACHN_CREF000_20260219050600_12.2_54.2_73.0_135.0.png,[Errno 2] No such file or directory: 'D:\\BaiduNetdiskDownload\\气象大模型数据（中南）-20260224\\气象雷达拼图（UTC）\\Z_RADA_C_BABJ_P_ACHN_CREF000_20260219050600_12.2_54.2_73.0_135.0.png'
6307,Z_RADA_C_BABJ_P_ACHN_CREF000_20260219051200_12.2_54.2_73.0_135.0.png,[Errno 2] No such file or directory: 'D:\\BaiduNetdiskDownload\\气象大模型数据（中南）-20260224\\气象雷达拼图（UTC）\\Z_RADA_C_BABJ_P_ACHN_CREF000_20260219051200_12.2_54.2_73.0_135.0.png'
6308,Z_RADA_C_BABJ_P_ACHN_CREF000_20260219051800_12.2_54.2_73.0_135.0.png,[Errno 2] No such file or directory: 'D:\\BaiduNetdiskDownload\\气象大模型数据（中南）-20260224\\气象雷达拼图（UTC）\\Z_RADA_C_BABJ_P_ACHN_CREF000_20260219051800_12.2_54.2_73.0_135.0.png'
6309,Z_RADA_C_BABJ_P_ACHN_CREF000_20260219052400_12.2_54.2_73.0_135.0.png,[Errno 2] No such file or directory: 'D:\\BaiduNetdiskDownload\\气象大模型数据（中南）-20260224\\气象雷达拼图（UTC）\\Z_RADA_C_BABJ_P_ACHN_CREF000_20260219052400_12.2_54.2_73.0_135.0.png'
6310,Z_RADA_C_BABJ_P_ACHN_CREF000_20260219053000_12.2_54.2_73.0_135.0.png,[Errno 2] No such file or directory: 'D:\\BaiduNetdiskDownload\\气象大模型数据（中南）-20260224\\气象雷达拼图（UTC）\\Z_RADA_C_BABJ_P_ACHN_CREF000_20260219053000_12.2_54.2_73.0_135.0.png'
6311,Z_RADA_C_BABJ_P_ACHN_CREF000_20260219053600_12.2_54.2_73.0_135.0.png,[Errno 2] No such file or directory: 'D:\\BaiduNetdiskDownload\\气象大模型数据（中南）-20260224\\气象雷达拼图（UTC）\\Z_RADA_C_BABJ_P_ACHN_CREF000_20260219053600_12.2_54.2_73.0_135.0.png'
6312,Z_RADA_C_BABJ_P_ACHN_CREF000_20260219054200_12.2_54.2_73.0_135.0.png,[Errno 2] No such file or directory: 'D:\\BaiduNetdiskDownload\\气象大模型数据（中南）-20260224\\气象雷达拼图（UTC）\\Z_RADA_C_BABJ_P_ACHN_CREF000_20260219054200_12.2_54.2_73.0_135.0.png'
6313,Z_RADA_C_BABJ_P_ACHN_CREF000_20260219054800_12.2_54.2_73.0_135.0.png,[Errno 2] No such file or directory: 'D:\\BaiduNetdiskDownload\\气象大模型数据（中南）-20260224\\气象雷达拼图（UTC）\\Z_RADA_C_BABJ_P_ACHN_CREF000_20260219054800_12.2_54.2_73.0_135.0.png'
6314,Z_RADA_C_BABJ_P_ACHN_CREF000_20260219055400_12.2_54.2_73.0_135.0.png,[Errno 2] No such file or directory: 'D:\\BaiduNetdiskDownload\\气象大模型数据（中南）-20260224\\气象雷达拼图（UTC）\\Z_RADA_C_BABJ_P_ACHN_CREF000_20260219055400_12.2_54.2_73.0_135.0.png'
6315,Z_RADA_C_BABJ_P_ACHN_CREF000_20260219060000_12.2_54.2_73.0_135.0.png,[Errno 2] No such file or directory: 'D:\\BaiduNetdiskDownload\\气象大模型数据（中南）-20260224\\气象雷达拼图（UTC）\\Z_RADA_C_BABJ_P_ACHN_CREF000_20260219060000_12.2_54.2_73.0_135.0.png'
6316,Z_RADA_C_BABJ_P_ACHN_CREF000_20260219060600_12.2_54.2_73.0_135.0.png,[Errno 2] No such file or directory: 'D:\\BaiduNetdiskDownload\\气象大模型数据（中南）-20260224\\气象雷达拼图（UTC）\\Z_RADA_C_BABJ_P_ACHN_CREF000_20260219060600_12.2_54.2_73.0_135.0.png'
6317,Z_RADA_C_BABJ_P_ACHN_CREF000_20260219061200_12.2_54.2_73.0_135.0.png,[Errno 2] No such file or directory: 'D:\\BaiduNetdiskDownload\\气象大模型数据（中南）-20260224\\气象雷达拼图（UTC）\\Z_RADA_C_BABJ_P_ACHN_CREF000_20260219061200_12.2_54.2_73.0_135.0.png'
6318,Z_RADA_C_BABJ_P_ACHN_CREF000_20260219061800_12.2_54.2_73.0_135.0.png,[Errno 2] No such file or directory: 'D:\\BaiduNetdiskDownload\\气象大模型数据（中南）-20260224\\气象雷达拼图（UTC）\\Z_RADA_C_BABJ_P_ACHN_CREF000_20260219061800_12.2_54.2_73.0_135.0.png'
6319,Z_RADA_C_BABJ_P_ACHN_CREF000_20260219062400_12.2_54.2_73.0_135.0.png,[Errno 2] No such file or directory: 'D:\\BaiduNetdiskDownload\\气象大模型数据（中南）-20260224\\气象雷达拼图（UTC）\\Z_RADA_C_BABJ_P_ACHN_CREF000_20260219062400_12.2_54.2_73.0_135.0.png'
6320,Z_RADA_C_BABJ_P_ACHN_CREF000_20260219063000_12.2_54.2_73.0_135.0.png,[Errno 2] No such file or directory: 'D:\\BaiduNetdiskDownload\\气象大模型数据（中南）-20260224\\气象雷达拼图（UTC）\\Z_RADA_C_BABJ_P_ACHN_CREF000_20260219063000_12.2_54.2_73.0_135.0.png'
6321,Z_RADA_C_BABJ_P_ACHN_CREF000_20260219063600_12.2_54.2_73.0_135.0.png,[Errno 2] No such file or directory: 'D:\\BaiduNetdiskDownload\\气象大模型数据（中南）-20260224\\气象雷达拼图（UTC）\\Z_RADA_C_BABJ_P_ACHN_CREF000_20260219063600_12.2_54.2_73.0_135.0.png'
6322,Z_RADA_C_BABJ_P_ACHN_CREF000_20260219064200_12.2_54.2_73.0_135.0.png,[Errno 2] No such file or directory: 'D:\\BaiduNetdiskDownload\\气象大模型数据（中南）-20260224\\气象雷达拼图（UTC）\\Z_RADA_C_BABJ_P_ACHN_CREF000_20260219064200_12.2_54.2_73.0_135.0.png'
6323,Z_RADA_C_BABJ_P_ACHN_CREF000_20260219064800_12.2_54.2_73.0_135.0.png,[Errno 2] No such file or directory: 'D:\\BaiduNetdiskDownload\\气象大模型数据（中南）-20260224\\气象雷达拼图（UTC）\\Z_RADA_C_BABJ_P_ACHN_CREF000_20260219064800_12.2_54.2_73.0_135.0.png'
6324,Z_RADA_C_BABJ_P_ACHN_CREF000_20260219065400_12.2_54.2_73.0_135.0.png,[Errno 2] No such file or directory: 'D:\\BaiduNetdiskDownload\\气象大模型数据（中南）-20260224\\气象雷达拼图（UTC）\\Z_RADA_C_BABJ_P_ACHN_CREF000_20260219065400_12.2_54.2_73.0_135.0.png'
6325,Z_RADA_C_BABJ_P_ACHN_CREF000_20260219070000_12.2_54.2_73.0_135.0.png,[Errno 2] No such file or directory: 'D:\\BaiduNetdiskDownload\\气象大模型数据（中南）-20260224\\气象雷达拼图（UTC）\\Z_RADA_C_BABJ_P_ACHN_CREF000_20260219070000_12.2_54.2_73.0_135.0.png'
6326,Z_RADA_C_BABJ_P_ACHN_CREF000_20260219070600_12.2_54.2_73.0_135.0.png,[Errno 2] No such file or directory: 'D:\\BaiduNetdiskDownload\\气象大模型数据（中南）-20260224\\气象雷达拼图（UTC）\\Z_RADA_C_BABJ_P_ACHN_CREF000_20260219070600_12.2_54.2_73.0_135.0.png'
6327,Z_RADA_C_BABJ_P_ACHN_CREF000_20260219071200_12.2_54.2_73.0_135.0.png,[Errno 2] No such file or directory: 'D:\\BaiduNetdiskDownload\\气象大模型数据（中南）-20260224\\气象雷达拼图（UTC）\\Z_RADA_C_BABJ_P_ACHN_CREF000_20260219071200_12.2_54.2_73.0_135.0.png'
6328,Z_RADA_C_BABJ_P_ACHN_CREF000_20260219071800_12.2_54.2_73.0_135.0.png,[Errno 2] No such file or directory: 'D:\\BaiduNetdiskDownload\\气象大模型数据（中南）-20260224\\气象雷达拼图（UTC）\\Z_RADA_C_BABJ_P_ACHN_CREF000_20260219071800_12.2_54.2_73.0_135.0.png'
6329,Z_RADA_C_BABJ_P_ACHN_CREF000_20260219072400_12.2_54.2_73.0_135.0.png,[Errno 2] No such file or directory: 'D:\\BaiduNetdiskDownload\\气象大模型数据（中南）-20260224\\气象雷达拼图（UTC）\\Z_RADA_C_BABJ_P_ACHN_CREF000_20260219072400_12.2_54.2_73.0_135.0.png'
6330,Z_RADA_C_BABJ_P_ACHN_CREF000_20260219073000_12.2_54.2_73.0_135.0.png,[Errno 2] No such file or directory: 'D:\\BaiduNetdiskDownload\\气象大模型数据（中南）-20260224\\气象雷达拼图（UTC）\\Z_RADA_C_BABJ_P_ACHN_CREF000_20260219073000_12.2_54.2_73.0_135.0.png'
6331,Z_RADA_C_BABJ_P_ACHN_CREF000_20260219073600_12.2_54.2_73.0_135.0.png,[Errno 2] No such file or directory: 'D:\\BaiduNetdiskDownload\\气象大模型数据（中南）-20260224\\气象雷达拼图（UTC）\\Z_RADA_C_BABJ_P_ACHN_CREF000_20260219073600_12.2_54.2_73.0_135.0.png'
6332,Z_RADA_C_BABJ_P_ACHN_CREF000_20260219074200_12.2_54.2_73.0_135.0.png,[Errno 2] No such file or directory: 'D:\\BaiduNetdiskDownload\\气象大模型数据（中南）-20260224\\气象雷达拼图（UTC）\\Z_RADA_C_BABJ_P_ACHN_CREF000_20260219074200_12.2_54.2_73.0_135.0.png'
6333,Z_RADA_C_BABJ_P_ACHN_CREF000_20260219074800_12.2_54.2_73.0_135.0.png,[Errno 2] No such file or directory: 'D:\\BaiduNetdiskDownload\\气象大模型数据（中南）-20260224\\气象雷达拼图（UTC）\\Z_RADA_C_BABJ_P_ACHN_CREF000_20260219074800_12.2_54.2_73.0_135.0.png'
6334,Z_RADA_C_BABJ_P_ACHN_CREF000_20260219075400_12.2_54.2_73.0_135.0.png,[Errno 2] No such file or directory: 'D:\\BaiduNetdiskDownload\\气象大模型数据（中南）-20260224\\气象雷达拼图（UTC）\\Z_RADA_C_BABJ_P_ACHN_CREF000_20260219075400_12.2_54.2_73.0_135.0.png'
6335,Z_RADA_C_BABJ_P_ACHN_CREF000_20260219080000_12.2_54.2_73.0_135.0.png,[Errno 2] No such file or directory: 'D:\\BaiduNetdiskDownload\\气象大模型数据（中南）-20260224\\气象雷达拼图（UTC）\\Z_RADA_C_BABJ_P_ACHN_CREF000_20260219080000_12.2_54.2_73.0_135.0.png'
6336,Z_RADA_C_BABJ_P_ACHN_CREF000_20260219080600_12.2_54.2_73.0_135.0.png,[Errno 2] No such file or directory: 'D:\\BaiduNetdiskDownload\\气象大模型数据（中南）-20260224\\气象雷达拼图（UTC）\\Z_RADA_C_BABJ_P_ACHN_CREF000_20260219080600_12.2_54.2_73.0_135.0.png'
6337,Z_RADA_C_BABJ_P_ACHN_CREF000_20260219081200_12.2_54.2_73.0_135.0.png,[Errno 2] No such file or directory: 'D:\\BaiduNetdiskDownload\\气象大模型数据（中南）-20260224\\气象雷达拼图（UTC）\\Z_RADA_C_BABJ_P_ACHN_CREF000_20260219081200_12.2_54.2_73.0_135.0.png'
6338,Z_RADA_C_BABJ_P_ACHN_CREF000_20260219081800_12.2_54.2_73.0_135.0.png,[Errno 2] No such file or directory: 'D:\\BaiduNetdiskDownload\\气象大模型数据（中南）-20260224\\气象雷达拼图（UTC）\\Z_RADA_C_BABJ_P_ACHN_CREF000_20260219081800_12.2_54.2_73.0_135.0.png'
6339,Z_RADA_C_BABJ_P_ACHN_CREF000_20260219082400_12.2_54.2_73.0_135.0.png,[Errno 2] No such file or directory: 'D:\\BaiduNetdiskDownload\\气象大模型数据（中南）-20260224\\气象雷达拼图（UTC）\\Z_RADA_C_BABJ_P_ACHN_CREF000_20260219082400_12.2_54.2_73.0_135.0.png'
6340,Z_RADA_C_BABJ_P_ACHN_CREF000_20260219083000_12.2_54.2_73.0_135.0.png,[Errno 2] No such file or directory: 'D:\\BaiduNetdiskDownload\\气象大模型数据（中南）-20260224\\气象雷达拼图（UTC）\\Z_RADA_C_BABJ_P_ACHN_CREF000_20260219083000_12.2_54.2_73.0_135.0.png'
6341,Z_RADA_C_BABJ_P_ACHN_CREF000_20260219083600_12.2_54.2_73.0_135.0.png,[Errno 2] No such file or directory: 'D:\\BaiduNetdiskDownload\\气象大模型数据（中南）-20260224\\气象雷达拼图（UTC）\\Z_RADA_C_BABJ_P_ACHN_CREF000_20260219083600_12.2_54.2_73.0_135.0.png'
6342,Z_RADA_C_BABJ_P_ACHN_CREF000_20260219084200_12.2_54.2_73.0_135.0.png,[Errno 2] No such file or directory: 'D:\\BaiduNetdiskDownload\\气象大模型数据（中南）-20260224\\气象雷达拼图（UTC）\\Z_RADA_C_BABJ_P_ACHN_CREF000_20260219084200_12.2_54.2_73.0_135.0.png'
6343,Z_RADA_C_BABJ_P_ACHN_CREF000_20260219084800_12.2_54.2_73.0_135.0.png,[Errno 2] No such file or directory: 'D:\\BaiduNetdiskDownload\\气象大模型数据（中南）-20260224\\气象雷达拼图（UTC）\\Z_RADA_C_BABJ_P_ACHN_CREF000_20260219084800_12.2_54.2_73.0_135.0.png'
6344,Z_RADA_C_BABJ_P_ACHN_CREF000_20260219085400_12.2_54.2_73.0_135.0.png,[Errno 2] No such file or directory: 'D:\\BaiduNetdiskDownload\\气象大模型数据（中南）-20260224\\气象雷达拼图（UTC）\\Z_RADA_C_BABJ_P_ACHN_CREF000_20260219085400_12.2_54.2_73.0_135.0.png'
6345,Z_RADA_C_BABJ_P_ACHN_CREF000_20260219090000_12.2_54.2_73.0_135.0.png,[Errno 2] No such file or directory: 'D:\\BaiduNetdiskDownload\\气象大模型数据（中南）-20260224\\气象雷达拼图（UTC）\\Z_RADA_C_BABJ_P_ACHN_CREF000_20260219090000_12.2_54.2_73.0_135.0.png'
6346,Z_RADA_C_BABJ_P_ACHN_CREF000_20260219090600_12.2_54.2_73.0_135.0.png,[Errno 2] No such file or directory: 'D:\\BaiduNetdiskDownload\\气象大模型数据（中南）-20260224\\气象雷达拼图（UTC）\\Z_RADA_C_BABJ_P_ACHN_CREF000_20260219090600_12.2_54.2_73.0_135.0.png'
6347,Z_RADA_C_BABJ_P_ACHN_CREF000_20260219091200_12.2_54.2_73.0_135.0.png,[Errno 2] No such file or directory: 'D:\\BaiduNetdiskDownload\\气象大模型数据（中南）-20260224\\气象雷达拼图（UTC）\\Z_RADA_C_BABJ_P_ACHN_CREF000_20260219091200_12.2_54.2_73.0_135.0.png'
6348,Z_RADA_C_BABJ_P_ACHN_CREF000_20260219091800_12.2_54.2_73.0_135.0.png,[Errno 2] No such file or directory: 'D:\\BaiduNetdiskDownload\\气象大模型数据（中南）-20260224\\气象雷达拼图（UTC）\\Z_RADA_C_BABJ_P_ACHN_CREF000_20260219091800_12.2_54.2_73.0_135.0.png'
6349,Z_RADA_C_BABJ_P_ACHN_CREF000_20260219092400_12.2_54.2_73.0_135.0.png,[Errno 2] No such file or directory: 'D:\\BaiduNetdiskDownload\\气象大模型数据（中南）-20260224\\气象雷达拼图（UTC）\\Z_RADA_C_BABJ_P_ACHN_CREF000_20260219092400_12.2_54.2_73.0_135.0.png'
6350,Z_RADA_C_BABJ_P_ACHN_CREF000_20260219093000_12.2_54.2_73.0_135.0.png,[Errno 2] No such file or directory: 'D:\\BaiduNetdiskDownload\\气象大模型数据（中南）-20260224\\气象雷达拼图（UTC）\\Z_RADA_C_BABJ_P_ACHN_CREF000_20260219093000_12.2_54.2_73.0_135.0.png'
6351,Z_RADA_C_BABJ_P_ACHN_CREF000_20260219093600_12.2_54.2_73.0_135.0.png,[Errno 2] No such file or directory: 'D:\\BaiduNetdiskDownload\\气象大模型数据（中南）-20260224\\气象雷达拼图（UTC）\\Z_RADA_C_BABJ_P_ACHN_CREF000_20260219093600_12.2_54.2_73.0_135.0.png'
6352,Z_RADA_C_BABJ_P_ACHN_CREF000_20260219094200_12.2_54.2_73.0_135.0.png,[Errno 2] No such file or directory: 'D:\\BaiduNetdiskDownload\\气象大模型数据（中南）-20260224\\气象雷达拼图（UTC）\\Z_RADA_C_BABJ_P_ACHN_CREF000_20260219094200_12.2_54.2_73.0_135.0.png'
6353,Z_RADA_C_BABJ_P_ACHN_CREF000_20260219094800_12.2_54.2_73.0_135.0.png,[Errno 2] No such file or directory: 'D:\\BaiduNetdiskDownload\\气象大模型数据（中南）-20260224\\气象雷达拼图（UTC）\\Z_RADA_C_BABJ_P_ACHN_CREF000_20260219094800_12.2_54.2_73.0_135.0.png'
6354,Z_RADA_C_BABJ_P_ACHN_CREF000_20260219095400_12.2_54.2_73.0_135.0.png,[Errno 2] No such file or directory: 'D:\\BaiduNetdiskDownload\\气象大模型数据（中南）-20260224\\气象雷达拼图（UTC）\\Z_RADA_C_BABJ_P_ACHN_CREF000_20260219095400_12.2_54.2_73.0_135.0.png'
6355,Z_RADA_C_BABJ_P_ACHN_CREF000_20260219100000_12.2_54.2_73.0_135.0.png,[Errno 2] No such file or directory: 'D:\\BaiduNetdiskDownload\\气象大模型数据（中南）-20260224\\气象雷达拼图（UTC）\\Z_RADA_C_BABJ_P_ACHN_CREF000_20260219100000_12.2_54.2_73.0_135.0.png'
6356,Z_RADA_C_BABJ_P_ACHN_CREF000_20260219100600_12.2_54.2_73.0_135.0.png,[Errno 2] No such file or directory: 'D:\\BaiduNetdiskDownload\\气象大模型数据（中南）-20260224\\气象雷达拼图（UTC）\\Z_RADA_C_BABJ_P_ACHN_CREF000_20260219100600_12.2_54.2_73.0_135.0.png'
6357,Z_RADA_C_BABJ_P_ACHN_CREF000_20260219101200_12.2_54.2_73.0_135.0.png,[Errno 2] No such file or directory: 'D:\\BaiduNetdiskDownload\\气象大模型数据（中南）-20260224\\气象雷达拼图（UTC）\\Z_RADA_C_BABJ_P_ACHN_CREF000_20260219101200_12.2_54.2_73.0_135.0.png'
6358,Z_RADA_C_BABJ_P_ACHN_CREF000_20260219101800_12.2_54.2_73.0_135.0.png,[Errno 2] No such file or directory: 'D:\\BaiduNetdiskDownload\\气象大模型数据（中南）-20260224\\气象雷达拼图（UTC）\\Z_RADA_C_BABJ_P_ACHN_CREF000_20260219101800_12.2_54.2_73.0_135.0.png'
6359,Z_RADA_C_BABJ_P_ACHN_CREF000_20260219102400_12.2_54.2_73.0_135.0.png,[Errno 2] No such file or directory: 'D:\\BaiduNetdiskDownload\\气象大模型数据（中南）-20260224\\气象雷达拼图（UTC）\\Z_RADA_C_BABJ_P_ACHN_CREF000_20260219102400_12.2_54.2_73.0_135.0.png'
6360,Z_RADA_C_BABJ_P_ACHN_CREF000_20260219103000_12.2_54.2_73.0_135.0.png,[Errno 2] No such file or directory: 'D:\\BaiduNetdiskDownload\\气象大模型数据（中南）-20260224\\气象雷达拼图（UTC）\\Z_RADA_C_BABJ_P_ACHN_CREF000_20260219103000_12.2_54.2_73.0_135.0.png'
6361,Z_RADA_C_BABJ_P_ACHN_CREF000_20260219103600_12.2_54.2_73.0_135.0.png,[Errno 2] No such file or directory: 'D:\\BaiduNetdiskDownload\\气象大模型数据（中南）-20260224\\气象雷达拼图（UTC）\\Z_RADA_C_BABJ_P_ACHN_CREF000_20260219103600_12.2_54.2_73.0_135.0.png'
6362,Z_RADA_C_BABJ_P_ACHN_CREF000_20260219104200_12.2_54.2_73.0_135.0.png,[Errno 2] No such file or directory: 'D:\\BaiduNetdiskDownload\\气象大模型数据（中南）-20260224\\气象雷达拼图（UTC）\\Z_RADA_C_BABJ_P_ACHN_CREF000_20260219104200_12.2_54.2_73.0_135.0.png'
6363,Z_RADA_C_BABJ_P_ACHN_CREF000_20260219104800_12.2_54.2_73.0_135.0.png,[Errno 2] No such file or directory: 'D:\\BaiduNetdiskDownload\\气象大模型数据（中南）-20260224\\气象雷达拼图（UTC）\\Z_RADA_C_BABJ_P_ACHN_CREF000_20260219104800_12.2_54.2_73.0_135.0.png'
6364,Z_RADA_C_BABJ_P_ACHN_CREF000_20260219105400_12.2_54.2_73.0_135.0.png,[Errno 2] No such file or directory: 'D:\\BaiduNetdiskDownload\\气象大模型数据（中南）-20260224\\气象雷达拼图（UTC）\\Z_RADA_C_BABJ_P_ACHN_CREF000_20260219105400_12.2_54.2_73.0_135.0.png'
6365,Z_RADA_C_BABJ_P_ACHN_CREF000_20260219110000_12.2_54.2_73.0_135.0.png,[Errno 2] No such file or directory: 'D:\\BaiduNetdiskDownload\\气象大模型数据（中南）-20260224\\气象雷达拼图（UTC）\\Z_RADA_C_BABJ_P_ACHN_CREF000_20260219110000_12.2_54.2_73.0_135.0.png'
6366,Z_RADA_C_BABJ_P_ACHN_CREF000_20260219110600_12.2_54.2_73.0_135.0.png,[Errno 2] No such file or directory: 'D:\\BaiduNetdiskDownload\\气象大模型数据（中南）-20260224\\气象雷达拼图（UTC）\\Z_RADA_C_BABJ_P_ACHN_CREF000_20260219110600_12.2_54.2_73.0_135.0.png'
6367,Z_RADA_C_BABJ_P_ACHN_CREF000_20260219111200_12.2_54.2_73.0_135.0.png,[Errno 2] No such file or directory: 'D:\\BaiduNetdiskDownload\\气象大模型数据（中南）-20260224\\气象雷达拼图（UTC）\\Z_RADA_C_BABJ_P_ACHN_CREF000_20260219111200_12.2_54.2_73.0_135.0.png'
6368,Z_RADA_C_BABJ_P_ACHN_CREF000_20260219111800_12.2_54.2_73.0_135.0.png,[Errno 2] No such file or directory: 'D:\\BaiduNetdiskDownload\\气象大模型数据（中南）-20260224\\气象雷达拼图（UTC）\\Z_RADA_C_BABJ_P_ACHN_CREF000_20260219111800_12.2_54.2_73.0_135.0.png'
6369,Z_RADA_C_BABJ_P_ACHN_CREF000_20260219112400_12.2_54.2_73.0_135.0.png,[Errno 2] No such file or directory: 'D:\\BaiduNetdiskDownload\\气象大模型数据（中南）-20260224\\气象雷达拼图（UTC）\\Z_RADA_C_BABJ_P_ACHN_CREF000_20260219112400_12.2_54.2_73.0_135.0.png'
6370,Z_RADA_C_BABJ_P_ACHN_CREF000_20260219113000_12.2_54.2_73.0_135.0.png,[Errno 2] No such file or directory: 'D:\\BaiduNetdiskDownload\\气象大模型数据（中南）-20260224\\气象雷达拼图（UTC）\\Z_RADA_C_BABJ_P_ACHN_CREF000_20260219113000_12.2_54.2_73.0_135.0.png'
6371,Z_RADA_C_BABJ_P_ACHN_CREF000_20260219113600_12.2_54.2_73.0_135.0.png,[Errno 2] No such file or directory: 'D:\\BaiduNetdiskDownload\\气象大模型数据（中南）-20260224\\气象雷达拼图（UTC）\\Z_RADA_C_BABJ_P_ACHN_CREF000_20260219113600_12.2_54.2_73.0_135.0.png'
6372,Z_RADA_C_BABJ_P_ACHN_CREF000_20260219114200_12.2_54.2_73.0_135.0.png,[Errno 2] No such file or directory: 'D:\\BaiduNetdiskDownload\\气象大模型数据（中南）-20260224\\气象雷达拼图（UTC）\\Z_RADA_C_BABJ_P_ACHN_CREF000_20260219114200_12.2_54.2_73.0_135.0.png'
6373,Z_RADA_C_BABJ_P_ACHN_CREF000_20260219114800_12.2_54.2_73.0_135.0.png,[Errno 2] No such file or directory: 'D:\\BaiduNetdiskDownload\\气象大模型数据（中南）-20260224\\气象雷达拼图（UTC）\\Z_RADA_C_BABJ_P_ACHN_CREF000_20260219114800_12.2_54.2_73.0_135.0.png'
6374,Z_RADA_C_BABJ_P_ACHN_CREF000_20260219115400_12.2_54.2_73.0_135.0.png,[Errno 2] No such file or directory: 'D:\\BaiduNetdiskDownload\\气象大模型数据（中南）-20260224\\气象雷达拼图（UTC）\\Z_RADA_C_BABJ_P_ACHN_CREF000_20260219115400_12.2_54.2_73.0_135.0.png'
6375,Z_RADA_C_BABJ_P_ACHN_CREF000_20260219120000_12.2_54.2_73.0_135.0.png,[Errno 2] No such file or directory: 'D:\\BaiduNetdiskDownload\\气象大模型数据（中南）-20260224\\气象雷达拼图（UTC）\\Z_RADA_C_BABJ_P_ACHN_CREF000_20260219120000_12.2_54.2_73.0_135.0.png'
6376,Z_RADA_C_BABJ_P_ACHN_CREF000_20260219120600_12.2_54.2_73.0_135.0.png,[Errno 2] No such file or directory: 'D:\\BaiduNetdiskDownload\\气象大模型数据（中南）-20260224\\气象雷达拼图（UTC）\\Z_RADA_C_BABJ_P_ACHN_CREF000_20260219120600_12.2_54.2_73.0_135.0.png'
6377,Z_RADA_C_BABJ_P_ACHN_CREF000_20260219121200_12.2_54.2_73.0_135.0.png,[Errno 2] No such file or directory: 'D:\\BaiduNetdiskDownload\\气象大模型数据（中南）-20260224\\气象雷达拼图（UTC）\\Z_RADA_C_BABJ_P_ACHN_CREF000_20260219121200_12.2_54.2_73.0_135.0.png'
6378,Z_RADA_C_BABJ_P_ACHN_CREF000_20260219121800_12.2_54.2_73.0_135.0.png,[Errno 2] No such file or directory: 'D:\\BaiduNetdiskDownload\\气象大模型数据（中南）-20260224\\气象雷达拼图（UTC）\\Z_RADA_C_BABJ_P_ACHN_CREF000_20260219121800_12.2_54.2_73.0_135.0.png'
6379,Z_RADA_C_BABJ_P_ACHN_CREF000_20260219122400_12.2_54.2_73.0_135.0.png,[Errno 2] No such file or directory: 'D:\\BaiduNetdiskDownload\\气象大模型数据（中南）-20260224\\气象雷达拼图（UTC）\\Z_RADA_C_BABJ_P_ACHN_CREF000_20260219122400_12.2_54.2_73.0_135.0.png'
6380,Z_RADA_C_BABJ_P_ACHN_CREF000_20260219123000_12.2_54.2_73.0_135.0.png,[Errno 2] No such file or directory: 'D:\\BaiduNetdiskDownload\\气象大模型数据（中南）-20260224\\气象雷达拼图（UTC）\\Z_RADA_C_BABJ_P_ACHN_CREF000_20260219123000_12.2_54.2_73.0_135.0.png'
6381,Z_RADA_C_BABJ_P_ACHN_CREF000_20260219123600_12.2_54.2_73.0_135.0.png,[Errno 2] No such file or directory: 'D:\\BaiduNetdiskDownload\\气象大模型数据（中南）-20260224\\气象雷达拼图（UTC）\\Z_RADA_C_BABJ_P_ACHN_CREF000_20260219123600_12.2_54.2_73.0_135.0.png'
6382,Z_RADA_C_BABJ_P_ACHN_CREF000_20260219124200_12.2_54.2_73.0_135.0.png,[Errno 2] No such file or directory: 'D:\\BaiduNetdiskDownload\\气象大模型数据（中南）-20260224\\气象雷达拼图（UTC）\\Z_RADA_C_BABJ_P_ACHN_CREF000_20260219124200_12.2_54.2_73.0_135.0.png'
6383,Z_RADA_C_BABJ_P_ACHN_CREF000_20260219124800_12.2_54.2_73.0_135.0.png,[Errno 2] No such file or directory: 'D:\\BaiduNetdiskDownload\\气象大模型数据（中南）-20260224\\气象雷达拼图（UTC）\\Z_RADA_C_BABJ_P_ACHN_CREF000_20260219124800_12.2_54.2_73.0_135.0.png'
6384,Z_RADA_C_BABJ_P_ACHN_CREF000_20260219125400_12.2_54.2_73.0_135.0.png,[Errno 2] No such file or directory: 'D:\\BaiduNetdiskDownload\\气象大模型数据（中南）-20260224\\气象雷达拼图（UTC）\\Z_RADA_C_BABJ_P_ACHN_CREF000_20260219125400_12.2_54.2_73.0_135.0.png'
6385,Z_RADA_C_BABJ_P_ACHN_CREF000_20260219130000_12.2_54.2_73.0_135.0.png,[Errno 2] No such file or directory: 'D:\\BaiduNetdiskDownload\\气象大模型数据（中南）-20260224\\气象雷达拼图（UTC）\\Z_RADA_C_BABJ_P_ACHN_CREF000_20260219130000_12.2_54.2_73.0_135.0.png'
6386,Z_RADA_C_BABJ_P_ACHN_CREF000_20260219130600_12.2_54.2_73.0_135.0.png,[Errno 2] No such file or directory: 'D:\\BaiduNetdiskDownload\\气象大模型数据（中南）-20260224\\气象雷达拼图（UTC）\\Z_RADA_C_BABJ_P_ACHN_CREF000_20260219130600_12.2_54.2_73.0_135.0.png'
6387,Z_RADA_C_BABJ_P_ACHN_CREF000_20260219131200_12.2_54.2_73.0_135.0.png,[Errno 2] No such file or directory: 'D:\\BaiduNetdiskDownload\\气象大模型数据（中南）-20260224\\气象雷达拼图（UTC）\\Z_RADA_C_BABJ_P_ACHN_CREF000_20260219131200_12.2_54.2_73.0_135.0.png'
6388,Z_RADA_C_BABJ_P_ACHN_CREF000_20260219131800_12.2_54.2_73.0_135.0.png,[Errno 2] No such file or directory: 'D:\\BaiduNetdiskDownload\\气象大模型数据（中南）-20260224\\气象雷达拼图（UTC）\\Z_RADA_C_BABJ_P_ACHN_CREF000_20260219131800_12.2_54.2_73.0_135.0.png'
6389,Z_RADA_C_BABJ_P_ACHN_CREF000_20260219132400_12.2_54.2_73.0_135.0.png,[Errno 2] No such file or directory: 'D:\\BaiduNetdiskDownload\\气象大模型数据（中南）-20260224\\气象雷达拼图（UTC）\\Z_RADA_C_BABJ_P_ACHN_CREF000_20260219132400_12.2_54.2_73.0_135.0.png'
6390,Z_RADA_C_BABJ_P_ACHN_CREF000_20260219133000_12.2_54.2_73.0_135.0.png,[Errno 2] No such file or directory: 'D:\\BaiduNetdiskDownload\\气象大模型数据（中南）-20260224\\气象雷达拼图（UTC）\\Z_RADA_C_BABJ_P_ACHN_CREF000_20260219133000_12.2_54.2_73.0_135.0.png'
6391,Z_RADA_C_BABJ_P_ACHN_CREF000_20260219133600_12.2_54.2_73.0_135.0.png,[Errno 2] No such file or directory: 'D:\\BaiduNetdiskDownload\\气象大模型数据（中南）-20260224\\气象雷达拼图（UTC）\\Z_RADA_C_BABJ_P_ACHN_CREF000_20260219133600_12.2_54.2_73.0_135.0.png'
6392,Z_RADA_C_BABJ_P_ACHN_CREF000_20260219134200_12.2_54.2_73.0_135.0.png,[Errno 2] No such file or directory: 'D:\\BaiduNetdiskDownload\\气象大模型数据（中南）-20260224\\气象雷达拼图（UTC）\\Z_RADA_C_BABJ_P_ACHN_CREF000_20260219134200_12.2_54.2_73.0_135.0.png'
6393,Z_RADA_C_BABJ_P_ACHN_CREF000_20260219134800_12.2_54.2_73.0_135.0.png,[Errno 2] No such file or directory: 'D:\\BaiduNetdiskDownload\\气象大模型数据（中南）-20260224\\气象雷达拼图（UTC）\\Z_RADA_C_BABJ_P_ACHN_CREF000_20260219134800_12.2_54.2_73.0_135.0.png'
6394,Z_RADA_C_BABJ_P_ACHN_CREF000_20260219135400_12.2_54.2_73.0_135.0.png,[Errno 2] No such file or directory: 'D:\\BaiduNetdiskDownload\\气象大模型数据（中南）-20260224\\气象雷达拼图（UTC）\\Z_RADA_C_BABJ_P_ACHN_CREF000_20260219135400_12.2_54.2_73.0_135.0.png'
6395,Z_RADA_C_BABJ_P_ACHN_CREF000_20260219140000_12.2_54.2_73.0_135.0.png,[Errno 2] No such file or directory: 'D:\\BaiduNetdiskDownload\\气象大模型数据（中南）-20260224\\气象雷达拼图（UTC）\\Z_RADA_C_BABJ_P_ACHN_CREF000_20260219140000_12.2_54.2_73.0_135.0.png'
6396,Z_RADA_C_BABJ_P_ACHN_CREF000_20260219140600_12.2_54.2_73.0_135.0.png,[Errno 2] No such file or directory: 'D:\\BaiduNetdiskDownload\\气象大模型数据（中南）-20260224\\气象雷达拼图（UTC）\\Z_RADA_C_BABJ_P_ACHN_CREF000_20260219140600_12.2_54.2_73.0_135.0.png'
6397,Z_RADA_C_BABJ_P_ACHN_CREF000_20260219141200_12.2_54.2_73.0_135.0.png,[Errno 2] No such file or directory: 'D:\\BaiduNetdiskDownload\\气象大模型数据（中南）-20260224\\气象雷达拼图（UTC）\\Z_RADA_C_BABJ_P_ACHN_CREF000_20260219141200_12.2_54.2_73.0_135.0.png'
6398,Z_RADA_C_BABJ_P_ACHN_CREF000_20260219141800_12.2_54.2_73.0_135.0.png,[Errno 2] No such file or directory: 'D:\\BaiduNetdiskDownload\\气象大模型数据（中南）-20260224\\气象雷达拼图（UTC）\\Z_RADA_C_BABJ_P_ACHN_CREF000_20260219141800_12.2_54.2_73.0_135.0.png'
6399,Z_RADA_C_BABJ_P_ACHN_CREF000_20260219142400_12.2_54.2_73.0_135.0.png,[Errno 2] No such file or directory: 'D:\\BaiduNetdiskDownload\\气象大模型数据（中南）-20260224\\气象雷达拼图（UTC）\\Z_RADA_C_BABJ_P_ACHN_CREF000_20260219142400_12.2_54.2_73.0_135.0.png'
6400,Z_RADA_C_BABJ_P_ACHN_CREF000_20260219143000_12.2_54.2_73.0_135.0.png,[Errno 2] No such file or directory: 'D:\\BaiduNetdiskDownload\\气象大模型数据（中南）-20260224\\气象雷达拼图（UTC）\\Z_RADA_C_BABJ_P_ACHN_CREF000_20260219143000_12.2_54.2_73.0_135.0.png'
6401,Z_RADA_C_BABJ_P_ACHN_CREF000_20260219143600_12.2_54.2_73.0_135.0.png,[Errno 2] No such file or directory: 'D:\\BaiduNetdiskDownload\\气象大模型数据（中南）-20260224\\气象雷达拼图（UTC）\\Z_RADA_C_BABJ_P_ACHN_CREF000_20260219143600_12.2_54.2_73.0_135.0.png'
6402,Z_RADA_C_BABJ_P_ACHN_CREF000_20260219144200_12.2_54.2_73.0_135.0.png,[Errno 2] No such file or directory: 'D:\\BaiduNetdiskDownload\\气象大模型数据（中南）-20260224\\气象雷达拼图（UTC）\\Z_RADA_C_BABJ_P_ACHN_CREF000_20260219144200_12.2_54.2_73.0_135.0.png'
6403,Z_RADA_C_BABJ_P_ACHN_CREF000_20260219144800_12.2_54.2_73.0_135.0.png,[Errno 2] No such file or directory: 'D:\\BaiduNetdiskDownload\\气象大模型数据（中南）-20260224\\气象雷达拼图（UTC）\\Z_RADA_C_BABJ_P_ACHN_CREF000_20260219144800_12.2_54.2_73.0_135.0.png'
6404,Z_RADA_C_BABJ_P_ACHN_CREF000_20260219145400_12.2_54.2_73.0_135.0.png,[Errno 2] No such file or directory: 'D:\\BaiduNetdiskDownload\\气象大模型数据（中南）-20260224\\气象雷达拼图（UTC）\\Z_RADA_C_BABJ_P_ACHN_CREF000_20260219145400_12.2_54.2_73.0_135.0.png'
6405,Z_RADA_C_BABJ_P_ACHN_CREF000_20260219150000_12.2_54.2_73.0_135.0.png,[Errno 2] No such file or directory: 'D:\\BaiduNetdiskDownload\\气象大模型数据（中南）-20260224\\气象雷达拼图（UTC）\\Z_RADA_C_BABJ_P_ACHN_CREF000_20260219150000_12.2_54.2_73.0_135.0.png'
6406,Z_RADA_C_BABJ_P_ACHN_CREF000_20260219150600_12.2_54.2_73.0_135.0.png,[Errno 2] No such file or directory: 'D:\\BaiduNetdiskDownload\\气象大模型数据（中南）-20260224\\气象雷达拼图（UTC）\\Z_RADA_C_BABJ_P_ACHN_CREF000_20260219150600_12.2_54.2_73.0_135.0.png'
6407,Z_RADA_C_BABJ_P_ACHN_CREF000_20260219151200_12.2_54.2_73.0_135.0.png,[Errno 2] No such file or directory: 'D:\\BaiduNetdiskDownload\\气象大模型数据（中南）-20260224\\气象雷达拼图（UTC）\\Z_RADA_C_BABJ_P_ACHN_CREF000_20260219151200_12.2_54.2_73.0_135.0.png'
6408,Z_RADA_C_BABJ_P_ACHN_CREF000_20260219151800_12.2_54.2_73.0_135.0.png,[Errno 2] No such file or directory: 'D:\\BaiduNetdiskDownload\\气象大模型数据（中南）-20260224\\气象雷达拼图（UTC）\\Z_RADA_C_BABJ_P_ACHN_CREF000_20260219151800_12.2_54.2_73.0_135.0.png'
6409,Z_RADA_C_BABJ_P_ACHN_CREF000_20260219152400_12.2_54.2_73.0_135.0.png,[Errno 2] No such file or directory: 'D:\\BaiduNetdiskDownload\\气象大模型数据（中南）-20260224\\气象雷达拼图（UTC）\\Z_RADA_C_BABJ_P_ACHN_CREF000_20260219152400_12.2_54.2_73.0_135.0.png'
6410,Z_RADA_C_BABJ_P_ACHN_CREF000_20260219153000_12.2_54.2_73.0_135.0.png,[Errno 2] No such file or directory: 'D:\\BaiduNetdiskDownload\\气象大模型数据（中南）-20260224\\气象雷达拼图（UTC）\\Z_RADA_C_BABJ_P_ACHN_CREF000_20260219153000_12.2_54.2_73.0_135.0.png'
6411,Z_RADA_C_BABJ_P_ACHN_CREF000_20260219153600_12.2_54.2_73.0_135.0.png,[Errno 2] No such file or directory: 'D:\\BaiduNetdiskDownload\\气象大模型数据（中南）-20260224\\气象雷达拼图（UTC）\\Z_RADA_C_BABJ_P_ACHN_CREF000_20260219153600_12.2_54.2_73.0_135.0.png'
6412,Z_RADA_C_BABJ_P_ACHN_CREF000_20260219154200_12.2_54.2_73.0_135.0.png,[Errno 2] No such file or directory: 'D:\\BaiduNetdiskDownload\\气象大模型数据（中南）-20260224\\气象雷达拼图（UTC）\\Z_RADA_C_BABJ_P_ACHN_CREF000_20260219154200_12.2_54.2_73.0_135.0.png'
6413,Z_RADA_C_BABJ_P_ACHN_CREF000_20260219154800_12.2_54.2_73.0_135.0.png,[Errno 2] No such file or directory: 'D:\\BaiduNetdiskDownload\\气象大模型数据（中南）-20260224\\气象雷达拼图（UTC）\\Z_RADA_C_BABJ_P_ACHN_CREF000_20260219154800_12.2_54.2_73.0_135.0.png'
6414,Z_RADA_C_BABJ_P_ACHN_CREF000_20260219155400_12.2_54.2_73.0_135.0.png,[Errno 2] No such file or directory: 'D:\\BaiduNetdiskDownload\\气象大模型数据（中南）-20260224\\气象雷达拼图（UTC）\\Z_RADA_C_BABJ_P_ACHN_CREF000_20260219155400_12.2_54.2_73.0_135.0.png'
6415,Z_RADA_C_BABJ_P_ACHN_CREF000_20260219160000_12.2_54.2_73.0_135.0.png,[Errno 2] No such file or directory: 'D:\\BaiduNetdiskDownload\\气象大模型数据（中南）-20260224\\气象雷达拼图（UTC）\\Z_RADA_C_BABJ_P_ACHN_CREF000_20260219160000_12.2_54.2_73.0_135.0.png'
6416,Z_RADA_C_BABJ_P_ACHN_CREF000_20260219160600_12.2_54.2_73.0_135.0.png,[Errno 2] No such file or directory: 'D:\\BaiduNetdiskDownload\\气象大模型数据（中南）-20260224\\气象雷达拼图（UTC）\\Z_RADA_C_BABJ_P_ACHN_CREF000_20260219160600_12.2_54.2_73.0_135.0.png'
6417,Z_RADA_C_BABJ_P_ACHN_CREF000_20260219161200_12.2_54.2_73.0_135.0.png,[Errno 2] No such file or directory: 'D:\\BaiduNetdiskDownload\\气象大模型数据（中南）-20260224\\气象雷达拼图（UTC）\\Z_RADA_C_BABJ_P_ACHN_CREF000_20260219161200_12.2_54.2_73.0_135.0.png'
6418,Z_RADA_C_BABJ_P_ACHN_CREF000_20260219161800_12.2_54.2_73.0_135.0.png,[Errno 2] No such file or directory: 'D:\\BaiduNetdiskDownload\\气象大模型数据（中南）-20260224\\气象雷达拼图（UTC）\\Z_RADA_C_BABJ_P_ACHN_CREF000_20260219161800_12.2_54.2_73.0_135.0.png'
6419,Z_RADA_C_BABJ_P_ACHN_CREF000_20260219162400_12.2_54.2_73.0_135.0.png,[Errno 2] No such file or directory: 'D:\\BaiduNetdiskDownload\\气象大模型数据（中南）-20260224\\气象雷达拼图（UTC）\\Z_RADA_C_BABJ_P_ACHN_CREF000_20260219162400_12.2_54.2_73.0_135.0.png'
6420,Z_RADA_C_BABJ_P_ACHN_CREF000_20260219163000_12.2_54.2_73.0_135.0.png,[Errno 2] No such file or directory: 'D:\\BaiduNetdiskDownload\\气象大模型数据（中南）-20260224\\气象雷达拼图（UTC）\\Z_RADA_C_BABJ_P_ACHN_CREF000_20260219163000_12.2_54.2_73.0_135.0.png'
6421,Z_RADA_C_BABJ_P_ACHN_CREF000_20260219163600_12.2_54.2_73.0_135.0.png,[Errno 2] No such file or directory: 'D:\\BaiduNetdiskDownload\\气象大模型数据（中南）-20260224\\气象雷达拼图（UTC）\\Z_RADA_C_BABJ_P_ACHN_CREF000_20260219163600_12.2_54.2_73.0_135.0.png'
6422,Z_RADA_C_BABJ_P_ACHN_CREF000_20260219164200_12.2_54.2_73.0_135.0.png,[Errno 2] No such file or directory: 'D:\\BaiduNetdiskDownload\\气象大模型数据（中南）-20260224\\气象雷达拼图（UTC）\\Z_RADA_C_BABJ_P_ACHN_CREF000_20260219164200_12.2_54.2_73.0_135.0.png'
6423,Z_RADA_C_BABJ_P_ACHN_CREF000_20260219164800_12.2_54.2_73.0_135.0.png,[Errno 2] No such file or directory: 'D:\\BaiduNetdiskDownload\\气象大模型数据（中南）-20260224\\气象雷达拼图（UTC）\\Z_RADA_C_BABJ_P_ACHN_CREF000_20260219164800_12.2_54.2_73.0_135.0.png'
6424,Z_RADA_C_BABJ_P_ACHN_CREF000_20260219165400_12.2_54.2_73.0_135.0.png,[Errno 2] No such file or directory: 'D:\\BaiduNetdiskDownload\\气象大模型数据（中南）-20260224\\气象雷达拼图（UTC）\\Z_RADA_C_BABJ_P_ACHN_CREF000_20260219165400_12.2_54.2_73.0_135.0.png'
6425,Z_RADA_C_BABJ_P_ACHN_CREF000_20260219170000_12.2_54.2_73.0_135.0.png,[Errno 2] No such file or directory: 'D:\\BaiduNetdiskDownload\\气象大模型数据（中南）-20260224\\气象雷达拼图（UTC）\\Z_RADA_C_BABJ_P_ACHN_CREF000_20260219170000_12.2_54.2_73.0_135.0.png'
6426,Z_RADA_C_BABJ_P_ACHN_CREF000_20260219170600_12.2_54.2_73.0_135.0.png,[Errno 2] No such file or directory: 'D:\\BaiduNetdiskDownload\\气象大模型数据（中南）-20260224\\气象雷达拼图（UTC）\\Z_RADA_C_BABJ_P_ACHN_CREF000_20260219170600_12.2_54.2_73.0_135.0.png'
6427,Z_RADA_C_BABJ_P_ACHN_CREF000_20260219171200_12.2_54.2_73.0_135.0.png,[Errno 2] No such file or directory: 'D:\\BaiduNetdiskDownload\\气象大模型数据（中南）-20260224\\气象雷达拼图（UTC）\\Z_RADA_C_BABJ_P_ACHN_CREF000_20260219171200_12.2_54.2_73.0_135.0.png'
6428,Z_RADA_C_BABJ_P_ACHN_CREF000_20260219171800_12.2_54.2_73.0_135.0.png,[Errno 2] No such file or directory: 'D:\\BaiduNetdiskDownload\\气象大模型数据（中南）-20260224\\气象雷达拼图（UTC）\\Z_RADA_C_BABJ_P_ACHN_CREF000_20260219171800_12.2_54.2_73.0_135.0.png'
6429,Z_RADA_C_BABJ_P_ACHN_CREF000_20260219172400_12.2_54.2_73.0_135.0.png,[Errno 2] No such file or directory: 'D:\\BaiduNetdiskDownload\\气象大模型数据（中南）-20260224\\气象雷达拼图（UTC）\\Z_RADA_C_BABJ_P_ACHN_CREF000_20260219172400_12.2_54.2_73.0_135.0.png'
6430,Z_RADA_C_BABJ_P_ACHN_CREF000_20260219173000_12.2_54.2_73.0_135.0.png,[Errno 2] No such file or directory: 'D:\\BaiduNetdiskDownload\\气象大模型数据（中南）-20260224\\气象雷达拼图（UTC）\\Z_RADA_C_BABJ_P_ACHN_CREF000_20260219173000_12.2_54.2_73.0_135.0.png'
6431,Z_RADA_C_BABJ_P_ACHN_CREF000_20260219173600_12.2_54.2_73.0_135.0.png,[Errno 2] No such file or directory: 'D:\\BaiduNetdiskDownload\\气象大模型数据（中南）-20260224\\气象雷达拼图（UTC）\\Z_RADA_C_BABJ_P_ACHN_CREF000_20260219173600_12.2_54.2_73.0_135.0.png'
6432,Z_RADA_C_BABJ_P_ACHN_CREF000_20260219174200_12.2_54.2_73.0_135.0.png,[Errno 2] No such file or directory: 'D:\\BaiduNetdiskDownload\\气象大模型数据（中南）-20260224\\气象雷达拼图（UTC）\\Z_RADA_C_BABJ_P_ACHN_CREF000_20260219174200_12.2_54.2_73.0_135.0.png'
6433,Z_RADA_C_BABJ_P_ACHN_CREF000_20260219174800_12.2_54.2_73.0_135.0.png,[Errno 2] No such file or directory: 'D:\\BaiduNetdiskDownload\\气象大模型数据（中南）-20260224\\气象雷达拼图（UTC）\\Z_RADA_C_BABJ_P_ACHN_CREF000_20260219174800_12.2_54.2_73.0_135.0.png'
6434,Z_RADA_C_BABJ_P_ACHN_CREF000_20260219175400_12.2_54.2_73.0_135.0.png,[Errno 2] No such file or directory: 'D:\\BaiduNetdiskDownload\\气象大模型数据（中南）-20260224\\气象雷达拼图（UTC）\\Z_RADA_C_BABJ_P_ACHN_CREF000_20260219175400_12.2_54.2_73.0_135.0.png'
6435,Z_RADA_C_BABJ_P_ACHN_CREF000_20260219180000_12.2_54.2_73.0_135.0.png,[Errno 2] No such file or directory: 'D:\\BaiduNetdiskDownload\\气象大模型数据（中南）-20260224\\气象雷达拼图（UTC）\\Z_RADA_C_BABJ_P_ACHN_CREF000_20260219180000_12.2_54.2_73.0_135.0.png'
6436,Z_RADA_C_BABJ_P_ACHN_CREF000_20260219180600_12.2_54.2_73.0_135.0.png,[Errno 2] No such file or directory: 'D:\\BaiduNetdiskDownload\\气象大模型数据（中南）-20260224\\气象雷达拼图（UTC）\\Z_RADA_C_BABJ_P_ACHN_CREF000_20260219180600_12.2_54.2_73.0_135.0.png'
6437,Z_RADA_C_BABJ_P_ACHN_CREF000_20260219181200_12.2_54.2_73.0_135.0.png,[Errno 2] No such file or directory: 'D:\\BaiduNetdiskDownload\\气象大模型数据（中南）-20260224\\气象雷达拼图（UTC）\\Z_RADA_C_BABJ_P_ACHN_CREF000_20260219181200_12.2_54.2_73.0_135.0.png'
6438,Z_RADA_C_BABJ_P_ACHN_CREF000_20260219181800_12.2_54.2_73.0_135.0.png,[Errno 2] No such file or directory: 'D:\\BaiduNetdiskDownload\\气象大模型数据（中南）-20260224\\气象雷达拼图（UTC）\\Z_RADA_C_BABJ_P_ACHN_CREF000_20260219181800_12.2_54.2_73.0_135.0.png'
6439,Z_RADA_C_BABJ_P_ACHN_CREF000_20260219182400_12.2_54.2_73.0_135.0.png,[Errno 2] No such file or directory: 'D:\\BaiduNetdiskDownload\\气象大模型数据（中南）-20260224\\气象雷达拼图（UTC）\\Z_RADA_C_BABJ_P_ACHN_CREF000_20260219182400_12.2_54.2_73.0_135.0.png'
6440,Z_RADA_C_BABJ_P_ACHN_CREF000_20260219183000_12.2_54.2_73.0_135.0.png,[Errno 2] No such file or directory: 'D:\\BaiduNetdiskDownload\\气象大模型数据（中南）-20260224\\气象雷达拼图（UTC）\\Z_RADA_C_BABJ_P_ACHN_CREF000_20260219183000_12.2_54.2_73.0_135.0.png'
6441,Z_RADA_C_BABJ_P_ACHN_CREF000_20260219183600_12.2_54.2_73.0_135.0.png,[Errno 2] No such file or directory: 'D:\\BaiduNetdiskDownload\\气象大模型数据（中南）-20260224\\气象雷达拼图（UTC）\\Z_RADA_C_BABJ_P_ACHN_CREF000_20260219183600_12.2_54.2_73.0_135.0.png'
6442,Z_RADA_C_BABJ_P_ACHN_CREF000_20260219184200_12.2_54.2_73.0_135.0.png,[Errno 2] No such file or directory: 'D:\\BaiduNetdiskDownload\\气象大模型数据（中南）-20260224\\气象雷达拼图（UTC）\\Z_RADA_C_BABJ_P_ACHN_CREF000_20260219184200_12.2_54.2_73.0_135.0.png'
6443,Z_RADA_C_BABJ_P_ACHN_CREF000_20260219184800_12.2_54.2_73.0_135.0.png,[Errno 2] No such file or directory: 'D:\\BaiduNetdiskDownload\\气象大模型数据（中南）-20260224\\气象雷达拼图（UTC）\\Z_RADA_C_BABJ_P_ACHN_CREF000_20260219184800_12.2_54.2_73.0_135.0.png'
6444,Z_RADA_C_BABJ_P_ACHN_CREF000_20260219185400_12.2_54.2_73.0_135.0.png,[Errno 2] No such file or directory: 'D:\\BaiduNetdiskDownload\\气象大模型数据（中南）-20260224\\气象雷达拼图（UTC）\\Z_RADA_C_BABJ_P_ACHN_CREF000_20260219185400_12.2_54.2_73.0_135.0.png'
6445,Z_RADA_C_BABJ_P_ACHN_CREF000_20260219190000_12.2_54.2_73.0_135.0.png,[Errno 2] No such file or directory: 'D:\\BaiduNetdiskDownload\\气象大模型数据（中南）-20260224\\气象雷达拼图（UTC）\\Z_RADA_C_BABJ_P_ACHN_CREF000_20260219190000_12.2_54.2_73.0_135.0.png'
6446,Z_RADA_C_BABJ_P_ACHN_CREF000_20260219190600_12.2_54.2_73.0_135.0.png,[Errno 2] No such file or directory: 'D:\\BaiduNetdiskDownload\\气象大模型数据（中南）-20260224\\气象雷达拼图（UTC）\\Z_RADA_C_BABJ_P_ACHN_CREF000_20260219190600_12.2_54.2_73.0_135.0.png'
6447,Z_RADA_C_BABJ_P_ACHN_CREF000_20260219191200_12.2_54.2_73.0_135.0.png,[Errno 2] No such file or directory: 'D:\\BaiduNetdiskDownload\\气象大模型数据（中南）-20260224\\气象雷达拼图（UTC）\\Z_RADA_C_BABJ_P_ACHN_CREF000_20260219191200_12.2_54.2_73.0_135.0.png'
6448,Z_RADA_C_BABJ_P_ACHN_CREF000_20260219191800_12.2_54.2_73.0_135.0.png,[Errno 2] No such file or directory: 'D:\\BaiduNetdiskDownload\\气象大模型数据（中南）-20260224\\气象雷达拼图（UTC）\\Z_RADA_C_BABJ_P_ACHN_CREF000_20260219191800_12.2_54.2_73.0_135.0.png'
6449,Z_RADA_C_BABJ_P_ACHN_CREF000_20260219192400_12.2_54.2_73.0_135.0.png,[Errno 2] No such file or directory: 'D:\\BaiduNetdiskDownload\\气象大模型数据（中南）-20260224\\气象雷达拼图（UTC）\\Z_RADA_C_BABJ_P_ACHN_CREF000_20260219192400_12.2_54.2_73.0_135.0.png'
6450,Z_RADA_C_BABJ_P_ACHN_CREF000_20260219193000_12.2_54.2_73.0_135.0.png,[Errno 2] No such file or directory: 'D:\\BaiduNetdiskDownload\\气象大模型数据（中南）-20260224\\气象雷达拼图（UTC）\\Z_RADA_C_BABJ_P_ACHN_CREF000_20260219193000_12.2_54.2_73.0_135.0.png'
6451,Z_RADA_C_BABJ_P_ACHN_CREF000_20260219193600_12.2_54.2_73.0_135.0.png,[Errno 2] No such file or directory: 'D:\\BaiduNetdiskDownload\\气象大模型数据（中南）-20260224\\气象雷达拼图（UTC）\\Z_RADA_C_BABJ_P_ACHN_CREF000_20260219193600_12.2_54.2_73.0_135.0.png'
6452,Z_RADA_C_BABJ_P_ACHN_CREF000_20260219194200_12.2_54.2_73.0_135.0.png,[Errno 2] No such file or directory: 'D:\\BaiduNetdiskDownload\\气象大模型数据（中南）-20260224\\气象雷达拼图（UTC）\\Z_RADA_C_BABJ_P_ACHN_CREF000_20260219194200_12.2_54.2_73.0_135.0.png'
6453,Z_RADA_C_BABJ_P_ACHN_CREF000_20260219194800_12.2_54.2_73.0_135.0.png,[Errno 2] No such file or directory: 'D:\\BaiduNetdiskDownload\\气象大模型数据（中南）-20260224\\气象雷达拼图（UTC）\\Z_RADA_C_BABJ_P_ACHN_CREF000_20260219194800_12.2_54.2_73.0_135.0.png'
6454,Z_RADA_C_BABJ_P_ACHN_CREF000_20260219195400_12.2_54.2_73.0_135.0.png,[Errno 2] No such file or directory: 'D:\\BaiduNetdiskDownload\\气象大模型数据（中南）-20260224\\气象雷达拼图（UTC）\\Z_RADA_C_BABJ_P_ACHN_CREF000_20260219195400_12.2_54.2_73.0_135.0.png'
6455,Z_RADA_C_BABJ_P_ACHN_CREF000_20260219200000_12.2_54.2_73.0_135.0.png,[Errno 2] No such file or directory: 'D:\\BaiduNetdiskDownload\\气象大模型数据（中南）-20260224\\气象雷达拼图（UTC）\\Z_RADA_C_BABJ_P_ACHN_CREF000_20260219200000_12.2_54.2_73.0_135.0.png'
6456,Z_RADA_C_BABJ_P_ACHN_CREF000_20260219200600_12.2_54.2_73.0_135.0.png,[Errno 2] No such file or directory: 'D:\\BaiduNetdiskDownload\\气象大模型数据（中南）-20260224\\气象雷达拼图（UTC）\\Z_RADA_C_BABJ_P_ACHN_CREF000_20260219200600_12.2_54.2_73.0_135.0.png'
6457,Z_RADA_C_BABJ_P_ACHN_CREF000_20260219201200_12.2_54.2_73.0_135.0.png,[Errno 2] No such file or directory: 'D:\\BaiduNetdiskDownload\\气象大模型数据（中南）-20260224\\气象雷达拼图（UTC）\\Z_RADA_C_BABJ_P_ACHN_CREF000_20260219201200_12.2_54.2_73.0_135.0.png'
6458,Z_RADA_C_BABJ_P_ACHN_CREF000_20260219201800_12.2_54.2_73.0_135.0.png,[Errno 2] No such file or directory: 'D:\\BaiduNetdiskDownload\\气象大模型数据（中南）-20260224\\气象雷达拼图（UTC）\\Z_RADA_C_BABJ_P_ACHN_CREF000_20260219201800_12.2_54.2_73.0_135.0.png'
6459,Z_RADA_C_BABJ_P_ACHN_CREF000_20260219202400_12.2_54.2_73.0_135.0.png,[Errno 2] No such file or directory: 'D:\\BaiduNetdiskDownload\\气象大模型数据（中南）-20260224\\气象雷达拼图（UTC）\\Z_RADA_C_BABJ_P_ACHN_CREF000_20260219202400_12.2_54.2_73.0_135.0.png'
6460,Z_RADA_C_BABJ_P_ACHN_CREF000_20260219203000_12.2_54.2_73.0_135.0.png,[Errno 2] No such file or directory: 'D:\\BaiduNetdiskDownload\\气象大模型数据（中南）-20260224\\气象雷达拼图（UTC）\\Z_RADA_C_BABJ_P_ACHN_CREF000_20260219203000_12.2_54.2_73.0_135.0.png'
6461,Z_RADA_C_BABJ_P_ACHN_CREF000_20260219203600_12.2_54.2_73.0_135.0.png,[Errno 2] No such file or directory: 'D:\\BaiduNetdiskDownload\\气象大模型数据（中南）-20260224\\气象雷达拼图（UTC）\\Z_RADA_C_BABJ_P_ACHN_CREF000_20260219203600_12.2_54.2_73.0_135.0.png'
6462,Z_RADA_C_BABJ_P_ACHN_CREF000_20260219204200_12.2_54.2_73.0_135.0.png,[Errno 2] No such file or directory: 'D:\\BaiduNetdiskDownload\\气象大模型数据（中南）-20260224\\气象雷达拼图（UTC）\\Z_RADA_C_BABJ_P_ACHN_CREF000_20260219204200_12.2_54.2_73.0_135.0.png'
6463,Z_RADA_C_BABJ_P_ACHN_CREF000_20260219204800_12.2_54.2_73.0_135.0.png,[Errno 2] No such file or directory: 'D:\\BaiduNetdiskDownload\\气象大模型数据（中南）-20260224\\气象雷达拼图（UTC）\\Z_RADA_C_BABJ_P_ACHN_CREF000_20260219204800_12.2_54.2_73.0_135.0.png'
6464,Z_RADA_C_BABJ_P_ACHN_CREF000_20260219205400_12.2_54.2_73.0_135.0.png,[Errno 2] No such file or directory: 'D:\\BaiduNetdiskDownload\\气象大模型数据（中南）-20260224\\气象雷达拼图（UTC）\\Z_RADA_C_BABJ_P_ACHN_CREF000_20260219205400_12.2_54.2_73.0_135.0.png'
6465,Z_RADA_C_BABJ_P_ACHN_CREF000_20260219210000_12.2_54.2_73.0_135.0.png,[Errno 2] No such file or directory: 'D:\\BaiduNetdiskDownload\\气象大模型数据（中南）-20260224\\气象雷达拼图（UTC）\\Z_RADA_C_BABJ_P_ACHN_CREF000_20260219210000_12.2_54.2_73.0_135.0.png'
6466,Z_RADA_C_BABJ_P_ACHN_CREF000_20260219210600_12.2_54.2_73.0_135.0.png,[Errno 2] No such file or directory: 'D:\\BaiduNetdiskDownload\\气象大模型数据（中南）-20260224\\气象雷达拼图（UTC）\\Z_RADA_C_BABJ_P_ACHN_CREF000_20260219210600_12.2_54.2_73.0_135.0.png'
6467,Z_RADA_C_BABJ_P_ACHN_CREF000_20260219211200_12.2_54.2_73.0_135.0.png,[Errno 2] No such file or directory: 'D:\\BaiduNetdiskDownload\\气象大模型数据（中南）-20260224\\气象雷达拼图（UTC）\\Z_RADA_C_BABJ_P_ACHN_CREF000_20260219211200_12.2_54.2_73.0_135.0.png'
6468,Z_RADA_C_BABJ_P_ACHN_CREF000_20260219211800_12.2_54.2_73.0_135.0.png,[Errno 2] No such file or directory: 'D:\\BaiduNetdiskDownload\\气象大模型数据（中南）-20260224\\气象雷达拼图（UTC）\\Z_RADA_C_BABJ_P_ACHN_CREF000_20260219211800_12.2_54.2_73.0_135.0.png'
6469,Z_RADA_C_BABJ_P_ACHN_CREF000_20260219212400_12.2_54.2_73.0_135.0.png,[Errno 2] No such file or directory: 'D:\\BaiduNetdiskDownload\\气象大模型数据（中南）-20260224\\气象雷达拼图（UTC）\\Z_RADA_C_BABJ_P_ACHN_CREF000_20260219212400_12.2_54.2_73.0_135.0.png'
6470,Z_RADA_C_BABJ_P_ACHN_CREF000_20260219213000_12.2_54.2_73.0_135.0.png,[Errno 2] No such file or directory: 'D:\\BaiduNetdiskDownload\\气象大模型数据（中南）-20260224\\气象雷达拼图（UTC）\\Z_RADA_C_BABJ_P_ACHN_CREF000_20260219213000_12.2_54.2_73.0_135.0.png'
6471,Z_RADA_C_BABJ_P_ACHN_CREF000_20260219213600_12.2_54.2_73.0_135.0.png,[Errno 2] No such file or directory: 'D:\\BaiduNetdiskDownload\\气象大模型数据（中南）-20260224\\气象雷达拼图（UTC）\\Z_RADA_C_BABJ_P_ACHN_CREF000_20260219213600_12.2_54.2_73.0_135.0.png'
6472,Z_RADA_C_BABJ_P_ACHN_CREF000_20260219214200_12.2_54.2_73.0_135.0.png,[Errno 2] No such file or directory: 'D:\\BaiduNetdiskDownload\\气象大模型数据（中南）-20260224\\气象雷达拼图（UTC）\\Z_RADA_C_BABJ_P_ACHN_CREF000_20260219214200_12.2_54.2_73.0_135.0.png'
6473,Z_RADA_C_BABJ_P_ACHN_CREF000_20260219214800_12.2_54.2_73.0_135.0.png,[Errno 2] No such file or directory: 'D:\\BaiduNetdiskDownload\\气象大模型数据（中南）-20260224\\气象雷达拼图（UTC）\\Z_RADA_C_BABJ_P_ACHN_CREF000_20260219214800_12.2_54.2_73.0_135.0.png'
6474,Z_RADA_C_BABJ_P_ACHN_CREF000_20260219215400_12.2_54.2_73.0_135.0.png,[Errno 2] No such file or directory: 'D:\\BaiduNetdiskDownload\\气象大模型数据（中南）-20260224\\气象雷达拼图（UTC）\\Z_RADA_C_BABJ_P_ACHN_CREF000_20260219215400_12.2_54.2_73.0_135.0.png'
6475,Z_RADA_C_BABJ_P_ACHN_CREF000_20260219220000_12.2_54.2_73.0_135.0.png,[Errno 2] No such file or directory: 'D:\\BaiduNetdiskDownload\\气象大模型数据（中南）-20260224\\气象雷达拼图（UTC）\\Z_RADA_C_BABJ_P_ACHN_CREF000_20260219220000_12.2_54.2_73.0_135.0.png'
6476,Z_RADA_C_BABJ_P_ACHN_CREF000_20260219220600_12.2_54.2_73.0_135.0.png,[Errno 2] No such file or directory: 'D:\\BaiduNetdiskDownload\\气象大模型数据（中南）-20260224\\气象雷达拼图（UTC）\\Z_RADA_C_BABJ_P_ACHN_CREF000_20260219220600_12.2_54.2_73.0_135.0.png'
6477,Z_RADA_C_BABJ_P_ACHN_CREF000_20260219221200_12.2_54.2_73.0_135.0.png,[Errno 2] No such file or directory: 'D:\\BaiduNetdiskDownload\\气象大模型数据（中南）-20260224\\气象雷达拼图（UTC）\\Z_RADA_C_BABJ_P_ACHN_CREF000_20260219221200_12.2_54.2_73.0_135.0.png'
6478,Z_RADA_C_BABJ_P_ACHN_CREF000_20260219221800_12.2_54.2_73.0_135.0.png,[Errno 2] No such file or directory: 'D:\\BaiduNetdiskDownload\\气象大模型数据（中南）-20260224\\气象雷达拼图（UTC）\\Z_RADA_C_BABJ_P_ACHN_CREF000_20260219221800_12.2_54.2_73.0_135.0.png'
6479,Z_RADA_C_BABJ_P_ACHN_CREF000_20260219222400_12.2_54.2_73.0_135.0.png,[Errno 2] No such file or directory: 'D:\\BaiduNetdiskDownload\\气象大模型数据（中南）-20260224\\气象雷达拼图（UTC）\\Z_RADA_C_BABJ_P_ACHN_CREF000_20260219222400_12.2_54.2_73.0_135.0.png'
6480,Z_RADA_C_BABJ_P_ACHN_CREF000_20260219223000_12.2_54.2_73.0_135.0.png,[Errno 2] No such file or directory: 'D:\\BaiduNetdiskDownload\\气象大模型数据（中南）-20260224\\气象雷达拼图（UTC）\\Z_RADA_C_BABJ_P_ACHN_CREF000_20260219223000_12.2_54.2_73.0_135.0.png'
6481,Z_RADA_C_BABJ_P_ACHN_CREF000_20260219223600_12.2_54.2_73.0_135.0.png,[Errno 2] No such file or directory: 'D:\\BaiduNetdiskDownload\\气象大模型数据（中南）-20260224\\气象雷达拼图（UTC）\\Z_RADA_C_BABJ_P_ACHN_CREF000_20260219223600_12.2_54.2_73.0_135.0.png'
6482,Z_RADA_C_BABJ_P_ACHN_CREF000_20260219224200_12.2_54.2_73.0_135.0.png,[Errno 2] No such file or directory: 'D:\\BaiduNetdiskDownload\\气象大模型数据（中南）-20260224\\气象雷达拼图（UTC）\\Z_RADA_C_BABJ_P_ACHN_CREF000_20260219224200_12.2_54.2_73.0_135.0.png'
6483,Z_RADA_C_BABJ_P_ACHN_CREF000_20260219224800_12.2_54.2_73.0_135.0.png,[Errno 2] No such file or directory: 'D:\\BaiduNetdiskDownload\\气象大模型数据（中南）-20260224\\气象雷达拼图（UTC）\\Z_RADA_C_BABJ_P_ACHN_CREF000_20260219224800_12.2_54.2_73.0_135.0.png'
6484,Z_RADA_C_BABJ_P_ACHN_CREF000_20260219225400_12.2_54.2_73.0_135.0.png,[Errno 2] No such file or directory: 'D:\\BaiduNetdiskDownload\\气象大模型数据（中南）-20260224\\气象雷达拼图（UTC）\\Z_RADA_C_BABJ_P_ACHN_CREF000_20260219225400_12.2_54.2_73.0_135.0.png'
6485,Z_RADA_C_BABJ_P_ACHN_CREF000_20260219230000_12.2_54.2_73.0_135.0.png,[Errno 2] No such file or directory: 'D:\\BaiduNetdiskDownload\\气象大模型数据（中南）-20260224\\气象雷达拼图（UTC）\\Z_RADA_C_BABJ_P_ACHN_CREF000_20260219230000_12.2_54.2_73.0_135.0.png'
6486,Z_RADA_C_BABJ_P_ACHN_CREF000_20260219230600_12.2_54.2_73.0_135.0.png,[Errno 2] No such file or directory: 'D:\\BaiduNetdiskDownload\\气象大模型数据（中南）-20260224\\气象雷达拼图（UTC）\\Z_RADA_C_BABJ_P_ACHN_CREF000_20260219230600_12.2_54.2_73.0_135.0.png'
6487,Z_RADA_C_BABJ_P_ACHN_CREF000_20260219231200_12.2_54.2_73.0_135.0.png,[Errno 2] No such file or directory: 'D:\\BaiduNetdiskDownload\\气象大模型数据（中南）-20260224\\气象雷达拼图（UTC）\\Z_RADA_C_BABJ_P_ACHN_CREF000_20260219231200_12.2_54.2_73.0_135.0.png'
6488,Z_RADA_C_BABJ_P_ACHN_CREF000_20260219231800_12.2_54.2_73.0_135.0.png,[Errno 2] No such file or directory: 'D:\\BaiduNetdiskDownload\\气象大模型数据（中南）-20260224\\气象雷达拼图（UTC）\\Z_RADA_C_BABJ_P_ACHN_CREF000_20260219231800_12.2_54.2_73.0_135.0.png'
6489,Z_RADA_C_BABJ_P_ACHN_CREF000_20260219232400_12.2_54.2_73.0_135.0.png,[Errno 2] No such file or directory: 'D:\\BaiduNetdiskDownload\\气象大模型数据（中南）-20260224\\气象雷达拼图（UTC）\\Z_RADA_C_BABJ_P_ACHN_CREF000_20260219232400_12.2_54.2_73.0_135.0.png'
6490,Z_RADA_C_BABJ_P_ACHN_CREF000_20260219233000_12.2_54.2_73.0_135.0.png,[Errno 2] No such file or directory: 'D:\\BaiduNetdiskDownload\\气象大模型数据（中南）-20260224\\气象雷达拼图（UTC）\\Z_RADA_C_BABJ_P_ACHN_CREF000_20260219233000_12.2_54.2_73.0_135.0.png'
6491,Z_RADA_C_BABJ_P_ACHN_CREF000_20260219233600_12.2_54.2_73.0_135.0.png,[Errno 2] No such file or directory: 'D:\\BaiduNetdiskDownload\\气象大模型数据（中南）-20260224\\气象雷达拼图（UTC）\\Z_RADA_C_BABJ_P_ACHN_CREF000_20260219233600_12.2_54.2_73.0_135.0.png'
6492,Z_RADA_C_BABJ_P_ACHN_CREF000_20260219234200_12.2_54.2_73.0_135.0.png,[Errno 2] No such file or directory: 'D:\\BaiduNetdiskDownload\\气象大模型数据（中南）-20260224\\气象雷达拼图（UTC）\\Z_RADA_C_BABJ_P_ACHN_CREF000_20260219234200_12.2_54.2_73.0_135.0.png'
6493,Z_RADA_C_BABJ_P_ACHN_CREF000_20260219234800_12.2_54.2_73.0_135.0.png,[Errno 2] No such file or directory: 'D:\\BaiduNetdiskDownload\\气象大模型数据（中南）-20260224\\气象雷达拼图（UTC）\\Z_RADA_C_BABJ_P_ACHN_CREF000_20260219234800_12.2_54.2_73.0_135.0.png'
6494,Z_RADA_C_BABJ_P_ACHN_CREF000_20260219235400_12.2_54.2_73.0_135.0.png,[Errno 2] No such file or directory: 'D:\\BaiduNetdiskDownload\\气象大模型数据（中南）-20260224\\气象雷达拼图（UTC）\\Z_RADA_C_BABJ_P_ACHN_CREF000_20260219235400_12.2_54.2_73.0_135.0.png'
6495,Z_RADA_C_BABJ_P_ACHN_CREF000_20260220000000_12.2_54.2_73.0_135.0.png,[Errno 2] No such file or directory: 'D:\\BaiduNetdiskDownload\\气象大模型数据（中南）-20260224\\气象雷达拼图（UTC）\\Z_RADA_C_BABJ_P_ACHN_CREF000_20260220000000_12.2_54.2_73.0_135.0.png'
6496,Z_RADA_C_BABJ_P_ACHN_CREF000_20260220000600_12.2_54.2_73.0_135.0.png,[Errno 2] No such file or directory: 'D:\\BaiduNetdiskDownload\\气象大模型数据（中南）-20260224\\气象雷达拼图（UTC）\\Z_RADA_C_BABJ_P_ACHN_CREF000_20260220000600_12.2_54.2_73.0_135.0.png'
6497,Z_RADA_C_BABJ_P_ACHN_CREF000_20260220001200_12.2_54.2_73.0_135.0.png,[Errno 2] No such file or directory: 'D:\\BaiduNetdiskDownload\\气象大模型数据（中南）-20260224\\气象雷达拼图（UTC）\\Z_RADA_C_BABJ_P_ACHN_CREF000_20260220001200_12.2_54.2_73.0_135.0.png'
6498,Z_RADA_C_BABJ_P_ACHN_CREF000_20260220001800_12.2_54.2_73.0_135.0.png,[Errno 2] No such file or directory: 'D:\\BaiduNetdiskDownload\\气象大模型数据（中南）-20260224\\气象雷达拼图（UTC）\\Z_RADA_C_BABJ_P_ACHN_CREF000_20260220001800_12.2_54.2_73.0_135.0.png'
6499,Z_RADA_C_BABJ_P_ACHN_CREF000_20260220002400_12.2_54.2_73.0_135.0.png,[Errno 2] No such file or directory: 'D:\\BaiduNetdiskDownload\\气象大模型数据（中南）-20260224\\气象雷达拼图（UTC）\\Z_RADA_C_BABJ_P_ACHN_CREF000_20260220002400_12.2_54.2_73.0_135.0.png'
6500,Z_RADA_C_BABJ_P_ACHN_CREF000_20260220003000_12.2_54.2_73.0_135.0.png,[Errno 2] No such file or directory: 'D:\\BaiduNetdiskDownload\\气象大模型数据（中南）-20260224\\气象雷达拼图（UTC）\\Z_RADA_C_BABJ_P_ACHN_CREF000_20260220003000_12.2_54.2_73.0_135.0.png'
6501,Z_RADA_C_BABJ_P_ACHN_CREF000_20260220003600_12.2_54.2_73.0_135.0.png,[Errno 2] No such file or directory: 'D:\\BaiduNetdiskDownload\\气象大模型数据（中南）-20260224\\气象雷达拼图（UTC）\\Z_RADA_C_BABJ_P_ACHN_CREF000_20260220003600_12.2_54.2_73.0_135.0.png'
6502,Z_RADA_C_BABJ_P_ACHN_CREF000_20260220004200_12.2_54.2_73.0_135.0.png,[Errno 2] No such file or directory: 'D:\\BaiduNetdiskDownload\\气象大模型数据（中南）-20260224\\气象雷达拼图（UTC）\\Z_RADA_C_BABJ_P_ACHN_CREF000_20260220004200_12.2_54.2_73.0_135.0.png'
6503,Z_RADA_C_BABJ_P_ACHN_CREF000_20260220004800_12.2_54.2_73.0_135.0.png,[Errno 2] No such file or directory: 'D:\\BaiduNetdiskDownload\\气象大模型数据（中南）-20260224\\气象雷达拼图（UTC）\\Z_RADA_C_BABJ_P_ACHN_CREF000_20260220004800_12.2_54.2_73.0_135.0.png'
6504,Z_RADA_C_BABJ_P_ACHN_CREF000_20260220005400_12.2_54.2_73.0_135.0.png,[Errno 2] No such file or directory: 'D:\\BaiduNetdiskDownload\\气象大模型数据（中南）-20260224\\气象雷达拼图（UTC）\\Z_RADA_C_BABJ_P_ACHN_CREF000_20260220005400_12.2_54.2_73.0_135.0.png'
6505,Z_RADA_C_BABJ_P_ACHN_CREF000_20260220010000_12.2_54.2_73.0_135.0.png,[Errno 2] No such file or directory: 'D:\\BaiduNetdiskDownload\\气象大模型数据（中南）-20260224\\气象雷达拼图（UTC）\\Z_RADA_C_BABJ_P_ACHN_CREF000_20260220010000_12.2_54.2_73.0_135.0.png'
6506,Z_RADA_C_BABJ_P_ACHN_CREF000_20260220010600_12.2_54.2_73.0_135.0.png,[Errno 2] No such file or directory: 'D:\\BaiduNetdiskDownload\\气象大模型数据（中南）-20260224\\气象雷达拼图（UTC）\\Z_RADA_C_BABJ_P_ACHN_CREF000_20260220010600_12.2_54.2_73.0_135.0.png'
6507,Z_RADA_C_BABJ_P_ACHN_CREF000_20260220011200_12.2_54.2_73.0_135.0.png,[Errno 2] No such file or directory: 'D:\\BaiduNetdiskDownload\\气象大模型数据（中南）-20260224\\气象雷达拼图（UTC）\\Z_RADA_C_BABJ_P_ACHN_CREF000_20260220011200_12.2_54.2_73.0_135.0.png'
6508,Z_RADA_C_BABJ_P_ACHN_CREF000_20260220011800_12.2_54.2_73.0_135.0.png,[Errno 2] No such file or directory: 'D:\\BaiduNetdiskDownload\\气象大模型数据（中南）-20260224\\气象雷达拼图（UTC）\\Z_RADA_C_BABJ_P_ACHN_CREF000_20260220011800_12.2_54.2_73.0_135.0.png'
6509,Z_RADA_C_BABJ_P_ACHN_CREF000_20260220012400_12.2_54.2_73.0_135.0.png,[Errno 2] No such file or directory: 'D:\\BaiduNetdiskDownload\\气象大模型数据（中南）-20260224\\气象雷达拼图（UTC）\\Z_RADA_C_BABJ_P_ACHN_CREF000_20260220012400_12.2_54.2_73.0_135.0.png'
6510,Z_RADA_C_BABJ_P_ACHN_CREF000_20260220013000_12.2_54.2_73.0_135.0.png,[Errno 2] No such file or directory: 'D:\\BaiduNetdiskDownload\\气象大模型数据（中南）-20260224\\气象雷达拼图（UTC）\\Z_RADA_C_BABJ_P_ACHN_CREF000_20260220013000_12.2_54.2_73.0_135.0.png'
6511,Z_RADA_C_BABJ_P_ACHN_CREF000_20260220013600_12.2_54.2_73.0_135.0.png,[Errno 2] No such file or directory: 'D:\\BaiduNetdiskDownload\\气象大模型数据（中南）-20260224\\气象雷达拼图（UTC）\\Z_RADA_C_BABJ_P_ACHN_CREF000_20260220013600_12.2_54.2_73.0_135.0.png'
6512,Z_RADA_C_BABJ_P_ACHN_CREF000_20260220014200_12.2_54.2_73.0_135.0.png,[Errno 2] No such file or directory: 'D:\\BaiduNetdiskDownload\\气象大模型数据（中南）-20260224\\气象雷达拼图（UTC）\\Z_RADA_C_BABJ_P_ACHN_CREF000_20260220014200_12.2_54.2_73.0_135.0.png'
6513,Z_RADA_C_BABJ_P_ACHN_CREF000_20260220014800_12.2_54.2_73.0_135.0.png,[Errno 2] No such file or directory: 'D:\\BaiduNetdiskDownload\\气象大模型数据（中南）-20260224\\气象雷达拼图（UTC）\\Z_RADA_C_BABJ_P_ACHN_CREF000_20260220014800_12.2_54.2_73.0_135.0.png'
6514,Z_RADA_C_BABJ_P_ACHN_CREF000_20260220015400_12.2_54.2_73.0_135.0.png,[Errno 2] No such file or directory: 'D:\\BaiduNetdiskDownload\\气象大模型数据（中南）-20260224\\气象雷达拼图（UTC）\\Z_RADA_C_BABJ_P_ACHN_CREF000_20260220015400_12.2_54.2_73.0_135.0.png'
6515,Z_RADA_C_BABJ_P_ACHN_CREF000_20260220020000_12.2_54.2_73.0_135.0.png,[Errno 2] No such file or directory: 'D:\\BaiduNetdiskDownload\\气象大模型数据（中南）-20260224\\气象雷达拼图（UTC）\\Z_RADA_C_BABJ_P_ACHN_CREF000_20260220020000_12.2_54.2_73.0_135.0.png'
6516,Z_RADA_C_BABJ_P_ACHN_CREF000_20260220020600_12.2_54.2_73.0_135.0.png,[Errno 2] No such file or directory: 'D:\\BaiduNetdiskDownload\\气象大模型数据（中南）-20260224\\气象雷达拼图（UTC）\\Z_RADA_C_BABJ_P_ACHN_CREF000_20260220020600_12.2_54.2_73.0_135.0.png'
6517,Z_RADA_C_BABJ_P_ACHN_CREF000_20260220021200_12.2_54.2_73.0_135.0.png,[Errno 2] No such file or directory: 'D:\\BaiduNetdiskDownload\\气象大模型数据（中南）-20260224\\气象雷达拼图（UTC）\\Z_RADA_C_BABJ_P_ACHN_CREF000_20260220021200_12.2_54.2_73.0_135.0.png'
6518,Z_RADA_C_BABJ_P_ACHN_CREF000_20260220021800_12.2_54.2_73.0_135.0.png,[Errno 2] No such file or directory: 'D:\\BaiduNetdiskDownload\\气象大模型数据（中南）-20260224\\气象雷达拼图（UTC）\\Z_RADA_C_BABJ_P_ACHN_CREF000_20260220021800_12.2_54.2_73.0_135.0.png'
6519,Z_RADA_C_BABJ_P_ACHN_CREF000_20260220022400_12.2_54.2_73.0_135.0.png,[Errno 2] No such file or directory: 'D:\\BaiduNetdiskDownload\\气象大模型数据（中南）-20260224\\气象雷达拼图（UTC）\\Z_RADA_C_BABJ_P_ACHN_CREF000_20260220022400_12.2_54.2_73.0_135.0.png'
6520,Z_RADA_C_BABJ_P_ACHN_CREF000_20260220023000_12.2_54.2_73.0_135.0.png,[Errno 2] No such file or directory: 'D:\\BaiduNetdiskDownload\\气象大模型数据（中南）-20260224\\气象雷达拼图（UTC）\\Z_RADA_C_BABJ_P_ACHN_CREF000_20260220023000_12.2_54.2_73.0_135.0.png'
6521,Z_RADA_C_BABJ_P_ACHN_CREF000_20260220023600_12.2_54.2_73.0_135.0.png,[Errno 2] No such file or directory: 'D:\\BaiduNetdiskDownload\\气象大模型数据（中南）-20260224\\气象雷达拼图（UTC）\\Z_RADA_C_BABJ_P_ACHN_CREF000_20260220023600_12.2_54.2_73.0_135.0.png'
6522,Z_RADA_C_BABJ_P_ACHN_CREF000_20260220024200_12.2_54.2_73.0_135.0.png,[Errno 2] No such file or directory: 'D:\\BaiduNetdiskDownload\\气象大模型数据（中南）-20260224\\气象雷达拼图（UTC）\\Z_RADA_C_BABJ_P_ACHN_CREF000_20260220024200_12.2_54.2_73.0_135.0.png'
6523,Z_RADA_C_BABJ_P_ACHN_CREF000_20260220024800_12.2_54.2_73.0_135.0.png,[Errno 2] No such file or directory: 'D:\\BaiduNetdiskDownload\\气象大模型数据（中南）-20260224\\气象雷达拼图（UTC）\\Z_RADA_C_BABJ_P_ACHN_CREF000_20260220024800_12.2_54.2_73.0_135.0.png'
6524,Z_RADA_C_BABJ_P_ACHN_CREF000_20260220025400_12.2_54.2_73.0_135.0.png,[Errno 2] No such file or directory: 'D:\\BaiduNetdiskDownload\\气象大模型数据（中南）-20260224\\气象雷达拼图（UTC）\\Z_RADA_C_BABJ_P_ACHN_CREF000_20260220025400_12.2_54.2_73.0_135.0.png'
6525,Z_RADA_C_BABJ_P_ACHN_CREF000_20260220030000_12.2_54.2_73.0_135.0.png,[Errno 2] No such file or directory: 'D:\\BaiduNetdiskDownload\\气象大模型数据（中南）-20260224\\气象雷达拼图（UTC）\\Z_RADA_C_BABJ_P_ACHN_CREF000_20260220030000_12.2_54.2_73.0_135.0.png'
6526,Z_RADA_C_BABJ_P_ACHN_CREF000_20260220030600_12.2_54.2_73.0_135.0.png,[Errno 2] No such file or directory: 'D:\\BaiduNetdiskDownload\\气象大模型数据（中南）-20260224\\气象雷达拼图（UTC）\\Z_RADA_C_BABJ_P_ACHN_CREF000_20260220030600_12.2_54.2_73.0_135.0.png'
6527,Z_RADA_C_BABJ_P_ACHN_CREF000_20260220031200_12.2_54.2_73.0_135.0.png,[Errno 2] No such file or directory: 'D:\\BaiduNetdiskDownload\\气象大模型数据（中南）-20260224\\气象雷达拼图（UTC）\\Z_RADA_C_BABJ_P_ACHN_CREF000_20260220031200_12.2_54.2_73.0_135.0.png'
6528,Z_RADA_C_BABJ_P_ACHN_CREF000_20260220031800_12.2_54.2_73.0_135.0.png,[Errno 2] No such file or directory: 'D:\\BaiduNetdiskDownload\\气象大模型数据（中南）-20260224\\气象雷达拼图（UTC）\\Z_RADA_C_BABJ_P_ACHN_CREF000_20260220031800_12.2_54.2_73.0_135.0.png'
6529,Z_RADA_C_BABJ_P_ACHN_CREF000_20260220032400_12.2_54.2_73.0_135.0.png,[Errno 2] No such file or directory: 'D:\\BaiduNetdiskDownload\\气象大模型数据（中南）-20260224\\气象雷达拼图（UTC）\\Z_RADA_C_BABJ_P_ACHN_CREF000_20260220032400_12.2_54.2_73.0_135.0.png'
6530,Z_RADA_C_BABJ_P_ACHN_CREF000_20260220033000_12.2_54.2_73.0_135.0.png,[Errno 2] No such file or directory: 'D:\\BaiduNetdiskDownload\\气象大模型数据（中南）-20260224\\气象雷达拼图（UTC）\\Z_RADA_C_BABJ_P_ACHN_CREF000_20260220033000_12.2_54.2_73.0_135.0.png'
6531,Z_RADA_C_BABJ_P_ACHN_CREF000_20260220033600_12.2_54.2_73.0_135.0.png,[Errno 2] No such file or directory: 'D:\\BaiduNetdiskDownload\\气象大模型数据（中南）-20260224\\气象雷达拼图（UTC）\\Z_RADA_C_BABJ_P_ACHN_CREF000_20260220033600_12.2_54.2_73.0_135.0.png'
6532,Z_RADA_C_BABJ_P_ACHN_CREF000_20260220034200_12.2_54.2_73.0_135.0.png,[Errno 2] No such file or directory: 'D:\\BaiduNetdiskDownload\\气象大模型数据（中南）-20260224\\气象雷达拼图（UTC）\\Z_RADA_C_BABJ_P_ACHN_CREF000_20260220034200_12.2_54.2_73.0_135.0.png'
6533,Z_RADA_C_BABJ_P_ACHN_CREF000_20260220034800_12.2_54.2_73.0_135.0.png,[Errno 2] No such file or directory: 'D:\\BaiduNetdiskDownload\\气象大模型数据（中南）-20260224\\气象雷达拼图（UTC）\\Z_RADA_C_BABJ_P_ACHN_CREF000_20260220034800_12.2_54.2_73.0_135.0.png'
6534,Z_RADA_C_BABJ_P_ACHN_CREF000_20260220035400_12.2_54.2_73.0_135.0.png,[Errno 2] No such file or directory: 'D:\\BaiduNetdiskDownload\\气象大模型数据（中南）-20260224\\气象雷达拼图（UTC）\\Z_RADA_C_BABJ_P_ACHN_CREF000_20260220035400_12.2_54.2_73.0_135.0.png'
6535,Z_RADA_C_BABJ_P_ACHN_CREF000_20260220040000_12.2_54.2_73.0_135.0.png,[Errno 2] No such file or directory: 'D:\\BaiduNetdiskDownload\\气象大模型数据（中南）-20260224\\气象雷达拼图（UTC）\\Z_RADA_C_BABJ_P_ACHN_CREF000_20260220040000_12.2_54.2_73.0_135.0.png'
6536,Z_RADA_C_BABJ_P_ACHN_CREF000_20260220040600_12.2_54.2_73.0_135.0.png,[Errno 2] No such file or directory: 'D:\\BaiduNetdiskDownload\\气象大模型数据（中南）-20260224\\气象雷达拼图（UTC）\\Z_RADA_C_BABJ_P_ACHN_CREF000_20260220040600_12.2_54.2_73.0_135.0.png'
6537,Z_RADA_C_BABJ_P_ACHN_CREF000_20260220041200_12.2_54.2_73.0_135.0.png,[Errno 2] No such file or directory: 'D:\\BaiduNetdiskDownload\\气象大模型数据（中南）-20260224\\气象雷达拼图（UTC）\\Z_RADA_C_BABJ_P_ACHN_CREF000_20260220041200_12.2_54.2_73.0_135.0.png'
6538,Z_RADA_C_BABJ_P_ACHN_CREF000_20260220041800_12.2_54.2_73.0_135.0.png,[Errno 2] No such file or directory: 'D:\\BaiduNetdiskDownload\\气象大模型数据（中南）-20260224\\气象雷达拼图（UTC）\\Z_RADA_C_BABJ_P_ACHN_CREF000_20260220041800_12.2_54.2_73.0_135.0.png'
6539,Z_RADA_C_BABJ_P_ACHN_CREF000_20260220042400_12.2_54.2_73.0_135.0.png,[Errno 2] No such file or directory: 'D:\\BaiduNetdiskDownload\\气象大模型数据（中南）-20260224\\气象雷达拼图（UTC）\\Z_RADA_C_BABJ_P_ACHN_CREF000_20260220042400_12.2_54.2_73.0_135.0.png'
6540,Z_RADA_C_BABJ_P_ACHN_CREF000_20260220043000_12.2_54.2_73.0_135.0.png,[Errno 2] No such file or directory: 'D:\\BaiduNetdiskDownload\\气象大模型数据（中南）-20260224\\气象雷达拼图（UTC）\\Z_RADA_C_BABJ_P_ACHN_CREF000_20260220043000_12.2_54.2_73.0_135.0.png'
6541,Z_RADA_C_BABJ_P_ACHN_CREF000_20260220043600_12.2_54.2_73.0_135.0.png,[Errno 2] No such file or directory: 'D:\\BaiduNetdiskDownload\\气象大模型数据（中南）-20260224\\气象雷达拼图（UTC）\\Z_RADA_C_BABJ_P_ACHN_CREF000_20260220043600_12.2_54.2_73.0_135.0.png'
6542,Z_RADA_C_BABJ_P_ACHN_CREF000_20260220044200_12.2_54.2_73.0_135.0.png,[Errno 2] No such file or directory: 'D:\\BaiduNetdiskDownload\\气象大模型数据（中南）-20260224\\气象雷达拼图（UTC）\\Z_RADA_C_BABJ_P_ACHN_CREF000_20260220044200_12.2_54.2_73.0_135.0.png'
6543,Z_RADA_C_BABJ_P_ACHN_CREF000_20260220044800_12.2_54.2_73.0_135.0.png,[Errno 2] No such file or directory: 'D:\\BaiduNetdiskDownload\\气象大模型数据（中南）-20260224\\气象雷达拼图（UTC）\\Z_RADA_C_BABJ_P_ACHN_CREF000_20260220044800_12.2_54.2_73.0_135.0.png'
6544,Z_RADA_C_BABJ_P_ACHN_CREF000_20260220045400_12.2_54.2_73.0_135.0.png,[Errno 2] No such file or directory: 'D:\\BaiduNetdiskDownload\\气象大模型数据（中南）-20260224\\气象雷达拼图（UTC）\\Z_RADA_C_BABJ_P_ACHN_CREF000_20260220045400_12.2_54.2_73.0_135.0.png'
6545,Z_RADA_C_BABJ_P_ACHN_CREF000_20260220050000_12.2_54.2_73.0_135.0.png,[Errno 2] No such file or directory: 'D:\\BaiduNetdiskDownload\\气象大模型数据（中南）-20260224\\气象雷达拼图（UTC）\\Z_RADA_C_BABJ_P_ACHN_CREF000_20260220050000_12.2_54.2_73.0_135.0.png'
6546,Z_RADA_C_BABJ_P_ACHN_CREF000_20260220050600_12.2_54.2_73.0_135.0.png,[Errno 2] No such file or directory: 'D:\\BaiduNetdiskDownload\\气象大模型数据（中南）-20260224\\气象雷达拼图（UTC）\\Z_RADA_C_BABJ_P_ACHN_CREF000_20260220050600_12.2_54.2_73.0_135.0.png'
6547,Z_RADA_C_BABJ_P_ACHN_CREF000_20260220051200_12.2_54.2_73.0_135.0.png,[Errno 2] No such file or directory: 'D:\\BaiduNetdiskDownload\\气象大模型数据（中南）-20260224\\气象雷达拼图（UTC）\\Z_RADA_C_BABJ_P_ACHN_CREF000_20260220051200_12.2_54.2_73.0_135.0.png'
6548,Z_RADA_C_BABJ_P_ACHN_CREF000_20260220051800_12.2_54.2_73.0_135.0.png,[Errno 2] No such file or directory: 'D:\\BaiduNetdiskDownload\\气象大模型数据（中南）-20260224\\气象雷达拼图（UTC）\\Z_RADA_C_BABJ_P_ACHN_CREF000_20260220051800_12.2_54.2_73.0_135.0.png'
6549,Z_RADA_C_BABJ_P_ACHN_CREF000_20260220052400_12.2_54.2_73.0_135.0.png,[Errno 2] No such file or directory: 'D:\\BaiduNetdiskDownload\\气象大模型数据（中南）-20260224\\气象雷达拼图（UTC）\\Z_RADA_C_BABJ_P_ACHN_CREF000_20260220052400_12.2_54.2_73.0_135.0.png'
6550,Z_RADA_C_BABJ_P_ACHN_CREF000_20260220053000_12.2_54.2_73.0_135.0.png,[Errno 2] No such file or directory: 'D:\\BaiduNetdiskDownload\\气象大模型数据（中南）-20260224\\气象雷达拼图（UTC）\\Z_RADA_C_BABJ_P_ACHN_CREF000_20260220053000_12.2_54.2_73.0_135.0.png'
6551,Z_RADA_C_BABJ_P_ACHN_CREF000_20260220053600_12.2_54.2_73.0_135.0.png,[Errno 2] No such file or directory: 'D:\\BaiduNetdiskDownload\\气象大模型数据（中南）-20260224\\气象雷达拼图（UTC）\\Z_RADA_C_BABJ_P_ACHN_CREF000_20260220053600_12.2_54.2_73.0_135.0.png'
6552,Z_RADA_C_BABJ_P_ACHN_CREF000_20260220054200_12.2_54.2_73.0_135.0.png,[Errno 2] No such file or directory: 'D:\\BaiduNetdiskDownload\\气象大模型数据（中南）-20260224\\气象雷达拼图（UTC）\\Z_RADA_C_BABJ_P_ACHN_CREF000_20260220054200_12.2_54.2_73.0_135.0.png'
6553,Z_RADA_C_BABJ_P_ACHN_CREF000_20260220054800_12.2_54.2_73.0_135.0.png,[Errno 2] No such file or directory: 'D:\\BaiduNetdiskDownload\\气象大模型数据（中南）-20260224\\气象雷达拼图（UTC）\\Z_RADA_C_BABJ_P_ACHN_CREF000_20260220054800_12.2_54.2_73.0_135.0.png'
6554,Z_RADA_C_BABJ_P_ACHN_CREF000_20260220055400_12.2_54.2_73.0_135.0.png,[Errno 2] No such file or directory: 'D:\\BaiduNetdiskDownload\\气象大模型数据（中南）-20260224\\气象雷达拼图（UTC）\\Z_RADA_C_BABJ_P_ACHN_CREF000_20260220055400_12.2_54.2_73.0_135.0.png'
6555,Z_RADA_C_BABJ_P_ACHN_CREF000_20260220060000_12.2_54.2_73.0_135.0.png,[Errno 2] No such file or directory: 'D:\\BaiduNetdiskDownload\\气象大模型数据（中南）-20260224\\气象雷达拼图（UTC）\\Z_RADA_C_BABJ_P_ACHN_CREF000_20260220060000_12.2_54.2_73.0_135.0.png'
6556,Z_RADA_C_BABJ_P_ACHN_CREF000_20260220060600_12.2_54.2_73.0_135.0.png,[Errno 2] No such file or directory: 'D:\\BaiduNetdiskDownload\\气象大模型数据（中南）-20260224\\气象雷达拼图（UTC）\\Z_RADA_C_BABJ_P_ACHN_CREF000_20260220060600_12.2_54.2_73.0_135.0.png'
6557,Z_RADA_C_BABJ_P_ACHN_CREF000_20260220061200_12.2_54.2_73.0_135.0.png,[Errno 2] No such file or directory: 'D:\\BaiduNetdiskDownload\\气象大模型数据（中南）-20260224\\气象雷达拼图（UTC）\\Z_RADA_C_BABJ_P_ACHN_CREF000_20260220061200_12.2_54.2_73.0_135.0.png'
6558,Z_RADA_C_BABJ_P_ACHN_CREF000_20260220061800_12.2_54.2_73.0_135.0.png,[Errno 2] No such file or directory: 'D:\\BaiduNetdiskDownload\\气象大模型数据（中南）-20260224\\气象雷达拼图（UTC）\\Z_RADA_C_BABJ_P_ACHN_CREF000_20260220061800_12.2_54.2_73.0_135.0.png'
6559,Z_RADA_C_BABJ_P_ACHN_CREF000_20260220062400_12.2_54.2_73.0_135.0.png,[Errno 2] No such file or directory: 'D:\\BaiduNetdiskDownload\\气象大模型数据（中南）-20260224\\气象雷达拼图（UTC）\\Z_RADA_C_BABJ_P_ACHN_CREF000_20260220062400_12.2_54.2_73.0_135.0.png'
6560,Z_RADA_C_BABJ_P_ACHN_CREF000_20260220063000_12.2_54.2_73.0_135.0.png,[Errno 2] No such file or directory: 'D:\\BaiduNetdiskDownload\\气象大模型数据（中南）-20260224\\气象雷达拼图（UTC）\\Z_RADA_C_BABJ_P_ACHN_CREF000_20260220063000_12.2_54.2_73.0_135.0.png'
6561,Z_RADA_C_BABJ_P_ACHN_CREF000_20260220063600_12.2_54.2_73.0_135.0.png,[Errno 2] No such file or directory: 'D:\\BaiduNetdiskDownload\\气象大模型数据（中南）-20260224\\气象雷达拼图（UTC）\\Z_RADA_C_BABJ_P_ACHN_CREF000_20260220063600_12.2_54.2_73.0_135.0.png'
6562,Z_RADA_C_BABJ_P_ACHN_CREF000_20260220064200_12.2_54.2_73.0_135.0.png,[Errno 2] No such file or directory: 'D:\\BaiduNetdiskDownload\\气象大模型数据（中南）-20260224\\气象雷达拼图（UTC）\\Z_RADA_C_BABJ_P_ACHN_CREF000_20260220064200_12.2_54.2_73.0_135.0.png'
6563,Z_RADA_C_BABJ_P_ACHN_CREF000_20260220064800_12.2_54.2_73.0_135.0.png,[Errno 2] No such file or directory: 'D:\\BaiduNetdiskDownload\\气象大模型数据（中南）-20260224\\气象雷达拼图（UTC）\\Z_RADA_C_BABJ_P_ACHN_CREF000_20260220064800_12.2_54.2_73.0_135.0.png'
6564,Z_RADA_C_BABJ_P_ACHN_CREF000_20260220065400_12.2_54.2_73.0_135.0.png,[Errno 2] No such file or directory: 'D:\\BaiduNetdiskDownload\\气象大模型数据（中南）-20260224\\气象雷达拼图（UTC）\\Z_RADA_C_BABJ_P_ACHN_CREF000_20260220065400_12.2_54.2_73.0_135.0.png'
6565,Z_RADA_C_BABJ_P_ACHN_CREF000_20260220070000_12.2_54.2_73.0_135.0.png,[Errno 2] No such file or directory: 'D:\\BaiduNetdiskDownload\\气象大模型数据（中南）-20260224\\气象雷达拼图（UTC）\\Z_RADA_C_BABJ_P_ACHN_CREF000_20260220070000_12.2_54.2_73.0_135.0.png'
6566,Z_RADA_C_BABJ_P_ACHN_CREF000_20260220070600_12.2_54.2_73.0_135.0.png,[Errno 2] No such file or directory: 'D:\\BaiduNetdiskDownload\\气象大模型数据（中南）-20260224\\气象雷达拼图（UTC）\\Z_RADA_C_BABJ_P_ACHN_CREF000_20260220070600_12.2_54.2_73.0_135.0.png'
6567,Z_RADA_C_BABJ_P_ACHN_CREF000_20260220071200_12.2_54.2_73.0_135.0.png,[Errno 2] No such file or directory: 'D:\\BaiduNetdiskDownload\\气象大模型数据（中南）-20260224\\气象雷达拼图（UTC）\\Z_RADA_C_BABJ_P_ACHN_CREF000_20260220071200_12.2_54.2_73.0_135.0.png'
6568,Z_RADA_C_BABJ_P_ACHN_CREF000_20260220071800_12.2_54.2_73.0_135.0.png,[Errno 2] No such file or directory: 'D:\\BaiduNetdiskDownload\\气象大模型数据（中南）-20260224\\气象雷达拼图（UTC）\\Z_RADA_C_BABJ_P_ACHN_CREF000_20260220071800_12.2_54.2_73.0_135.0.png'
6569,Z_RADA_C_BABJ_P_ACHN_CREF000_20260220072400_12.2_54.2_73.0_135.0.png,[Errno 2] No such file or directory: 'D:\\BaiduNetdiskDownload\\气象大模型数据（中南）-20260224\\气象雷达拼图（UTC）\\Z_RADA_C_BABJ_P_ACHN_CREF000_20260220072400_12.2_54.2_73.0_135.0.png'
6570,Z_RADA_C_BABJ_P_ACHN_CREF000_20260220073000_12.2_54.2_73.0_135.0.png,[Errno 2] No such file or directory: 'D:\\BaiduNetdiskDownload\\气象大模型数据（中南）-20260224\\气象雷达拼图（UTC）\\Z_RADA_C_BABJ_P_ACHN_CREF000_20260220073000_12.2_54.2_73.0_135.0.png'
6571,Z_RADA_C_BABJ_P_ACHN_CREF000_20260220073600_12.2_54.2_73.0_135.0.png,[Errno 2] No such file or directory: 'D:\\BaiduNetdiskDownload\\气象大模型数据（中南）-20260224\\气象雷达拼图（UTC）\\Z_RADA_C_BABJ_P_ACHN_CREF000_20260220073600_12.2_54.2_73.0_135.0.png'
6572,Z_RADA_C_BABJ_P_ACHN_CREF000_20260220074200_12.2_54.2_73.0_135.0.png,[Errno 2] No such file or directory: 'D:\\BaiduNetdiskDownload\\气象大模型数据（中南）-20260224\\气象雷达拼图（UTC）\\Z_RADA_C_BABJ_P_ACHN_CREF000_20260220074200_12.2_54.2_73.0_135.0.png'
6573,Z_RADA_C_BABJ_P_ACHN_CREF000_20260220074800_12.2_54.2_73.0_135.0.png,[Errno 2] No such file or directory: 'D:\\BaiduNetdiskDownload\\气象大模型数据（中南）-20260224\\气象雷达拼图（UTC）\\Z_RADA_C_BABJ_P_ACHN_CREF000_20260220074800_12.2_54.2_73.0_135.0.png'
6574,Z_RADA_C_BABJ_P_ACHN_CREF000_20260220075400_12.2_54.2_73.0_135.0.png,[Errno 2] No such file or directory: 'D:\\BaiduNetdiskDownload\\气象大模型数据（中南）-20260224\\气象雷达拼图（UTC）\\Z_RADA_C_BABJ_P_ACHN_CREF000_20260220075400_12.2_54.2_73.0_135.0.png'
6575,Z_RADA_C_BABJ_P_ACHN_CREF000_20260220080000_12.2_54.2_73.0_135.0.png,[Errno 2] No such file or directory: 'D:\\BaiduNetdiskDownload\\气象大模型数据（中南）-20260224\\气象雷达拼图（UTC）\\Z_RADA_C_BABJ_P_ACHN_CREF000_20260220080000_12.2_54.2_73.0_135.0.png'
6576,Z_RADA_C_BABJ_P_ACHN_CREF000_20260220080600_12.2_54.2_73.0_135.0.png,[Errno 2] No such file or directory: 'D:\\BaiduNetdiskDownload\\气象大模型数据（中南）-20260224\\气象雷达拼图（UTC）\\Z_RADA_C_BABJ_P_ACHN_CREF000_20260220080600_12.2_54.2_73.0_135.0.png'
6577,Z_RADA_C_BABJ_P_ACHN_CREF000_20260220081200_12.2_54.2_73.0_135.0.png,[Errno 2] No such file or directory: 'D:\\BaiduNetdiskDownload\\气象大模型数据（中南）-20260224\\气象雷达拼图（UTC）\\Z_RADA_C_BABJ_P_ACHN_CREF000_20260220081200_12.2_54.2_73.0_135.0.png'
6578,Z_RADA_C_BABJ_P_ACHN_CREF000_20260220081800_12.2_54.2_73.0_135.0.png,[Errno 2] No such file or directory: 'D:\\BaiduNetdiskDownload\\气象大模型数据（中南）-20260224\\气象雷达拼图（UTC）\\Z_RADA_C_BABJ_P_ACHN_CREF000_20260220081800_12.2_54.2_73.0_135.0.png'
6579,Z_RADA_C_BABJ_P_ACHN_CREF000_20260220082400_12.2_54.2_73.0_135.0.png,[Errno 2] No such file or directory: 'D:\\BaiduNetdiskDownload\\气象大模型数据（中南）-20260224\\气象雷达拼图（UTC）\\Z_RADA_C_BABJ_P_ACHN_CREF000_20260220082400_12.2_54.2_73.0_135.0.png'
6580,Z_RADA_C_BABJ_P_ACHN_CREF000_20260220083000_12.2_54.2_73.0_135.0.png,[Errno 2] No such file or directory: 'D:\\BaiduNetdiskDownload\\气象大模型数据（中南）-20260224\\气象雷达拼图（UTC）\\Z_RADA_C_BABJ_P_ACHN_CREF000_20260220083000_12.2_54.2_73.0_135.0.png'
6581,Z_RADA_C_BABJ_P_ACHN_CREF000_20260220083600_12.2_54.2_73.0_135.0.png,[Errno 2] No such file or directory: 'D:\\BaiduNetdiskDownload\\气象大模型数据（中南）-20260224\\气象雷达拼图（UTC）\\Z_RADA_C_BABJ_P_ACHN_CREF000_20260220083600_12.2_54.2_73.0_135.0.png'
6582,Z_RADA_C_BABJ_P_ACHN_CREF000_20260220084200_12.2_54.2_73.0_135.0.png,[Errno 2] No such file or directory: 'D:\\BaiduNetdiskDownload\\气象大模型数据（中南）-20260224\\气象雷达拼图（UTC）\\Z_RADA_C_BABJ_P_ACHN_CREF000_20260220084200_12.2_54.2_73.0_135.0.png'
6583,Z_RADA_C_BABJ_P_ACHN_CREF000_20260220084800_12.2_54.2_73.0_135.0.png,[Errno 2] No such file or directory: 'D:\\BaiduNetdiskDownload\\气象大模型数据（中南）-20260224\\气象雷达拼图（UTC）\\Z_RADA_C_BABJ_P_ACHN_CREF000_20260220084800_12.2_54.2_73.0_135.0.png'
6584,Z_RADA_C_BABJ_P_ACHN_CREF000_20260220085400_12.2_54.2_73.0_135.0.png,[Errno 2] No such file or directory: 'D:\\BaiduNetdiskDownload\\气象大模型数据（中南）-20260224\\气象雷达拼图（UTC）\\Z_RADA_C_BABJ_P_ACHN_CREF000_20260220085400_12.2_54.2_73.0_135.0.png'
6585,Z_RADA_C_BABJ_P_ACHN_CREF000_20260220090000_12.2_54.2_73.0_135.0.png,[Errno 2] No such file or directory: 'D:\\BaiduNetdiskDownload\\气象大模型数据（中南）-20260224\\气象雷达拼图（UTC）\\Z_RADA_C_BABJ_P_ACHN_CREF000_20260220090000_12.2_54.2_73.0_135.0.png'
6586,Z_RADA_C_BABJ_P_ACHN_CREF000_20260220090600_12.2_54.2_73.0_135.0.png,[Errno 2] No such file or directory: 'D:\\BaiduNetdiskDownload\\气象大模型数据（中南）-20260224\\气象雷达拼图（UTC）\\Z_RADA_C_BABJ_P_ACHN_CREF000_20260220090600_12.2_54.2_73.0_135.0.png'
6587,Z_RADA_C_BABJ_P_ACHN_CREF000_20260220091200_12.2_54.2_73.0_135.0.png,[Errno 2] No such file or directory: 'D:\\BaiduNetdiskDownload\\气象大模型数据（中南）-20260224\\气象雷达拼图（UTC）\\Z_RADA_C_BABJ_P_ACHN_CREF000_20260220091200_12.2_54.2_73.0_135.0.png'
6588,Z_RADA_C_BABJ_P_ACHN_CREF000_20260220091800_12.2_54.2_73.0_135.0.png,[Errno 2] No such file or directory: 'D:\\BaiduNetdiskDownload\\气象大模型数据（中南）-20260224\\气象雷达拼图（UTC）\\Z_RADA_C_BABJ_P_ACHN_CREF000_20260220091800_12.2_54.2_73.0_135.0.png'
6589,Z_RADA_C_BABJ_P_ACHN_CREF000_20260220092400_12.2_54.2_73.0_135.0.png,[Errno 2] No such file or directory: 'D:\\BaiduNetdiskDownload\\气象大模型数据（中南）-20260224\\气象雷达拼图（UTC）\\Z_RADA_C_BABJ_P_ACHN_CREF000_20260220092400_12.2_54.2_73.0_135.0.png'
6590,Z_RADA_C_BABJ_P_ACHN_CREF000_20260220093000_12.2_54.2_73.0_135.0.png,[Errno 2] No such file or directory: 'D:\\BaiduNetdiskDownload\\气象大模型数据（中南）-20260224\\气象雷达拼图（UTC）\\Z_RADA_C_BABJ_P_ACHN_CREF000_20260220093000_12.2_54.2_73.0_135.0.png'
6591,Z_RADA_C_BABJ_P_ACHN_CREF000_20260220093600_12.2_54.2_73.0_135.0.png,[Errno 2] No such file or directory: 'D:\\BaiduNetdiskDownload\\气象大模型数据（中南）-20260224\\气象雷达拼图（UTC）\\Z_RADA_C_BABJ_P_ACHN_CREF000_20260220093600_12.2_54.2_73.0_135.0.png'
6592,Z_RADA_C_BABJ_P_ACHN_CREF000_20260220094200_12.2_54.2_73.0_135.0.png,[Errno 2] No such file or directory: 'D:\\BaiduNetdiskDownload\\气象大模型数据（中南）-20260224\\气象雷达拼图（UTC）\\Z_RADA_C_BABJ_P_ACHN_CREF000_20260220094200_12.2_54.2_73.0_135.0.png'
6593,Z_RADA_C_BABJ_P_ACHN_CREF000_20260220094800_12.2_54.2_73.0_135.0.png,[Errno 2] No such file or directory: 'D:\\BaiduNetdiskDownload\\气象大模型数据（中南）-20260224\\气象雷达拼图（UTC）\\Z_RADA_C_BABJ_P_ACHN_CREF000_20260220094800_12.2_54.2_73.0_135.0.png'
6594,Z_RADA_C_BABJ_P_ACHN_CREF000_20260220095400_12.2_54.2_73.0_135.0.png,[Errno 2] No such file or directory: 'D:\\BaiduNetdiskDownload\\气象大模型数据（中南）-20260224\\气象雷达拼图（UTC）\\Z_RADA_C_BABJ_P_ACHN_CREF000_20260220095400_12.2_54.2_73.0_135.0.png'
6595,Z_RADA_C_BABJ_P_ACHN_CREF000_20260220100000_12.2_54.2_73.0_135.0.png,[Errno 2] No such file or directory: 'D:\\BaiduNetdiskDownload\\气象大模型数据（中南）-20260224\\气象雷达拼图（UTC）\\Z_RADA_C_BABJ_P_ACHN_CREF000_20260220100000_12.2_54.2_73.0_135.0.png'
6596,Z_RADA_C_BABJ_P_ACHN_CREF000_20260220100600_12.2_54.2_73.0_135.0.png,[Errno 2] No such file or directory: 'D:\\BaiduNetdiskDownload\\气象大模型数据（中南）-20260224\\气象雷达拼图（UTC）\\Z_RADA_C_BABJ_P_ACHN_CREF000_20260220100600_12.2_54.2_73.0_135.0.png'
6597,Z_RADA_C_BABJ_P_ACHN_CREF000_20260220101200_12.2_54.2_73.0_135.0.png,[Errno 2] No such file or directory: 'D:\\BaiduNetdiskDownload\\气象大模型数据（中南）-20260224\\气象雷达拼图（UTC）\\Z_RADA_C_BABJ_P_ACHN_CREF000_20260220101200_12.2_54.2_73.0_135.0.png'
6598,Z_RADA_C_BABJ_P_ACHN_CREF000_20260220101800_12.2_54.2_73.0_135.0.png,[Errno 2] No such file or directory: 'D:\\BaiduNetdiskDownload\\气象大模型数据（中南）-20260224\\气象雷达拼图（UTC）\\Z_RADA_C_BABJ_P_ACHN_CREF000_20260220101800_12.2_54.2_73.0_135.0.png'
6599,Z_RADA_C_BABJ_P_ACHN_CREF000_20260220102400_12.2_54.2_73.0_135.0.png,[Errno 2] No such file or directory: 'D:\\BaiduNetdiskDownload\\气象大模型数据（中南）-20260224\\气象雷达拼图（UTC）\\Z_RADA_C_BABJ_P_ACHN_CREF000_20260220102400_12.2_54.2_73.0_135.0.png'
6600,Z_RADA_C_BABJ_P_ACHN_CREF000_20260220103000_12.2_54.2_73.0_135.0.png,[Errno 2] No such file or directory: 'D:\\BaiduNetdiskDownload\\气象大模型数据（中南）-20260224\\气象雷达拼图（UTC）\\Z_RADA_C_BABJ_P_ACHN_CREF000_20260220103000_12.2_54.2_73.0_135.0.png'
6601,Z_RADA_C_BABJ_P_ACHN_CREF000_20260220103600_12.2_54.2_73.0_135.0.png,[Errno 2] No such file or directory: 'D:\\BaiduNetdiskDownload\\气象大模型数据（中南）-20260224\\气象雷达拼图（UTC）\\Z_RADA_C_BABJ_P_ACHN_CREF000_20260220103600_12.2_54.2_73.0_135.0.png'
6602,Z_RADA_C_BABJ_P_ACHN_CREF000_20260220104200_12.2_54.2_73.0_135.0.png,[Errno 2] No such file or directory: 'D:\\BaiduNetdiskDownload\\气象大模型数据（中南）-20260224\\气象雷达拼图（UTC）\\Z_RADA_C_BABJ_P_ACHN_CREF000_20260220104200_12.2_54.2_73.0_135.0.png'
6603,Z_RADA_C_BABJ_P_ACHN_CREF000_20260220104800_12.2_54.2_73.0_135.0.png,[Errno 2] No such file or directory: 'D:\\BaiduNetdiskDownload\\气象大模型数据（中南）-20260224\\气象雷达拼图（UTC）\\Z_RADA_C_BABJ_P_ACHN_CREF000_20260220104800_12.2_54.2_73.0_135.0.png'
6604,Z_RADA_C_BABJ_P_ACHN_CREF000_20260220105400_12.2_54.2_73.0_135.0.png,[Errno 2] No such file or directory: 'D:\\BaiduNetdiskDownload\\气象大模型数据（中南）-20260224\\气象雷达拼图（UTC）\\Z_RADA_C_BABJ_P_ACHN_CREF000_20260220105400_12.2_54.2_73.0_135.0.png'
6605,Z_RADA_C_BABJ_P_ACHN_CREF000_20260220110000_12.2_54.2_73.0_135.0.png,[Errno 2] No such file or directory: 'D:\\BaiduNetdiskDownload\\气象大模型数据（中南）-20260224\\气象雷达拼图（UTC）\\Z_RADA_C_BABJ_P_ACHN_CREF000_20260220110000_12.2_54.2_73.0_135.0.png'
6606,Z_RADA_C_BABJ_P_ACHN_CREF000_20260220110600_12.2_54.2_73.0_135.0.png,[Errno 2] No such file or directory: 'D:\\BaiduNetdiskDownload\\气象大模型数据（中南）-20260224\\气象雷达拼图（UTC）\\Z_RADA_C_BABJ_P_ACHN_CREF000_20260220110600_12.2_54.2_73.0_135.0.png'
6607,Z_RADA_C_BABJ_P_ACHN_CREF000_20260220111200_12.2_54.2_73.0_135.0.png,[Errno 2] No such file or directory: 'D:\\BaiduNetdiskDownload\\气象大模型数据（中南）-20260224\\气象雷达拼图（UTC）\\Z_RADA_C_BABJ_P_ACHN_CREF000_20260220111200_12.2_54.2_73.0_135.0.png'
6608,Z_RADA_C_BABJ_P_ACHN_CREF000_20260220111800_12.2_54.2_73.0_135.0.png,[Errno 2] No such file or directory: 'D:\\BaiduNetdiskDownload\\气象大模型数据（中南）-20260224\\气象雷达拼图（UTC）\\Z_RADA_C_BABJ_P_ACHN_CREF000_20260220111800_12.2_54.2_73.0_135.0.png'
6609,Z_RADA_C_BABJ_P_ACHN_CREF000_20260220112400_12.2_54.2_73.0_135.0.png,[Errno 2] No such file or directory: 'D:\\BaiduNetdiskDownload\\气象大模型数据（中南）-20260224\\气象雷达拼图（UTC）\\Z_RADA_C_BABJ_P_ACHN_CREF000_20260220112400_12.2_54.2_73.0_135.0.png'
6610,Z_RADA_C_BABJ_P_ACHN_CREF000_20260220113000_12.2_54.2_73.0_135.0.png,[Errno 2] No such file or directory: 'D:\\BaiduNetdiskDownload\\气象大模型数据（中南）-20260224\\气象雷达拼图（UTC）\\Z_RADA_C_BABJ_P_ACHN_CREF000_20260220113000_12.2_54.2_73.0_135.0.png'
6611,Z_RADA_C_BABJ_P_ACHN_CREF000_20260220113600_12.2_54.2_73.0_135.0.png,[Errno 2] No such file or directory: 'D:\\BaiduNetdiskDownload\\气象大模型数据（中南）-20260224\\气象雷达拼图（UTC）\\Z_RADA_C_BABJ_P_ACHN_CREF000_20260220113600_12.2_54.2_73.0_135.0.png'
6612,Z_RADA_C_BABJ_P_ACHN_CREF000_20260220114200_12.2_54.2_73.0_135.0.png,[Errno 2] No such file or directory: 'D:\\BaiduNetdiskDownload\\气象大模型数据（中南）-20260224\\气象雷达拼图（UTC）\\Z_RADA_C_BABJ_P_ACHN_CREF000_20260220114200_12.2_54.2_73.0_135.0.png'
6613,Z_RADA_C_BABJ_P_ACHN_CREF000_20260220114800_12.2_54.2_73.0_135.0.png,[Errno 2] No such file or directory: 'D:\\BaiduNetdiskDownload\\气象大模型数据（中南）-20260224\\气象雷达拼图（UTC）\\Z_RADA_C_BABJ_P_ACHN_CREF000_20260220114800_12.2_54.2_73.0_135.0.png'
6614,Z_RADA_C_BABJ_P_ACHN_CREF000_20260220115400_12.2_54.2_73.0_135.0.png,[Errno 2] No such file or directory: 'D:\\BaiduNetdiskDownload\\气象大模型数据（中南）-20260224\\气象雷达拼图（UTC）\\Z_RADA_C_BABJ_P_ACHN_CREF000_20260220115400_12.2_54.2_73.0_135.0.png'
6615,Z_RADA_C_BABJ_P_ACHN_CREF000_20260220120000_12.2_54.2_73.0_135.0.png,[Errno 2] No such file or directory: 'D:\\BaiduNetdiskDownload\\气象大模型数据（中南）-20260224\\气象雷达拼图（UTC）\\Z_RADA_C_BABJ_P_ACHN_CREF000_20260220120000_12.2_54.2_73.0_135.0.png'
6616,Z_RADA_C_BABJ_P_ACHN_CREF000_20260220120600_12.2_54.2_73.0_135.0.png,[Errno 2] No such file or directory: 'D:\\BaiduNetdiskDownload\\气象大模型数据（中南）-20260224\\气象雷达拼图（UTC）\\Z_RADA_C_BABJ_P_ACHN_CREF000_20260220120600_12.2_54.2_73.0_135.0.png'
6617,Z_RADA_C_BABJ_P_ACHN_CREF000_20260220121200_12.2_54.2_73.0_135.0.png,[Errno 2] No such file or directory: 'D:\\BaiduNetdiskDownload\\气象大模型数据（中南）-20260224\\气象雷达拼图（UTC）\\Z_RADA_C_BABJ_P_ACHN_CREF000_20260220121200_12.2_54.2_73.0_135.0.png'
6618,Z_RADA_C_BABJ_P_ACHN_CREF000_20260220121800_12.2_54.2_73.0_135.0.png,[Errno 2] No such file or directory: 'D:\\BaiduNetdiskDownload\\气象大模型数据（中南）-20260224\\气象雷达拼图（UTC）\\Z_RADA_C_BABJ_P_ACHN_CREF000_20260220121800_12.2_54.2_73.0_135.0.png'
6619,Z_RADA_C_BABJ_P_ACHN_CREF000_20260220122400_12.2_54.2_73.0_135.0.png,[Errno 2] No such file or directory: 'D:\\BaiduNetdiskDownload\\气象大模型数据（中南）-20260224\\气象雷达拼图（UTC）\\Z_RADA_C_BABJ_P_ACHN_CREF000_20260220122400_12.2_54.2_73.0_135.0.png'
6620,Z_RADA_C_BABJ_P_ACHN_CREF000_20260220123000_12.2_54.2_73.0_135.0.png,[Errno 2] No such file or directory: 'D:\\BaiduNetdiskDownload\\气象大模型数据（中南）-20260224\\气象雷达拼图（UTC）\\Z_RADA_C_BABJ_P_ACHN_CREF000_20260220123000_12.2_54.2_73.0_135.0.png'
6621,Z_RADA_C_BABJ_P_ACHN_CREF000_20260220123600_12.2_54.2_73.0_135.0.png,[Errno 2] No such file or directory: 'D:\\BaiduNetdiskDownload\\气象大模型数据（中南）-20260224\\气象雷达拼图（UTC）\\Z_RADA_C_BABJ_P_ACHN_CREF000_20260220123600_12.2_54.2_73.0_135.0.png'
6622,Z_RADA_C_BABJ_P_ACHN_CREF000_20260220124200_12.2_54.2_73.0_135.0.png,[Errno 2] No such file or directory: 'D:\\BaiduNetdiskDownload\\气象大模型数据（中南）-20260224\\气象雷达拼图（UTC）\\Z_RADA_C_BABJ_P_ACHN_CREF000_20260220124200_12.2_54.2_73.0_135.0.png'
6623,Z_RADA_C_BABJ_P_ACHN_CREF000_20260220124800_12.2_54.2_73.0_135.0.png,[Errno 2] No such file or directory: 'D:\\BaiduNetdiskDownload\\气象大模型数据（中南）-20260224\\气象雷达拼图（UTC）\\Z_RADA_C_BABJ_P_ACHN_CREF000_20260220124800_12.2_54.2_73.0_135.0.png'
6624,Z_RADA_C_BABJ_P_ACHN_CREF000_20260220125400_12.2_54.2_73.0_135.0.png,[Errno 2] No such file or directory: 'D:\\BaiduNetdiskDownload\\气象大模型数据（中南）-20260224\\气象雷达拼图（UTC）\\Z_RADA_C_BABJ_P_ACHN_CREF000_20260220125400_12.2_54.2_73.0_135.0.png'
6625,Z_RADA_C_BABJ_P_ACHN_CREF000_20260220130000_12.2_54.2_73.0_135.0.png,[Errno 2] No such file or directory: 'D:\\BaiduNetdiskDownload\\气象大模型数据（中南）-20260224\\气象雷达拼图（UTC）\\Z_RADA_C_BABJ_P_ACHN_CREF000_20260220130000_12.2_54.2_73.0_135.0.png'
6626,Z_RADA_C_BABJ_P_ACHN_CREF000_20260220130600_12.2_54.2_73.0_135.0.png,[Errno 2] No such file or directory: 'D:\\BaiduNetdiskDownload\\气象大模型数据（中南）-20260224\\气象雷达拼图（UTC）\\Z_RADA_C_BABJ_P_ACHN_CREF000_20260220130600_12.2_54.2_73.0_135.0.png'
6627,Z_RADA_C_BABJ_P_ACHN_CREF000_20260220131200_12.2_54.2_73.0_135.0.png,[Errno 2] No such file or directory: 'D:\\BaiduNetdiskDownload\\气象大模型数据（中南）-20260224\\气象雷达拼图（UTC）\\Z_RADA_C_BABJ_P_ACHN_CREF000_20260220131200_12.2_54.2_73.0_135.0.png'
6628,Z_RADA_C_BABJ_P_ACHN_CREF000_20260220131800_12.2_54.2_73.0_135.0.png,[Errno 2] No such file or directory: 'D:\\BaiduNetdiskDownload\\气象大模型数据（中南）-20260224\\气象雷达拼图（UTC）\\Z_RADA_C_BABJ_P_ACHN_CREF000_20260220131800_12.2_54.2_73.0_135.0.png'
6629,Z_RADA_C_BABJ_P_ACHN_CREF000_20260220132400_12.2_54.2_73.0_135.0.png,[Errno 2] No such file or directory: 'D:\\BaiduNetdiskDownload\\气象大模型数据（中南）-20260224\\气象雷达拼图（UTC）\\Z_RADA_C_BABJ_P_ACHN_CREF000_20260220132400_12.2_54.2_73.0_135.0.png'
6630,Z_RADA_C_BABJ_P_ACHN_CREF000_20260220133000_12.2_54.2_73.0_135.0.png,[Errno 2] No such file or directory: 'D:\\BaiduNetdiskDownload\\气象大模型数据（中南）-20260224\\气象雷达拼图（UTC）\\Z_RADA_C_BABJ_P_ACHN_CREF000_20260220133000_12.2_54.2_73.0_135.0.png'
6631,Z_RADA_C_BABJ_P_ACHN_CREF000_20260220133600_12.2_54.2_73.0_135.0.png,[Errno 2] No such file or directory: 'D:\\BaiduNetdiskDownload\\气象大模型数据（中南）-20260224\\气象雷达拼图（UTC）\\Z_RADA_C_BABJ_P_ACHN_CREF000_20260220133600_12.2_54.2_73.0_135.0.png'
6632,Z_RADA_C_BABJ_P_ACHN_CREF000_20260220134200_12.2_54.2_73.0_135.0.png,[Errno 2] No such file or directory: 'D:\\BaiduNetdiskDownload\\气象大模型数据（中南）-20260224\\气象雷达拼图（UTC）\\Z_RADA_C_BABJ_P_ACHN_CREF000_20260220134200_12.2_54.2_73.0_135.0.png'
6633,Z_RADA_C_BABJ_P_ACHN_CREF000_20260220134800_12.2_54.2_73.0_135.0.png,[Errno 2] No such file or directory: 'D:\\BaiduNetdiskDownload\\气象大模型数据（中南）-20260224\\气象雷达拼图（UTC）\\Z_RADA_C_BABJ_P_ACHN_CREF000_20260220134800_12.2_54.2_73.0_135.0.png'
6634,Z_RADA_C_BABJ_P_ACHN_CREF000_20260220135400_12.2_54.2_73.0_135.0.png,[Errno 2] No such file or directory: 'D:\\BaiduNetdiskDownload\\气象大模型数据（中南）-20260224\\气象雷达拼图（UTC）\\Z_RADA_C_BABJ_P_ACHN_CREF000_20260220135400_12.2_54.2_73.0_135.0.png'
6635,Z_RADA_C_BABJ_P_ACHN_CREF000_20260220140000_12.2_54.2_73.0_135.0.png,[Errno 2] No such file or directory: 'D:\\BaiduNetdiskDownload\\气象大模型数据（中南）-20260224\\气象雷达拼图（UTC）\\Z_RADA_C_BABJ_P_ACHN_CREF000_20260220140000_12.2_54.2_73.0_135.0.png'
6636,Z_RADA_C_BABJ_P_ACHN_CREF000_20260220140600_12.2_54.2_73.0_135.0.png,[Errno 2] No such file or directory: 'D:\\BaiduNetdiskDownload\\气象大模型数据（中南）-20260224\\气象雷达拼图（UTC）\\Z_RADA_C_BABJ_P_ACHN_CREF000_20260220140600_12.2_54.2_73.0_135.0.png'
6637,Z_RADA_C_BABJ_P_ACHN_CREF000_20260220141200_12.2_54.2_73.0_135.0.png,[Errno 2] No such file or directory: 'D:\\BaiduNetdiskDownload\\气象大模型数据（中南）-20260224\\气象雷达拼图（UTC）\\Z_RADA_C_BABJ_P_ACHN_CREF000_20260220141200_12.2_54.2_73.0_135.0.png'
6638,Z_RADA_C_BABJ_P_ACHN_CREF000_20260220141800_12.2_54.2_73.0_135.0.png,[Errno 2] No such file or directory: 'D:\\BaiduNetdiskDownload\\气象大模型数据（中南）-20260224\\气象雷达拼图（UTC）\\Z_RADA_C_BABJ_P_ACHN_CREF000_20260220141800_12.2_54.2_73.0_135.0.png'
6639,Z_RADA_C_BABJ_P_ACHN_CREF000_20260220142400_12.2_54.2_73.0_135.0.png,[Errno 2] No such file or directory: 'D:\\BaiduNetdiskDownload\\气象大模型数据（中南）-20260224\\气象雷达拼图（UTC）\\Z_RADA_C_BABJ_P_ACHN_CREF000_20260220142400_12.2_54.2_73.0_135.0.png'
6640,Z_RADA_C_BABJ_P_ACHN_CREF000_20260220143000_12.2_54.2_73.0_135.0.png,[Errno 2] No such file or directory: 'D:\\BaiduNetdiskDownload\\气象大模型数据（中南）-20260224\\气象雷达拼图（UTC）\\Z_RADA_C_BABJ_P_ACHN_CREF000_20260220143000_12.2_54.2_73.0_135.0.png'
6641,Z_RADA_C_BABJ_P_ACHN_CREF000_20260220143600_12.2_54.2_73.0_135.0.png,[Errno 2] No such file or directory: 'D:\\BaiduNetdiskDownload\\气象大模型数据（中南）-20260224\\气象雷达拼图（UTC）\\Z_RADA_C_BABJ_P_ACHN_CREF000_20260220143600_12.2_54.2_73.0_135.0.png'
6642,Z_RADA_C_BABJ_P_ACHN_CREF000_20260220144200_12.2_54.2_73.0_135.0.png,[Errno 2] No such file or directory: 'D:\\BaiduNetdiskDownload\\气象大模型数据（中南）-20260224\\气象雷达拼图（UTC）\\Z_RADA_C_BABJ_P_ACHN_CREF000_20260220144200_12.2_54.2_73.0_135.0.png'
6643,Z_RADA_C_BABJ_P_ACHN_CREF000_20260220144800_12.2_54.2_73.0_135.0.png,[Errno 2] No such file or directory: 'D:\\BaiduNetdiskDownload\\气象大模型数据（中南）-20260224\\气象雷达拼图（UTC）\\Z_RADA_C_BABJ_P_ACHN_CREF000_20260220144800_12.2_54.2_73.0_135.0.png'
6644,Z_RADA_C_BABJ_P_ACHN_CREF000_20260220145400_12.2_54.2_73.0_135.0.png,[Errno 2] No such file or directory: 'D:\\BaiduNetdiskDownload\\气象大模型数据（中南）-20260224\\气象雷达拼图（UTC）\\Z_RADA_C_BABJ_P_ACHN_CREF000_20260220145400_12.2_54.2_73.0_135.0.png'
6645,Z_RADA_C_BABJ_P_ACHN_CREF000_20260220150000_12.2_54.2_73.0_135.0.png,[Errno 2] No such file or directory: 'D:\\BaiduNetdiskDownload\\气象大模型数据（中南）-20260224\\气象雷达拼图（UTC）\\Z_RADA_C_BABJ_P_ACHN_CREF000_20260220150000_12.2_54.2_73.0_135.0.png'
6646,Z_RADA_C_BABJ_P_ACHN_CREF000_20260220150600_12.2_54.2_73.0_135.0.png,[Errno 2] No such file or directory: 'D:\\BaiduNetdiskDownload\\气象大模型数据（中南）-20260224\\气象雷达拼图（UTC）\\Z_RADA_C_BABJ_P_ACHN_CREF000_20260220150600_12.2_54.2_73.0_135.0.png'
6647,Z_RADA_C_BABJ_P_ACHN_CREF000_20260220151200_12.2_54.2_73.0_135.0.png,[Errno 2] No such file or directory: 'D:\\BaiduNetdiskDownload\\气象大模型数据（中南）-20260224\\气象雷达拼图（UTC）\\Z_RADA_C_BABJ_P_ACHN_CREF000_20260220151200_12.2_54.2_73.0_135.0.png'
6648,Z_RADA_C_BABJ_P_ACHN_CREF000_20260220151800_12.2_54.2_73.0_135.0.png,[Errno 2] No such file or directory: 'D:\\BaiduNetdiskDownload\\气象大模型数据（中南）-20260224\\气象雷达拼图（UTC）\\Z_RADA_C_BABJ_P_ACHN_CREF000_20260220151800_12.2_54.2_73.0_135.0.png'
6649,Z_RADA_C_BABJ_P_ACHN_CREF000_20260220152400_12.2_54.2_73.0_135.0.png,[Errno 2] No such file or directory: 'D:\\BaiduNetdiskDownload\\气象大模型数据（中南）-20260224\\气象雷达拼图（UTC）\\Z_RADA_C_BABJ_P_ACHN_CREF000_20260220152400_12.2_54.2_73.0_135.0.png'
6650,Z_RADA_C_BABJ_P_ACHN_CREF000_20260220153000_12.2_54.2_73.0_135.0.png,[Errno 2] No such file or directory: 'D:\\BaiduNetdiskDownload\\气象大模型数据（中南）-20260224\\气象雷达拼图（UTC）\\Z_RADA_C_BABJ_P_ACHN_CREF000_20260220153000_12.2_54.2_73.0_135.0.png'
6651,Z_RADA_C_BABJ_P_ACHN_CREF000_20260220153600_12.2_54.2_73.0_135.0.png,[Errno 2] No such file or directory: 'D:\\BaiduNetdiskDownload\\气象大模型数据（中南）-20260224\\气象雷达拼图（UTC）\\Z_RADA_C_BABJ_P_ACHN_CREF000_20260220153600_12.2_54.2_73.0_135.0.png'
6652,Z_RADA_C_BABJ_P_ACHN_CREF000_20260220154200_12.2_54.2_73.0_135.0.png,[Errno 2] No such file or directory: 'D:\\BaiduNetdiskDownload\\气象大模型数据（中南）-20260224\\气象雷达拼图（UTC）\\Z_RADA_C_BABJ_P_ACHN_CREF000_20260220154200_12.2_54.2_73.0_135.0.png'
6653,Z_RADA_C_BABJ_P_ACHN_CREF000_20260220154800_12.2_54.2_73.0_135.0.png,[Errno 2] No such file or directory: 'D:\\BaiduNetdiskDownload\\气象大模型数据（中南）-20260224\\气象雷达拼图（UTC）\\Z_RADA_C_BABJ_P_ACHN_CREF000_20260220154800_12.2_54.2_73.0_135.0.png'
6654,Z_RADA_C_BABJ_P_ACHN_CREF000_20260220155400_12.2_54.2_73.0_135.0.png,[Errno 2] No such file or directory: 'D:\\BaiduNetdiskDownload\\气象大模型数据（中南）-20260224\\气象雷达拼图（UTC）\\Z_RADA_C_BABJ_P_ACHN_CREF000_20260220155400_12.2_54.2_73.0_135.0.png'
6655,Z_RADA_C_BABJ_P_ACHN_CREF000_20260220160000_12.2_54.2_73.0_135.0.png,[Errno 2] No such file or directory: 'D:\\BaiduNetdiskDownload\\气象大模型数据（中南）-20260224\\气象雷达拼图（UTC）\\Z_RADA_C_BABJ_P_ACHN_CREF000_20260220160000_12.2_54.2_73.0_135.0.png'
6656,Z_RADA_C_BABJ_P_ACHN_CREF000_20260220160600_12.2_54.2_73.0_135.0.png,[Errno 2] No such file or directory: 'D:\\BaiduNetdiskDownload\\气象大模型数据（中南）-20260224\\气象雷达拼图（UTC）\\Z_RADA_C_BABJ_P_ACHN_CREF000_20260220160600_12.2_54.2_73.0_135.0.png'
6657,Z_RADA_C_BABJ_P_ACHN_CREF000_20260220161200_12.2_54.2_73.0_135.0.png,[Errno 2] No such file or directory: 'D:\\BaiduNetdiskDownload\\气象大模型数据（中南）-20260224\\气象雷达拼图（UTC）\\Z_RADA_C_BABJ_P_ACHN_CREF000_20260220161200_12.2_54.2_73.0_135.0.png'
6658,Z_RADA_C_BABJ_P_ACHN_CREF000_20260220161800_12.2_54.2_73.0_135.0.png,[Errno 2] No such file or directory: 'D:\\BaiduNetdiskDownload\\气象大模型数据（中南）-20260224\\气象雷达拼图（UTC）\\Z_RADA_C_BABJ_P_ACHN_CREF000_20260220161800_12.2_54.2_73.0_135.0.png'
6659,Z_RADA_C_BABJ_P_ACHN_CREF000_20260220162400_12.2_54.2_73.0_135.0.png,[Errno 2] No such file or directory: 'D:\\BaiduNetdiskDownload\\气象大模型数据（中南）-20260224\\气象雷达拼图（UTC）\\Z_RADA_C_BABJ_P_ACHN_CREF000_20260220162400_12.2_54.2_73.0_135.0.png'
6660,Z_RADA_C_BABJ_P_ACHN_CREF000_20260220163000_12.2_54.2_73.0_135.0.png,[Errno 2] No such file or directory: 'D:\\BaiduNetdiskDownload\\气象大模型数据（中南）-20260224\\气象雷达拼图（UTC）\\Z_RADA_C_BABJ_P_ACHN_CREF000_20260220163000_12.2_54.2_73.0_135.0.png'
6661,Z_RADA_C_BABJ_P_ACHN_CREF000_20260220163600_12.2_54.2_73.0_135.0.png,[Errno 2] No such file or directory: 'D:\\BaiduNetdiskDownload\\气象大模型数据（中南）-20260224\\气象雷达拼图（UTC）\\Z_RADA_C_BABJ_P_ACHN_CREF000_20260220163600_12.2_54.2_73.0_135.0.png'
6662,Z_RADA_C_BABJ_P_ACHN_CREF000_20260220164200_12.2_54.2_73.0_135.0.png,[Errno 2] No such file or directory: 'D:\\BaiduNetdiskDownload\\气象大模型数据（中南）-20260224\\气象雷达拼图（UTC）\\Z_RADA_C_BABJ_P_ACHN_CREF000_20260220164200_12.2_54.2_73.0_135.0.png'
6663,Z_RADA_C_BABJ_P_ACHN_CREF000_20260220164800_12.2_54.2_73.0_135.0.png,[Errno 2] No such file or directory: 'D:\\BaiduNetdiskDownload\\气象大模型数据（中南）-20260224\\气象雷达拼图（UTC）\\Z_RADA_C_BABJ_P_ACHN_CREF000_20260220164800_12.2_54.2_73.0_135.0.png'
6664,Z_RADA_C_BABJ_P_ACHN_CREF000_20260220165400_12.2_54.2_73.0_135.0.png,[Errno 2] No such file or directory: 'D:\\BaiduNetdiskDownload\\气象大模型数据（中南）-20260224\\气象雷达拼图（UTC）\\Z_RADA_C_BABJ_P_ACHN_CREF000_20260220165400_12.2_54.2_73.0_135.0.png'
6665,Z_RADA_C_BABJ_P_ACHN_CREF000_20260220170000_12.2_54.2_73.0_135.0.png,[Errno 2] No such file or directory: 'D:\\BaiduNetdiskDownload\\气象大模型数据（中南）-20260224\\气象雷达拼图（UTC）\\Z_RADA_C_BABJ_P_ACHN_CREF000_20260220170000_12.2_54.2_73.0_135.0.png'
6666,Z_RADA_C_BABJ_P_ACHN_CREF000_20260220170600_12.2_54.2_73.0_135.0.png,[Errno 2] No such file or directory: 'D:\\BaiduNetdiskDownload\\气象大模型数据（中南）-20260224\\气象雷达拼图（UTC）\\Z_RADA_C_BABJ_P_ACHN_CREF000_20260220170600_12.2_54.2_73.0_135.0.png'
6667,Z_RADA_C_BABJ_P_ACHN_CREF000_20260220171200_12.2_54.2_73.0_135.0.png,[Errno 2] No such file or directory: 'D:\\BaiduNetdiskDownload\\气象大模型数据（中南）-20260224\\气象雷达拼图（UTC）\\Z_RADA_C_BABJ_P_ACHN_CREF000_20260220171200_12.2_54.2_73.0_135.0.png'
6668,Z_RADA_C_BABJ_P_ACHN_CREF000_20260220171800_12.2_54.2_73.0_135.0.png,[Errno 2] No such file or directory: 'D:\\BaiduNetdiskDownload\\气象大模型数据（中南）-20260224\\气象雷达拼图（UTC）\\Z_RADA_C_BABJ_P_ACHN_CREF000_20260220171800_12.2_54.2_73.0_135.0.png'
6669,Z_RADA_C_BABJ_P_ACHN_CREF000_20260220172400_12.2_54.2_73.0_135.0.png,[Errno 2] No such file or directory: 'D:\\BaiduNetdiskDownload\\气象大模型数据（中南）-20260224\\气象雷达拼图（UTC）\\Z_RADA_C_BABJ_P_ACHN_CREF000_20260220172400_12.2_54.2_73.0_135.0.png'
6670,Z_RADA_C_BABJ_P_ACHN_CREF000_20260220173000_12.2_54.2_73.0_135.0.png,[Errno 2] No such file or directory: 'D:\\BaiduNetdiskDownload\\气象大模型数据（中南）-20260224\\气象雷达拼图（UTC）\\Z_RADA_C_BABJ_P_ACHN_CREF000_20260220173000_12.2_54.2_73.0_135.0.png'
6671,Z_RADA_C_BABJ_P_ACHN_CREF000_20260220173600_12.2_54.2_73.0_135.0.png,[Errno 2] No such file or directory: 'D:\\BaiduNetdiskDownload\\气象大模型数据（中南）-20260224\\气象雷达拼图（UTC）\\Z_RADA_C_BABJ_P_ACHN_CREF000_20260220173600_12.2_54.2_73.0_135.0.png'
6672,Z_RADA_C_BABJ_P_ACHN_CREF000_20260220174200_12.2_54.2_73.0_135.0.png,[Errno 2] No such file or directory: 'D:\\BaiduNetdiskDownload\\气象大模型数据（中南）-20260224\\气象雷达拼图（UTC）\\Z_RADA_C_BABJ_P_ACHN_CREF000_20260220174200_12.2_54.2_73.0_135.0.png'
6673,Z_RADA_C_BABJ_P_ACHN_CREF000_20260220174800_12.2_54.2_73.0_135.0.png,[Errno 2] No such file or directory: 'D:\\BaiduNetdiskDownload\\气象大模型数据（中南）-20260224\\气象雷达拼图（UTC）\\Z_RADA_C_BABJ_P_ACHN_CREF000_20260220174800_12.2_54.2_73.0_135.0.png'
6674,Z_RADA_C_BABJ_P_ACHN_CREF000_20260220175400_12.2_54.2_73.0_135.0.png,[Errno 2] No such file or directory: 'D:\\BaiduNetdiskDownload\\气象大模型数据（中南）-20260224\\气象雷达拼图（UTC）\\Z_RADA_C_BABJ_P_ACHN_CREF000_20260220175400_12.2_54.2_73.0_135.0.png'
6675,Z_RADA_C_BABJ_P_ACHN_CREF000_20260220180000_12.2_54.2_73.0_135.0.png,[Errno 2] No such file or directory: 'D:\\BaiduNetdiskDownload\\气象大模型数据（中南）-20260224\\气象雷达拼图（UTC）\\Z_RADA_C_BABJ_P_ACHN_CREF000_20260220180000_12.2_54.2_73.0_135.0.png'
6676,Z_RADA_C_BABJ_P_ACHN_CREF000_20260220180600_12.2_54.2_73.0_135.0.png,[Errno 2] No such file or directory: 'D:\\BaiduNetdiskDownload\\气象大模型数据（中南）-20260224\\气象雷达拼图（UTC）\\Z_RADA_C_BABJ_P_ACHN_CREF000_20260220180600_12.2_54.2_73.0_135.0.png'
6677,Z_RADA_C_BABJ_P_ACHN_CREF000_20260220181200_12.2_54.2_73.0_135.0.png,[Errno 2] No such file or directory: 'D:\\BaiduNetdiskDownload\\气象大模型数据（中南）-20260224\\气象雷达拼图（UTC）\\Z_RADA_C_BABJ_P_ACHN_CREF000_20260220181200_12.2_54.2_73.0_135.0.png'
6678,Z_RADA_C_BABJ_P_ACHN_CREF000_20260220181800_12.2_54.2_73.0_135.0.png,[Errno 2] No such file or directory: 'D:\\BaiduNetdiskDownload\\气象大模型数据（中南）-20260224\\气象雷达拼图（UTC）\\Z_RADA_C_BABJ_P_ACHN_CREF000_20260220181800_12.2_54.2_73.0_135.0.png'
6679,Z_RADA_C_BABJ_P_ACHN_CREF000_20260220182400_12.2_54.2_73.0_135.0.png,[Errno 2] No such file or directory: 'D:\\BaiduNetdiskDownload\\气象大模型数据（中南）-20260224\\气象雷达拼图（UTC）\\Z_RADA_C_BABJ_P_ACHN_CREF000_20260220182400_12.2_54.2_73.0_135.0.png'
6680,Z_RADA_C_BABJ_P_ACHN_CREF000_20260220183000_12.2_54.2_73.0_135.0.png,[Errno 2] No such file or directory: 'D:\\BaiduNetdiskDownload\\气象大模型数据（中南）-20260224\\气象雷达拼图（UTC）\\Z_RADA_C_BABJ_P_ACHN_CREF000_20260220183000_12.2_54.2_73.0_135.0.png'
6681,Z_RADA_C_BABJ_P_ACHN_CREF000_20260220183600_12.2_54.2_73.0_135.0.png,[Errno 2] No such file or directory: 'D:\\BaiduNetdiskDownload\\气象大模型数据（中南）-20260224\\气象雷达拼图（UTC）\\Z_RADA_C_BABJ_P_ACHN_CREF000_20260220183600_12.2_54.2_73.0_135.0.png'
6682,Z_RADA_C_BABJ_P_ACHN_CREF000_20260220184200_12.2_54.2_73.0_135.0.png,[Errno 2] No such file or directory: 'D:\\BaiduNetdiskDownload\\气象大模型数据（中南）-20260224\\气象雷达拼图（UTC）\\Z_RADA_C_BABJ_P_ACHN_CREF000_20260220184200_12.2_54.2_73.0_135.0.png'
6683,Z_RADA_C_BABJ_P_ACHN_CREF000_20260220184800_12.2_54.2_73.0_135.0.png,[Errno 2] No such file or directory: 'D:\\BaiduNetdiskDownload\\气象大模型数据（中南）-20260224\\气象雷达拼图（UTC）\\Z_RADA_C_BABJ_P_ACHN_CREF000_20260220184800_12.2_54.2_73.0_135.0.png'
6684,Z_RADA_C_BABJ_P_ACHN_CREF000_20260220185400_12.2_54.2_73.0_135.0.png,[Errno 2] No such file or directory: 'D:\\BaiduNetdiskDownload\\气象大模型数据（中南）-20260224\\气象雷达拼图（UTC）\\Z_RADA_C_BABJ_P_ACHN_CREF000_20260220185400_12.2_54.2_73.0_135.0.png'
6685,Z_RADA_C_BABJ_P_ACHN_CREF000_20260220190000_12.2_54.2_73.0_135.0.png,[Errno 2] No such file or directory: 'D:\\BaiduNetdiskDownload\\气象大模型数据（中南）-20260224\\气象雷达拼图（UTC）\\Z_RADA_C_BABJ_P_ACHN_CREF000_20260220190000_12.2_54.2_73.0_135.0.png'
6686,Z_RADA_C_BABJ_P_ACHN_CREF000_20260220190600_12.2_54.2_73.0_135.0.png,[Errno 2] No such file or directory: 'D:\\BaiduNetdiskDownload\\气象大模型数据（中南）-20260224\\气象雷达拼图（UTC）\\Z_RADA_C_BABJ_P_ACHN_CREF000_20260220190600_12.2_54.2_73.0_135.0.png'
6687,Z_RADA_C_BABJ_P_ACHN_CREF000_20260220191200_12.2_54.2_73.0_135.0.png,[Errno 2] No such file or directory: 'D:\\BaiduNetdiskDownload\\气象大模型数据（中南）-20260224\\气象雷达拼图（UTC）\\Z_RADA_C_BABJ_P_ACHN_CREF000_20260220191200_12.2_54.2_73.0_135.0.png'
6688,Z_RADA_C_BABJ_P_ACHN_CREF000_20260220191800_12.2_54.2_73.0_135.0.png,[Errno 2] No such file or directory: 'D:\\BaiduNetdiskDownload\\气象大模型数据（中南）-20260224\\气象雷达拼图（UTC）\\Z_RADA_C_BABJ_P_ACHN_CREF000_20260220191800_12.2_54.2_73.0_135.0.png'
6689,Z_RADA_C_BABJ_P_ACHN_CREF000_20260220192400_12.2_54.2_73.0_135.0.png,[Errno 2] No such file or directory: 'D:\\BaiduNetdiskDownload\\气象大模型数据（中南）-20260224\\气象雷达拼图（UTC）\\Z_RADA_C_BABJ_P_ACHN_CREF000_20260220192400_12.2_54.2_73.0_135.0.png'
6690,Z_RADA_C_BABJ_P_ACHN_CREF000_20260220193000_12.2_54.2_73.0_135.0.png,[Errno 2] No such file or directory: 'D:\\BaiduNetdiskDownload\\气象大模型数据（中南）-20260224\\气象雷达拼图（UTC）\\Z_RADA_C_BABJ_P_ACHN_CREF000_20260220193000_12.2_54.2_73.0_135.0.png'
6691,Z_RADA_C_BABJ_P_ACHN_CREF000_20260220193600_12.2_54.2_73.0_135.0.png,[Errno 2] No such file or directory: 'D:\\BaiduNetdiskDownload\\气象大模型数据（中南）-20260224\\气象雷达拼图（UTC）\\Z_RADA_C_BABJ_P_ACHN_CREF000_20260220193600_12.2_54.2_73.0_135.0.png'
6692,Z_RADA_C_BABJ_P_ACHN_CREF000_20260220194200_12.2_54.2_73.0_135.0.png,[Errno 2] No such file or directory: 'D:\\BaiduNetdiskDownload\\气象大模型数据（中南）-20260224\\气象雷达拼图（UTC）\\Z_RADA_C_BABJ_P_ACHN_CREF000_20260220194200_12.2_54.2_73.0_135.0.png'
6693,Z_RADA_C_BABJ_P_ACHN_CREF000_20260220194800_12.2_54.2_73.0_135.0.png,[Errno 2] No such file or directory: 'D:\\BaiduNetdiskDownload\\气象大模型数据（中南）-20260224\\气象雷达拼图（UTC）\\Z_RADA_C_BABJ_P_ACHN_CREF000_20260220194800_12.2_54.2_73.0_135.0.png'
6694,Z_RADA_C_BABJ_P_ACHN_CREF000_20260220195400_12.2_54.2_73.0_135.0.png,[Errno 2] No such file or directory: 'D:\\BaiduNetdiskDownload\\气象大模型数据（中南）-20260224\\气象雷达拼图（UTC）\\Z_RADA_C_BABJ_P_ACHN_CREF000_20260220195400_12.2_54.2_73.0_135.0.png'
6695,Z_RADA_C_BABJ_P_ACHN_CREF000_20260220200000_12.2_54.2_73.0_135.0.png,[Errno 2] No such file or directory: 'D:\\BaiduNetdiskDownload\\气象大模型数据（中南）-20260224\\气象雷达拼图（UTC）\\Z_RADA_C_BABJ_P_ACHN_CREF000_20260220200000_12.2_54.2_73.0_135.0.png'
6696,Z_RADA_C_BABJ_P_ACHN_CREF000_20260220200600_12.2_54.2_73.0_135.0.png,[Errno 2] No such file or directory: 'D:\\BaiduNetdiskDownload\\气象大模型数据（中南）-20260224\\气象雷达拼图（UTC）\\Z_RADA_C_BABJ_P_ACHN_CREF000_20260220200600_12.2_54.2_73.0_135.0.png'
6697,Z_RADA_C_BABJ_P_ACHN_CREF000_20260220201200_12.2_54.2_73.0_135.0.png,[Errno 2] No such file or directory: 'D:\\BaiduNetdiskDownload\\气象大模型数据（中南）-20260224\\气象雷达拼图（UTC）\\Z_RADA_C_BABJ_P_ACHN_CREF000_20260220201200_12.2_54.2_73.0_135.0.png'
6698,Z_RADA_C_BABJ_P_ACHN_CREF000_20260220201800_12.2_54.2_73.0_135.0.png,[Errno 2] No such file or directory: 'D:\\BaiduNetdiskDownload\\气象大模型数据（中南）-20260224\\气象雷达拼图（UTC）\\Z_RADA_C_BABJ_P_ACHN_CREF000_20260220201800_12.2_54.2_73.0_135.0.png'
6699,Z_RADA_C_BABJ_P_ACHN_CREF000_20260220202400_12.2_54.2_73.0_135.0.png,[Errno 2] No such file or directory: 'D:\\BaiduNetdiskDownload\\气象大模型数据（中南）-20260224\\气象雷达拼图（UTC）\\Z_RADA_C_BABJ_P_ACHN_CREF000_20260220202400_12.2_54.2_73.0_135.0.png'
6700,Z_RADA_C_BABJ_P_ACHN_CREF000_20260220203000_12.2_54.2_73.0_135.0.png,[Errno 2] No such file or directory: 'D:\\BaiduNetdiskDownload\\气象大模型数据（中南）-20260224\\气象雷达拼图（UTC）\\Z_RADA_C_BABJ_P_ACHN_CREF000_20260220203000_12.2_54.2_73.0_135.0.png'
6701,Z_RADA_C_BABJ_P_ACHN_CREF000_20260220203600_12.2_54.2_73.0_135.0.png,[Errno 2] No such file or directory: 'D:\\BaiduNetdiskDownload\\气象大模型数据（中南）-20260224\\气象雷达拼图（UTC）\\Z_RADA_C_BABJ_P_ACHN_CREF000_20260220203600_12.2_54.2_73.0_135.0.png'
6702,Z_RADA_C_BABJ_P_ACHN_CREF000_20260220204200_12.2_54.2_73.0_135.0.png,[Errno 2] No such file or directory: 'D:\\BaiduNetdiskDownload\\气象大模型数据（中南）-20260224\\气象雷达拼图（UTC）\\Z_RADA_C_BABJ_P_ACHN_CREF000_20260220204200_12.2_54.2_73.0_135.0.png'
6703,Z_RADA_C_BABJ_P_ACHN_CREF000_20260220204800_12.2_54.2_73.0_135.0.png,[Errno 2] No such file or directory: 'D:\\BaiduNetdiskDownload\\气象大模型数据（中南）-20260224\\气象雷达拼图（UTC）\\Z_RADA_C_BABJ_P_ACHN_CREF000_20260220204800_12.2_54.2_73.0_135.0.png'
6704,Z_RADA_C_BABJ_P_ACHN_CREF000_20260220205400_12.2_54.2_73.0_135.0.png,[Errno 2] No such file or directory: 'D:\\BaiduNetdiskDownload\\气象大模型数据（中南）-20260224\\气象雷达拼图（UTC）\\Z_RADA_C_BABJ_P_ACHN_CREF000_20260220205400_12.2_54.2_73.0_135.0.png'
6705,Z_RADA_C_BABJ_P_ACHN_CREF000_20260220210000_12.2_54.2_73.0_135.0.png,[Errno 2] No such file or directory: 'D:\\BaiduNetdiskDownload\\气象大模型数据（中南）-20260224\\气象雷达拼图（UTC）\\Z_RADA_C_BABJ_P_ACHN_CREF000_20260220210000_12.2_54.2_73.0_135.0.png'
6706,Z_RADA_C_BABJ_P_ACHN_CREF000_20260220210600_12.2_54.2_73.0_135.0.png,[Errno 2] No such file or directory: 'D:\\BaiduNetdiskDownload\\气象大模型数据（中南）-20260224\\气象雷达拼图（UTC）\\Z_RADA_C_BABJ_P_ACHN_CREF000_20260220210600_12.2_54.2_73.0_135.0.png'
6707,Z_RADA_C_BABJ_P_ACHN_CREF000_20260220211200_12.2_54.2_73.0_135.0.png,[Errno 2] No such file or directory: 'D:\\BaiduNetdiskDownload\\气象大模型数据（中南）-20260224\\气象雷达拼图（UTC）\\Z_RADA_C_BABJ_P_ACHN_CREF000_20260220211200_12.2_54.2_73.0_135.0.png'
6708,Z_RADA_C_BABJ_P_ACHN_CREF000_20260220211800_12.2_54.2_73.0_135.0.png,[Errno 2] No such file or directory: 'D:\\BaiduNetdiskDownload\\气象大模型数据（中南）-20260224\\气象雷达拼图（UTC）\\Z_RADA_C_BABJ_P_ACHN_CREF000_20260220211800_12.2_54.2_73.0_135.0.png'
6709,Z_RADA_C_BABJ_P_ACHN_CREF000_20260220212400_12.2_54.2_73.0_135.0.png,[Errno 2] No such file or directory: 'D:\\BaiduNetdiskDownload\\气象大模型数据（中南）-20260224\\气象雷达拼图（UTC）\\Z_RADA_C_BABJ_P_ACHN_CREF000_20260220212400_12.2_54.2_73.0_135.0.png'
6710,Z_RADA_C_BABJ_P_ACHN_CREF000_20260220213000_12.2_54.2_73.0_135.0.png,[Errno 2] No such file or directory: 'D:\\BaiduNetdiskDownload\\气象大模型数据（中南）-20260224\\气象雷达拼图（UTC）\\Z_RADA_C_BABJ_P_ACHN_CREF000_20260220213000_12.2_54.2_73.0_135.0.png'
6711,Z_RADA_C_BABJ_P_ACHN_CREF000_20260220213600_12.2_54.2_73.0_135.0.png,[Errno 2] No such file or directory: 'D:\\BaiduNetdiskDownload\\气象大模型数据（中南）-20260224\\气象雷达拼图（UTC）\\Z_RADA_C_BABJ_P_ACHN_CREF000_20260220213600_12.2_54.2_73.0_135.0.png'
6712,Z_RADA_C_BABJ_P_ACHN_CREF000_20260220214200_12.2_54.2_73.0_135.0.png,[Errno 2] No such file or directory: 'D:\\BaiduNetdiskDownload\\气象大模型数据（中南）-20260224\\气象雷达拼图（UTC）\\Z_RADA_C_BABJ_P_ACHN_CREF000_20260220214200_12.2_54.2_73.0_135.0.png'
6713,Z_RADA_C_BABJ_P_ACHN_CREF000_20260220214800_12.2_54.2_73.0_135.0.png,[Errno 2] No such file or directory: 'D:\\BaiduNetdiskDownload\\气象大模型数据（中南）-20260224\\气象雷达拼图（UTC）\\Z_RADA_C_BABJ_P_ACHN_CREF000_20260220214800_12.2_54.2_73.0_135.0.png'
6714,Z_RADA_C_BABJ_P_ACHN_CREF000_20260220215400_12.2_54.2_73.0_135.0.png,[Errno 2] No such file or directory: 'D:\\BaiduNetdiskDownload\\气象大模型数据（中南）-20260224\\气象雷达拼图（UTC）\\Z_RADA_C_BABJ_P_ACHN_CREF000_20260220215400_12.2_54.2_73.0_135.0.png'
6715,Z_RADA_C_BABJ_P_ACHN_CREF000_20260220220000_12.2_54.2_73.0_135.0.png,[Errno 2] No such file or directory: 'D:\\BaiduNetdiskDownload\\气象大模型数据（中南）-20260224\\气象雷达拼图（UTC）\\Z_RADA_C_BABJ_P_ACHN_CREF000_20260220220000_12.2_54.2_73.0_135.0.png'
6716,Z_RADA_C_BABJ_P_ACHN_CREF000_20260220220600_12.2_54.2_73.0_135.0.png,[Errno 2] No such file or directory: 'D:\\BaiduNetdiskDownload\\气象大模型数据（中南）-20260224\\气象雷达拼图（UTC）\\Z_RADA_C_BABJ_P_ACHN_CREF000_20260220220600_12.2_54.2_73.0_135.0.png'
6717,Z_RADA_C_BABJ_P_ACHN_CREF000_20260220221200_12.2_54.2_73.0_135.0.png,[Errno 2] No such file or directory: 'D:\\BaiduNetdiskDownload\\气象大模型数据（中南）-20260224\\气象雷达拼图（UTC）\\Z_RADA_C_BABJ_P_ACHN_CREF000_20260220221200_12.2_54.2_73.0_135.0.png'
6718,Z_RADA_C_BABJ_P_ACHN_CREF000_20260220221800_12.2_54.2_73.0_135.0.png,[Errno 2] No such file or directory: 'D:\\BaiduNetdiskDownload\\气象大模型数据（中南）-20260224\\气象雷达拼图（UTC）\\Z_RADA_C_BABJ_P_ACHN_CREF000_20260220221800_12.2_54.2_73.0_135.0.png'
6719,Z_RADA_C_BABJ_P_ACHN_CREF000_20260220222400_12.2_54.2_73.0_135.0.png,[Errno 2] No such file or directory: 'D:\\BaiduNetdiskDownload\\气象大模型数据（中南）-20260224\\气象雷达拼图（UTC）\\Z_RADA_C_BABJ_P_ACHN_CREF000_20260220222400_12.2_54.2_73.0_135.0.png'
6720,Z_RADA_C_BABJ_P_ACHN_CREF000_20260220223000_12.2_54.2_73.0_135.0.png,[Errno 2] No such file or directory: 'D:\\BaiduNetdiskDownload\\气象大模型数据（中南）-20260224\\气象雷达拼图（UTC）\\Z_RADA_C_BABJ_P_ACHN_CREF000_20260220223000_12.2_54.2_73.0_135.0.png'
6721,Z_RADA_C_BABJ_P_ACHN_CREF000_20260220223600_12.2_54.2_73.0_135.0.png,[Errno 2] No such file or directory: 'D:\\BaiduNetdiskDownload\\气象大模型数据（中南）-20260224\\气象雷达拼图（UTC）\\Z_RADA_C_BABJ_P_ACHN_CREF000_20260220223600_12.2_54.2_73.0_135.0.png'
6722,Z_RADA_C_BABJ_P_ACHN_CREF000_20260220224200_12.2_54.2_73.0_135.0.png,[Errno 2] No such file or directory: 'D:\\BaiduNetdiskDownload\\气象大模型数据（中南）-20260224\\气象雷达拼图（UTC）\\Z_RADA_C_BABJ_P_ACHN_CREF000_20260220224200_12.2_54.2_73.0_135.0.png'
6723,Z_RADA_C_BABJ_P_ACHN_CREF000_20260220224800_12.2_54.2_73.0_135.0.png,[Errno 2] No such file or directory: 'D:\\BaiduNetdiskDownload\\气象大模型数据（中南）-20260224\\气象雷达拼图（UTC）\\Z_RADA_C_BABJ_P_ACHN_CREF000_20260220224800_12.2_54.2_73.0_135.0.png'
6724,Z_RADA_C_BABJ_P_ACHN_CREF000_20260220225400_12.2_54.2_73.0_135.0.png,[Errno 2] No such file or directory: 'D:\\BaiduNetdiskDownload\\气象大模型数据（中南）-20260224\\气象雷达拼图（UTC）\\Z_RADA_C_BABJ_P_ACHN_CREF000_20260220225400_12.2_54.2_73.0_135.0.png'
6725,Z_RADA_C_BABJ_P_ACHN_CREF000_20260220230000_12.2_54.2_73.0_135.0.png,[Errno 2] No such file or directory: 'D:\\BaiduNetdiskDownload\\气象大模型数据（中南）-20260224\\气象雷达拼图（UTC）\\Z_RADA_C_BABJ_P_ACHN_CREF000_20260220230000_12.2_54.2_73.0_135.0.png'
6726,Z_RADA_C_BABJ_P_ACHN_CREF000_20260220230600_12.2_54.2_73.0_135.0.png,[Errno 2] No such file or directory: 'D:\\BaiduNetdiskDownload\\气象大模型数据（中南）-20260224\\气象雷达拼图（UTC）\\Z_RADA_C_BABJ_P_ACHN_CREF000_20260220230600_12.2_54.2_73.0_135.0.png'
6727,Z_RADA_C_BABJ_P_ACHN_CREF000_20260220231200_12.2_54.2_73.0_135.0.png,[Errno 2] No such file or directory: 'D:\\BaiduNetdiskDownload\\气象大模型数据（中南）-20260224\\气象雷达拼图（UTC）\\Z_RADA_C_BABJ_P_ACHN_CREF000_20260220231200_12.2_54.2_73.0_135.0.png'
6728,Z_RADA_C_BABJ_P_ACHN_CREF000_20260220231800_12.2_54.2_73.0_135.0.png,[Errno 2] No such file or directory: 'D:\\BaiduNetdiskDownload\\气象大模型数据（中南）-20260224\\气象雷达拼图（UTC）\\Z_RADA_C_BABJ_P_ACHN_CREF000_20260220231800_12.2_54.2_73.0_135.0.png'
6729,Z_RADA_C_BABJ_P_ACHN_CREF000_20260220232400_12.2_54.2_73.0_135.0.png,[Errno 2] No such file or directory: 'D:\\BaiduNetdiskDownload\\气象大模型数据（中南）-20260224\\气象雷达拼图（UTC）\\Z_RADA_C_BABJ_P_ACHN_CREF000_20260220232400_12.2_54.2_73.0_135.0.png'
6730,Z_RADA_C_BABJ_P_ACHN_CREF000_20260220233000_12.2_54.2_73.0_135.0.png,[Errno 2] No such file or directory: 'D:\\BaiduNetdiskDownload\\气象大模型数据（中南）-20260224\\气象雷达拼图（UTC）\\Z_RADA_C_BABJ_P_ACHN_CREF000_20260220233000_12.2_54.2_73.0_135.0.png'
6731,Z_RADA_C_BABJ_P_ACHN_CREF000_20260220233600_12.2_54.2_73.0_135.0.png,[Errno 2] No such file or directory: 'D:\\BaiduNetdiskDownload\\气象大模型数据（中南）-20260224\\气象雷达拼图（UTC）\\Z_RADA_C_BABJ_P_ACHN_CREF000_20260220233600_12.2_54.2_73.0_135.0.png'
6732,Z_RADA_C_BABJ_P_ACHN_CREF000_20260220234200_12.2_54.2_73.0_135.0.png,[Errno 2] No such file or directory: 'D:\\BaiduNetdiskDownload\\气象大模型数据（中南）-20260224\\气象雷达拼图（UTC）\\Z_RADA_C_BABJ_P_ACHN_CREF000_20260220234200_12.2_54.2_73.0_135.0.png'
6733,Z_RADA_C_BABJ_P_ACHN_CREF000_20260220234800_12.2_54.2_73.0_135.0.png,[Errno 2] No such file or directory: 'D:\\BaiduNetdiskDownload\\气象大模型数据（中南）-20260224\\气象雷达拼图（UTC）\\Z_RADA_C_BABJ_P_ACHN_CREF000_20260220234800_12.2_54.2_73.0_135.0.png'
6734,Z_RADA_C_BABJ_P_ACHN_CREF000_20260220235400_12.2_54.2_73.0_135.0.png,[Errno 2] No such file or directory: 'D:\\BaiduNetdiskDownload\\气象大模型数据（中南）-20260224\\气象雷达拼图（UTC）\\Z_RADA_C_BABJ_P_ACHN_CREF000_20260220235400_12.2_54.2_73.0_135.0.png'
6735,Z_RADA_C_BABJ_P_ACHN_CREF000_20260221000000_12.2_54.2_73.0_135.0.png,[Errno 2] No such file or directory: 'D:\\BaiduNetdiskDownload\\气象大模型数据（中南）-20260224\\气象雷达拼图（UTC）\\Z_RADA_C_BABJ_P_ACHN_CREF000_20260221000000_12.2_54.2_73.0_135.0.png'
6736,Z_RADA_C_BABJ_P_ACHN_CREF000_20260221000600_12.2_54.2_73.0_135.0.png,[Errno 2] No such file or directory: 'D:\\BaiduNetdiskDownload\\气象大模型数据（中南）-20260224\\气象雷达拼图（UTC）\\Z_RADA_C_BABJ_P_ACHN_CREF000_20260221000600_12.2_54.2_73.0_135.0.png'
6737,Z_RADA_C_BABJ_P_ACHN_CREF000_20260221001200_12.2_54.2_73.0_135.0.png,[Errno 2] No such file or directory: 'D:\\BaiduNetdiskDownload\\气象大模型数据（中南）-20260224\\气象雷达拼图（UTC）\\Z_RADA_C_BABJ_P_ACHN_CREF000_20260221001200_12.2_54.2_73.0_135.0.png'
6738,Z_RADA_C_BABJ_P_ACHN_CREF000_20260221001800_12.2_54.2_73.0_135.0.png,[Errno 2] No such file or directory: 'D:\\BaiduNetdiskDownload\\气象大模型数据（中南）-20260224\\气象雷达拼图（UTC）\\Z_RADA_C_BABJ_P_ACHN_CREF000_20260221001800_12.2_54.2_73.0_135.0.png'
6739,Z_RADA_C_BABJ_P_ACHN_CREF000_20260221002400_12.2_54.2_73.0_135.0.png,[Errno 2] No such file or directory: 'D:\\BaiduNetdiskDownload\\气象大模型数据（中南）-20260224\\气象雷达拼图（UTC）\\Z_RADA_C_BABJ_P_ACHN_CREF000_20260221002400_12.2_54.2_73.0_135.0.png'
6740,Z_RADA_C_BABJ_P_ACHN_CREF000_20260221003000_12.2_54.2_73.0_135.0.png,[Errno 2] No such file or directory: 'D:\\BaiduNetdiskDownload\\气象大模型数据（中南）-20260224\\气象雷达拼图（UTC）\\Z_RADA_C_BABJ_P_ACHN_CREF000_20260221003000_12.2_54.2_73.0_135.0.png'
6741,Z_RADA_C_BABJ_P_ACHN_CREF000_20260221003600_12.2_54.2_73.0_135.0.png,[Errno 2] No such file or directory: 'D:\\BaiduNetdiskDownload\\气象大模型数据（中南）-20260224\\气象雷达拼图（UTC）\\Z_RADA_C_BABJ_P_ACHN_CREF000_20260221003600_12.2_54.2_73.0_135.0.png'
6742,Z_RADA_C_BABJ_P_ACHN_CREF000_20260221004200_12.2_54.2_73.0_135.0.png,[Errno 2] No such file or directory: 'D:\\BaiduNetdiskDownload\\气象大模型数据（中南）-20260224\\气象雷达拼图（UTC）\\Z_RADA_C_BABJ_P_ACHN_CREF000_20260221004200_12.2_54.2_73.0_135.0.png'
6743,Z_RADA_C_BABJ_P_ACHN_CREF000_20260221004800_12.2_54.2_73.0_135.0.png,[Errno 2] No such file or directory: 'D:\\BaiduNetdiskDownload\\气象大模型数据（中南）-20260224\\气象雷达拼图（UTC）\\Z_RADA_C_BABJ_P_ACHN_CREF000_20260221004800_12.2_54.2_73.0_135.0.png'
6744,Z_RADA_C_BABJ_P_ACHN_CREF000_20260221005400_12.2_54.2_73.0_135.0.png,[Errno 2] No such file or directory: 'D:\\BaiduNetdiskDownload\\气象大模型数据（中南）-20260224\\气象雷达拼图（UTC）\\Z_RADA_C_BABJ_P_ACHN_CREF000_20260221005400_12.2_54.2_73.0_135.0.png'
6745,Z_RADA_C_BABJ_P_ACHN_CREF000_20260221010000_12.2_54.2_73.0_135.0.png,[Errno 2] No such file or directory: 'D:\\BaiduNetdiskDownload\\气象大模型数据（中南）-20260224\\气象雷达拼图（UTC）\\Z_RADA_C_BABJ_P_ACHN_CREF000_20260221010000_12.2_54.2_73.0_135.0.png'
6746,Z_RADA_C_BABJ_P_ACHN_CREF000_20260221010600_12.2_54.2_73.0_135.0.png,[Errno 2] No such file or directory: 'D:\\BaiduNetdiskDownload\\气象大模型数据（中南）-20260224\\气象雷达拼图（UTC）\\Z_RADA_C_BABJ_P_ACHN_CREF000_20260221010600_12.2_54.2_73.0_135.0.png'
6747,Z_RADA_C_BABJ_P_ACHN_CREF000_20260221011200_12.2_54.2_73.0_135.0.png,[Errno 2] No such file or directory: 'D:\\BaiduNetdiskDownload\\气象大模型数据（中南）-20260224\\气象雷达拼图（UTC）\\Z_RADA_C_BABJ_P_ACHN_CREF000_20260221011200_12.2_54.2_73.0_135.0.png'
6748,Z_RADA_C_BABJ_P_ACHN_CREF000_20260221011800_12.2_54.2_73.0_135.0.png,[Errno 2] No such file or directory: 'D:\\BaiduNetdiskDownload\\气象大模型数据（中南）-20260224\\气象雷达拼图（UTC）\\Z_RADA_C_BABJ_P_ACHN_CREF000_20260221011800_12.2_54.2_73.0_135.0.png'
6749,Z_RADA_C_BABJ_P_ACHN_CREF000_20260221012400_12.2_54.2_73.0_135.0.png,[Errno 2] No such file or directory: 'D:\\BaiduNetdiskDownload\\气象大模型数据（中南）-20260224\\气象雷达拼图（UTC）\\Z_RADA_C_BABJ_P_ACHN_CREF000_20260221012400_12.2_54.2_73.0_135.0.png'
6750,Z_RADA_C_BABJ_P_ACHN_CREF000_20260221013000_12.2_54.2_73.0_135.0.png,[Errno 2] No such file or directory: 'D:\\BaiduNetdiskDownload\\气象大模型数据（中南）-20260224\\气象雷达拼图（UTC）\\Z_RADA_C_BABJ_P_ACHN_CREF000_20260221013000_12.2_54.2_73.0_135.0.png'
6751,Z_RADA_C_BABJ_P_ACHN_CREF000_20260221013600_12.2_54.2_73.0_135.0.png,[Errno 2] No such file or directory: 'D:\\BaiduNetdiskDownload\\气象大模型数据（中南）-20260224\\气象雷达拼图（UTC）\\Z_RADA_C_BABJ_P_ACHN_CREF000_20260221013600_12.2_54.2_73.0_135.0.png'
6752,Z_RADA_C_BABJ_P_ACHN_CREF000_20260221014200_12.2_54.2_73.0_135.0.png,[Errno 2] No such file or directory: 'D:\\BaiduNetdiskDownload\\气象大模型数据（中南）-20260224\\气象雷达拼图（UTC）\\Z_RADA_C_BABJ_P_ACHN_CREF000_20260221014200_12.2_54.2_73.0_135.0.png'
6753,Z_RADA_C_BABJ_P_ACHN_CREF000_20260221014800_12.2_54.2_73.0_135.0.png,[Errno 2] No such file or directory: 'D:\\BaiduNetdiskDownload\\气象大模型数据（中南）-20260224\\气象雷达拼图（UTC）\\Z_RADA_C_BABJ_P_ACHN_CREF000_20260221014800_12.2_54.2_73.0_135.0.png'
6754,Z_RADA_C_BABJ_P_ACHN_CREF000_20260221015400_12.2_54.2_73.0_135.0.png,[Errno 2] No such file or directory: 'D:\\BaiduNetdiskDownload\\气象大模型数据（中南）-20260224\\气象雷达拼图（UTC）\\Z_RADA_C_BABJ_P_ACHN_CREF000_20260221015400_12.2_54.2_73.0_135.0.png'
6755,Z_RADA_C_BABJ_P_ACHN_CREF000_20260221020000_12.2_54.2_73.0_135.0.png,[Errno 2] No such file or directory: 'D:\\BaiduNetdiskDownload\\气象大模型数据（中南）-20260224\\气象雷达拼图（UTC）\\Z_RADA_C_BABJ_P_ACHN_CREF000_20260221020000_12.2_54.2_73.0_135.0.png'
6756,Z_RADA_C_BABJ_P_ACHN_CREF000_20260221020600_12.2_54.2_73.0_135.0.png,[Errno 2] No such file or directory: 'D:\\BaiduNetdiskDownload\\气象大模型数据（中南）-20260224\\气象雷达拼图（UTC）\\Z_RADA_C_BABJ_P_ACHN_CREF000_20260221020600_12.2_54.2_73.0_135.0.png'
6757,Z_RADA_C_BABJ_P_ACHN_CREF000_20260221021200_12.2_54.2_73.0_135.0.png,[Errno 2] No such file or directory: 'D:\\BaiduNetdiskDownload\\气象大模型数据（中南）-20260224\\气象雷达拼图（UTC）\\Z_RADA_C_BABJ_P_ACHN_CREF000_20260221021200_12.2_54.2_73.0_135.0.png'
6758,Z_RADA_C_BABJ_P_ACHN_CREF000_20260221021800_12.2_54.2_73.0_135.0.png,[Errno 2] No such file or directory: 'D:\\BaiduNetdiskDownload\\气象大模型数据（中南）-20260224\\气象雷达拼图（UTC）\\Z_RADA_C_BABJ_P_ACHN_CREF000_20260221021800_12.2_54.2_73.0_135.0.png'
6759,Z_RADA_C_BABJ_P_ACHN_CREF000_20260221022400_12.2_54.2_73.0_135.0.png,[Errno 2] No such file or directory: 'D:\\BaiduNetdiskDownload\\气象大模型数据（中南）-20260224\\气象雷达拼图（UTC）\\Z_RADA_C_BABJ_P_ACHN_CREF000_20260221022400_12.2_54.2_73.0_135.0.png'
6760,Z_RADA_C_BABJ_P_ACHN_CREF000_20260221023000_12.2_54.2_73.0_135.0.png,[Errno 2] No such file or directory: 'D:\\BaiduNetdiskDownload\\气象大模型数据（中南）-20260224\\气象雷达拼图（UTC）\\Z_RADA_C_BABJ_P_ACHN_CREF000_20260221023000_12.2_54.2_73.0_135.0.png'
6761,Z_RADA_C_BABJ_P_ACHN_CREF000_20260221023600_12.2_54.2_73.0_135.0.png,[Errno 2] No such file or directory: 'D:\\BaiduNetdiskDownload\\气象大模型数据（中南）-20260224\\气象雷达拼图（UTC）\\Z_RADA_C_BABJ_P_ACHN_CREF000_20260221023600_12.2_54.2_73.0_135.0.png'
6762,Z_RADA_C_BABJ_P_ACHN_CREF000_20260221024200_12.2_54.2_73.0_135.0.png,[Errno 2] No such file or directory: 'D:\\BaiduNetdiskDownload\\气象大模型数据（中南）-20260224\\气象雷达拼图（UTC）\\Z_RADA_C_BABJ_P_ACHN_CREF000_20260221024200_12.2_54.2_73.0_135.0.png'
6763,Z_RADA_C_BABJ_P_ACHN_CREF000_20260221024800_12.2_54.2_73.0_135.0.png,[Errno 2] No such file or directory: 'D:\\BaiduNetdiskDownload\\气象大模型数据（中南）-20260224\\气象雷达拼图（UTC）\\Z_RADA_C_BABJ_P_ACHN_CREF000_20260221024800_12.2_54.2_73.0_135.0.png'
6764,Z_RADA_C_BABJ_P_ACHN_CREF000_20260221025400_12.2_54.2_73.0_135.0.png,[Errno 2] No such file or directory: 'D:\\BaiduNetdiskDownload\\气象大模型数据（中南）-20260224\\气象雷达拼图（UTC）\\Z_RADA_C_BABJ_P_ACHN_CREF000_20260221025400_12.2_54.2_73.0_135.0.png'
6765,Z_RADA_C_BABJ_P_ACHN_CREF000_20260221030000_12.2_54.2_73.0_135.0.png,[Errno 2] No such file or directory: 'D:\\BaiduNetdiskDownload\\气象大模型数据（中南）-20260224\\气象雷达拼图（UTC）\\Z_RADA_C_BABJ_P_ACHN_CREF000_20260221030000_12.2_54.2_73.0_135.0.png'
6766,Z_RADA_C_BABJ_P_ACHN_CREF000_20260221030600_12.2_54.2_73.0_135.0.png,[Errno 2] No such file or directory: 'D:\\BaiduNetdiskDownload\\气象大模型数据（中南）-20260224\\气象雷达拼图（UTC）\\Z_RADA_C_BABJ_P_ACHN_CREF000_20260221030600_12.2_54.2_73.0_135.0.png'
6767,Z_RADA_C_BABJ_P_ACHN_CREF000_20260221031200_12.2_54.2_73.0_135.0.png,[Errno 2] No such file or directory: 'D:\\BaiduNetdiskDownload\\气象大模型数据（中南）-20260224\\气象雷达拼图（UTC）\\Z_RADA_C_BABJ_P_ACHN_CREF000_20260221031200_12.2_54.2_73.0_135.0.png'
6768,Z_RADA_C_BABJ_P_ACHN_CREF000_20260221031800_12.2_54.2_73.0_135.0.png,[Errno 2] No such file or directory: 'D:\\BaiduNetdiskDownload\\气象大模型数据（中南）-20260224\\气象雷达拼图（UTC）\\Z_RADA_C_BABJ_P_ACHN_CREF000_20260221031800_12.2_54.2_73.0_135.0.png'
6769,Z_RADA_C_BABJ_P_ACHN_CREF000_20260221032400_12.2_54.2_73.0_135.0.png,[Errno 2] No such file or directory: 'D:\\BaiduNetdiskDownload\\气象大模型数据（中南）-20260224\\气象雷达拼图（UTC）\\Z_RADA_C_BABJ_P_ACHN_CREF000_20260221032400_12.2_54.2_73.0_135.0.png'
6770,Z_RADA_C_BABJ_P_ACHN_CREF000_20260221033000_12.2_54.2_73.0_135.0.png,[Errno 2] No such file or directory: 'D:\\BaiduNetdiskDownload\\气象大模型数据（中南）-20260224\\气象雷达拼图（UTC）\\Z_RADA_C_BABJ_P_ACHN_CREF000_20260221033000_12.2_54.2_73.0_135.0.png'
6771,Z_RADA_C_BABJ_P_ACHN_CREF000_20260221033600_12.2_54.2_73.0_135.0.png,[Errno 2] No such file or directory: 'D:\\BaiduNetdiskDownload\\气象大模型数据（中南）-20260224\\气象雷达拼图（UTC）\\Z_RADA_C_BABJ_P_ACHN_CREF000_20260221033600_12.2_54.2_73.0_135.0.png'
6772,Z_RADA_C_BABJ_P_ACHN_CREF000_20260221034200_12.2_54.2_73.0_135.0.png,[Errno 2] No such file or directory: 'D:\\BaiduNetdiskDownload\\气象大模型数据（中南）-20260224\\气象雷达拼图（UTC）\\Z_RADA_C_BABJ_P_ACHN_CREF000_20260221034200_12.2_54.2_73.0_135.0.png'
6773,Z_RADA_C_BABJ_P_ACHN_CREF000_20260221034800_12.2_54.2_73.0_135.0.png,[Errno 2] No such file or directory: 'D:\\BaiduNetdiskDownload\\气象大模型数据（中南）-20260224\\气象雷达拼图（UTC）\\Z_RADA_C_BABJ_P_ACHN_CREF000_20260221034800_12.2_54.2_73.0_135.0.png'
6774,Z_RADA_C_BABJ_P_ACHN_CREF000_20260221035400_12.2_54.2_73.0_135.0.png,[Errno 2] No such file or directory: 'D:\\BaiduNetdiskDownload\\气象大模型数据（中南）-20260224\\气象雷达拼图（UTC）\\Z_RADA_C_BABJ_P_ACHN_CREF000_20260221035400_12.2_54.2_73.0_135.0.png'
6775,Z_RADA_C_BABJ_P_ACHN_CREF000_20260221040000_12.2_54.2_73.0_135.0.png,[Errno 2] No such file or directory: 'D:\\BaiduNetdiskDownload\\气象大模型数据（中南）-20260224\\气象雷达拼图（UTC）\\Z_RADA_C_BABJ_P_ACHN_CREF000_20260221040000_12.2_54.2_73.0_135.0.png'
6776,Z_RADA_C_BABJ_P_ACHN_CREF000_20260221040600_12.2_54.2_73.0_135.0.png,[Errno 2] No such file or directory: 'D:\\BaiduNetdiskDownload\\气象大模型数据（中南）-20260224\\气象雷达拼图（UTC）\\Z_RADA_C_BABJ_P_ACHN_CREF000_20260221040600_12.2_54.2_73.0_135.0.png'
6777,Z_RADA_C_BABJ_P_ACHN_CREF000_20260221041200_12.2_54.2_73.0_135.0.png,[Errno 2] No such file or directory: 'D:\\BaiduNetdiskDownload\\气象大模型数据（中南）-20260224\\气象雷达拼图（UTC）\\Z_RADA_C_BABJ_P_ACHN_CREF000_20260221041200_12.2_54.2_73.0_135.0.png'
6778,Z_RADA_C_BABJ_P_ACHN_CREF000_20260221041800_12.2_54.2_73.0_135.0.png,[Errno 2] No such file or directory: 'D:\\BaiduNetdiskDownload\\气象大模型数据（中南）-20260224\\气象雷达拼图（UTC）\\Z_RADA_C_BABJ_P_ACHN_CREF000_20260221041800_12.2_54.2_73.0_135.0.png'
6779,Z_RADA_C_BABJ_P_ACHN_CREF000_20260221042400_12.2_54.2_73.0_135.0.png,[Errno 2] No such file or directory: 'D:\\BaiduNetdiskDownload\\气象大模型数据（中南）-20260224\\气象雷达拼图（UTC）\\Z_RADA_C_BABJ_P_ACHN_CREF000_20260221042400_12.2_54.2_73.0_135.0.png'
6780,Z_RADA_C_BABJ_P_ACHN_CREF000_20260221043000_12.2_54.2_73.0_135.0.png,[Errno 2] No such file or directory: 'D:\\BaiduNetdiskDownload\\气象大模型数据（中南）-20260224\\气象雷达拼图（UTC）\\Z_RADA_C_BABJ_P_ACHN_CREF000_20260221043000_12.2_54.2_73.0_135.0.png'
6781,Z_RADA_C_BABJ_P_ACHN_CREF000_20260221043600_12.2_54.2_73.0_135.0.png,[Errno 2] No such file or directory: 'D:\\BaiduNetdiskDownload\\气象大模型数据（中南）-20260224\\气象雷达拼图（UTC）\\Z_RADA_C_BABJ_P_ACHN_CREF000_20260221043600_12.2_54.2_73.0_135.0.png'
6782,Z_RADA_C_BABJ_P_ACHN_CREF000_20260221044200_12.2_54.2_73.0_135.0.png,[Errno 2] No such file or directory: 'D:\\BaiduNetdiskDownload\\气象大模型数据（中南）-20260224\\气象雷达拼图（UTC）\\Z_RADA_C_BABJ_P_ACHN_CREF000_20260221044200_12.2_54.2_73.0_135.0.png'
6783,Z_RADA_C_BABJ_P_ACHN_CREF000_20260221044800_12.2_54.2_73.0_135.0.png,[Errno 2] No such file or directory: 'D:\\BaiduNetdiskDownload\\气象大模型数据（中南）-20260224\\气象雷达拼图（UTC）\\Z_RADA_C_BABJ_P_ACHN_CREF000_20260221044800_12.2_54.2_73.0_135.0.png'
6784,Z_RADA_C_BABJ_P_ACHN_CREF000_20260221045400_12.2_54.2_73.0_135.0.png,[Errno 2] No such file or directory: 'D:\\BaiduNetdiskDownload\\气象大模型数据（中南）-20260224\\气象雷达拼图（UTC）\\Z_RADA_C_BABJ_P_ACHN_CREF000_20260221045400_12.2_54.2_73.0_135.0.png'
6785,Z_RADA_C_BABJ_P_ACHN_CREF000_20260221050000_12.2_54.2_73.0_135.0.png,[Errno 2] No such file or directory: 'D:\\BaiduNetdiskDownload\\气象大模型数据（中南）-20260224\\气象雷达拼图（UTC）\\Z_RADA_C_BABJ_P_ACHN_CREF000_20260221050000_12.2_54.2_73.0_135.0.png'
6786,Z_RADA_C_BABJ_P_ACHN_CREF000_20260221050600_12.2_54.2_73.0_135.0.png,[Errno 2] No such file or directory: 'D:\\BaiduNetdiskDownload\\气象大模型数据（中南）-20260224\\气象雷达拼图（UTC）\\Z_RADA_C_BABJ_P_ACHN_CREF000_20260221050600_12.2_54.2_73.0_135.0.png'
6787,Z_RADA_C_BABJ_P_ACHN_CREF000_20260221051200_12.2_54.2_73.0_135.0.png,[Errno 2] No such file or directory: 'D:\\BaiduNetdiskDownload\\气象大模型数据（中南）-20260224\\气象雷达拼图（UTC）\\Z_RADA_C_BABJ_P_ACHN_CREF000_20260221051200_12.2_54.2_73.0_135.0.png'
6788,Z_RADA_C_BABJ_P_ACHN_CREF000_20260221051800_12.2_54.2_73.0_135.0.png,[Errno 2] No such file or directory: 'D:\\BaiduNetdiskDownload\\气象大模型数据（中南）-20260224\\气象雷达拼图（UTC）\\Z_RADA_C_BABJ_P_ACHN_CREF000_20260221051800_12.2_54.2_73.0_135.0.png'
6789,Z_RADA_C_BABJ_P_ACHN_CREF000_20260221052400_12.2_54.2_73.0_135.0.png,[Errno 2] No such file or directory: 'D:\\BaiduNetdiskDownload\\气象大模型数据（中南）-20260224\\气象雷达拼图（UTC）\\Z_RADA_C_BABJ_P_ACHN_CREF000_20260221052400_12.2_54.2_73.0_135.0.png'
6790,Z_RADA_C_BABJ_P_ACHN_CREF000_20260221053000_12.2_54.2_73.0_135.0.png,[Errno 2] No such file or directory: 'D:\\BaiduNetdiskDownload\\气象大模型数据（中南）-20260224\\气象雷达拼图（UTC）\\Z_RADA_C_BABJ_P_ACHN_CREF000_20260221053000_12.2_54.2_73.0_135.0.png'
6791,Z_RADA_C_BABJ_P_ACHN_CREF000_20260221053600_12.2_54.2_73.0_135.0.png,[Errno 2] No such file or directory: 'D:\\BaiduNetdiskDownload\\气象大模型数据（中南）-20260224\\气象雷达拼图（UTC）\\Z_RADA_C_BABJ_P_ACHN_CREF000_20260221053600_12.2_54.2_73.0_135.0.png'
6792,Z_RADA_C_BABJ_P_ACHN_CREF000_20260221054200_12.2_54.2_73.0_135.0.png,[Errno 2] No such file or directory: 'D:\\BaiduNetdiskDownload\\气象大模型数据（中南）-20260224\\气象雷达拼图（UTC）\\Z_RADA_C_BABJ_P_ACHN_CREF000_20260221054200_12.2_54.2_73.0_135.0.png'
6793,Z_RADA_C_BABJ_P_ACHN_CREF000_20260221054800_12.2_54.2_73.0_135.0.png,[Errno 2] No such file or directory: 'D:\\BaiduNetdiskDownload\\气象大模型数据（中南）-20260224\\气象雷达拼图（UTC）\\Z_RADA_C_BABJ_P_ACHN_CREF000_20260221054800_12.2_54.2_73.0_135.0.png'
6794,Z_RADA_C_BABJ_P_ACHN_CREF000_20260221055400_12.2_54.2_73.0_135.0.png,[Errno 2] No such file or directory: 'D:\\BaiduNetdiskDownload\\气象大模型数据（中南）-20260224\\气象雷达拼图（UTC）\\Z_RADA_C_BABJ_P_ACHN_CREF000_20260221055400_12.2_54.2_73.0_135.0.png'
6795,Z_RADA_C_BABJ_P_ACHN_CREF000_20260221060000_12.2_54.2_73.0_135.0.png,[Errno 2] No such file or directory: 'D:\\BaiduNetdiskDownload\\气象大模型数据（中南）-20260224\\气象雷达拼图（UTC）\\Z_RADA_C_BABJ_P_ACHN_CREF000_20260221060000_12.2_54.2_73.0_135.0.png'
6796,Z_RADA_C_BABJ_P_ACHN_CREF000_20260221060600_12.2_54.2_73.0_135.0.png,[Errno 2] No such file or directory: 'D:\\BaiduNetdiskDownload\\气象大模型数据（中南）-20260224\\气象雷达拼图（UTC）\\Z_RADA_C_BABJ_P_ACHN_CREF000_20260221060600_12.2_54.2_73.0_135.0.png'
6797,Z_RADA_C_BABJ_P_ACHN_CREF000_20260221061200_12.2_54.2_73.0_135.0.png,[Errno 2] No such file or directory: 'D:\\BaiduNetdiskDownload\\气象大模型数据（中南）-20260224\\气象雷达拼图（UTC）\\Z_RADA_C_BABJ_P_ACHN_CREF000_20260221061200_12.2_54.2_73.0_135.0.png'
6798,Z_RADA_C_BABJ_P_ACHN_CREF000_20260221061800_12.2_54.2_73.0_135.0.png,[Errno 2] No such file or directory: 'D:\\BaiduNetdiskDownload\\气象大模型数据（中南）-20260224\\气象雷达拼图（UTC）\\Z_RADA_C_BABJ_P_ACHN_CREF000_20260221061800_12.2_54.2_73.0_135.0.png'
6799,Z_RADA_C_BABJ_P_ACHN_CREF000_20260221062400_12.2_54.2_73.0_135.0.png,[Errno 2] No such file or directory: 'D:\\BaiduNetdiskDownload\\气象大模型数据（中南）-20260224\\气象雷达拼图（UTC）\\Z_RADA_C_BABJ_P_ACHN_CREF000_20260221062400_12.2_54.2_73.0_135.0.png'
6800,Z_RADA_C_BABJ_P_ACHN_CREF000_20260221063000_12.2_54.2_73.0_135.0.png,[Errno 2] No such file or directory: 'D:\\BaiduNetdiskDownload\\气象大模型数据（中南）-20260224\\气象雷达拼图（UTC）\\Z_RADA_C_BABJ_P_ACHN_CREF000_20260221063000_12.2_54.2_73.0_135.0.png'
6801,Z_RADA_C_BABJ_P_ACHN_CREF000_20260221063600_12.2_54.2_73.0_135.0.png,[Errno 2] No such file or directory: 'D:\\BaiduNetdiskDownload\\气象大模型数据（中南）-20260224\\气象雷达拼图（UTC）\\Z_RADA_C_BABJ_P_ACHN_CREF000_20260221063600_12.2_54.2_73.0_135.0.png'
6802,Z_RADA_C_BABJ_P_ACHN_CREF000_20260221064200_12.2_54.2_73.0_135.0.png,[Errno 2] No such file or directory: 'D:\\BaiduNetdiskDownload\\气象大模型数据（中南）-20260224\\气象雷达拼图（UTC）\\Z_RADA_C_BABJ_P_ACHN_CREF000_20260221064200_12.2_54.2_73.0_135.0.png'
6803,Z_RADA_C_BABJ_P_ACHN_CREF000_20260221064800_12.2_54.2_73.0_135.0.png,[Errno 2] No such file or directory: 'D:\\BaiduNetdiskDownload\\气象大模型数据（中南）-20260224\\气象雷达拼图（UTC）\\Z_RADA_C_BABJ_P_ACHN_CREF000_20260221064800_12.2_54.2_73.0_135.0.png'
6804,Z_RADA_C_BABJ_P_ACHN_CREF000_20260221065400_12.2_54.2_73.0_135.0.png,[Errno 2] No such file or directory: 'D:\\BaiduNetdiskDownload\\气象大模型数据（中南）-20260224\\气象雷达拼图（UTC）\\Z_RADA_C_BABJ_P_ACHN_CREF000_20260221065400_12.2_54.2_73.0_135.0.png'
6805,Z_RADA_C_BABJ_P_ACHN_CREF000_20260221070000_12.2_54.2_73.0_135.0.png,[Errno 2] No such file or directory: 'D:\\BaiduNetdiskDownload\\气象大模型数据（中南）-20260224\\气象雷达拼图（UTC）\\Z_RADA_C_BABJ_P_ACHN_CREF000_20260221070000_12.2_54.2_73.0_135.0.png'
6806,Z_RADA_C_BABJ_P_ACHN_CREF000_20260221070600_12.2_54.2_73.0_135.0.png,[Errno 2] No such file or directory: 'D:\\BaiduNetdiskDownload\\气象大模型数据（中南）-20260224\\气象雷达拼图（UTC）\\Z_RADA_C_BABJ_P_ACHN_CREF000_20260221070600_12.2_54.2_73.0_135.0.png'
6807,Z_RADA_C_BABJ_P_ACHN_CREF000_20260221071200_12.2_54.2_73.0_135.0.png,[Errno 2] No such file or directory: 'D:\\BaiduNetdiskDownload\\气象大模型数据（中南）-20260224\\气象雷达拼图（UTC）\\Z_RADA_C_BABJ_P_ACHN_CREF000_20260221071200_12.2_54.2_73.0_135.0.png'
6808,Z_RADA_C_BABJ_P_ACHN_CREF000_20260221071800_12.2_54.2_73.0_135.0.png,[Errno 2] No such file or directory: 'D:\\BaiduNetdiskDownload\\气象大模型数据（中南）-20260224\\气象雷达拼图（UTC）\\Z_RADA_C_BABJ_P_ACHN_CREF000_20260221071800_12.2_54.2_73.0_135.0.png'
6809,Z_RADA_C_BABJ_P_ACHN_CREF000_20260221072400_12.2_54.2_73.0_135.0.png,[Errno 2] No such file or directory: 'D:\\BaiduNetdiskDownload\\气象大模型数据（中南）-20260224\\气象雷达拼图（UTC）\\Z_RADA_C_BABJ_P_ACHN_CREF000_20260221072400_12.2_54.2_73.0_135.0.png'
6810,Z_RADA_C_BABJ_P_ACHN_CREF000_20260221073000_12.2_54.2_73.0_135.0.png,[Errno 2] No such file or directory: 'D:\\BaiduNetdiskDownload\\气象大模型数据（中南）-20260224\\气象雷达拼图（UTC）\\Z_RADA_C_BABJ_P_ACHN_CREF000_20260221073000_12.2_54.2_73.0_135.0.png'
6811,Z_RADA_C_BABJ_P_ACHN_CREF000_20260221073600_12.2_54.2_73.0_135.0.png,[Errno 2] No such file or directory: 'D:\\BaiduNetdiskDownload\\气象大模型数据（中南）-20260224\\气象雷达拼图（UTC）\\Z_RADA_C_BABJ_P_ACHN_CREF000_20260221073600_12.2_54.2_73.0_135.0.png'
6812,Z_RADA_C_BABJ_P_ACHN_CREF000_20260221074200_12.2_54.2_73.0_135.0.png,[Errno 2] No such file or directory: 'D:\\BaiduNetdiskDownload\\气象大模型数据（中南）-20260224\\气象雷达拼图（UTC）\\Z_RADA_C_BABJ_P_ACHN_CREF000_20260221074200_12.2_54.2_73.0_135.0.png'
6813,Z_RADA_C_BABJ_P_ACHN_CREF000_20260221074800_12.2_54.2_73.0_135.0.png,[Errno 2] No such file or directory: 'D:\\BaiduNetdiskDownload\\气象大模型数据（中南）-20260224\\气象雷达拼图（UTC）\\Z_RADA_C_BABJ_P_ACHN_CREF000_20260221074800_12.2_54.2_73.0_135.0.png'
6814,Z_RADA_C_BABJ_P_ACHN_CREF000_20260221075400_12.2_54.2_73.0_135.0.png,[Errno 2] No such file or directory: 'D:\\BaiduNetdiskDownload\\气象大模型数据（中南）-20260224\\气象雷达拼图（UTC）\\Z_RADA_C_BABJ_P_ACHN_CREF000_20260221075400_12.2_54.2_73.0_135.0.png'
6815,Z_RADA_C_BABJ_P_ACHN_CREF000_20260221080000_12.2_54.2_73.0_135.0.png,[Errno 2] No such file or directory: 'D:\\BaiduNetdiskDownload\\气象大模型数据（中南）-20260224\\气象雷达拼图（UTC）\\Z_RADA_C_BABJ_P_ACHN_CREF000_20260221080000_12.2_54.2_73.0_135.0.png'
6816,Z_RADA_C_BABJ_P_ACHN_CREF000_20260221080600_12.2_54.2_73.0_135.0.png,[Errno 2] No such file or directory: 'D:\\BaiduNetdiskDownload\\气象大模型数据（中南）-20260224\\气象雷达拼图（UTC）\\Z_RADA_C_BABJ_P_ACHN_CREF000_20260221080600_12.2_54.2_73.0_135.0.png'
6817,Z_RADA_C_BABJ_P_ACHN_CREF000_20260221081200_12.2_54.2_73.0_135.0.png,[Errno 2] No such file or directory: 'D:\\BaiduNetdiskDownload\\气象大模型数据（中南）-20260224\\气象雷达拼图（UTC）\\Z_RADA_C_BABJ_P_ACHN_CREF000_20260221081200_12.2_54.2_73.0_135.0.png'
6818,Z_RADA_C_BABJ_P_ACHN_CREF000_20260221081800_12.2_54.2_73.0_135.0.png,[Errno 2] No such file or directory: 'D:\\BaiduNetdiskDownload\\气象大模型数据（中南）-20260224\\气象雷达拼图（UTC）\\Z_RADA_C_BABJ_P_ACHN_CREF000_20260221081800_12.2_54.2_73.0_135.0.png'
6819,Z_RADA_C_BABJ_P_ACHN_CREF000_20260221082400_12.2_54.2_73.0_135.0.png,[Errno 2] No such file or directory: 'D:\\BaiduNetdiskDownload\\气象大模型数据（中南）-20260224\\气象雷达拼图（UTC）\\Z_RADA_C_BABJ_P_ACHN_CREF000_20260221082400_12.2_54.2_73.0_135.0.png'
6820,Z_RADA_C_BABJ_P_ACHN_CREF000_20260221083000_12.2_54.2_73.0_135.0.png,[Errno 2] No such file or directory: 'D:\\BaiduNetdiskDownload\\气象大模型数据（中南）-20260224\\气象雷达拼图（UTC）\\Z_RADA_C_BABJ_P_ACHN_CREF000_20260221083000_12.2_54.2_73.0_135.0.png'
6821,Z_RADA_C_BABJ_P_ACHN_CREF000_20260221083600_12.2_54.2_73.0_135.0.png,[Errno 2] No such file or directory: 'D:\\BaiduNetdiskDownload\\气象大模型数据（中南）-20260224\\气象雷达拼图（UTC）\\Z_RADA_C_BABJ_P_ACHN_CREF000_20260221083600_12.2_54.2_73.0_135.0.png'
6822,Z_RADA_C_BABJ_P_ACHN_CREF000_20260221084200_12.2_54.2_73.0_135.0.png,[Errno 2] No such file or directory: 'D:\\BaiduNetdiskDownload\\气象大模型数据（中南）-20260224\\气象雷达拼图（UTC）\\Z_RADA_C_BABJ_P_ACHN_CREF000_20260221084200_12.2_54.2_73.0_135.0.png'
6823,Z_RADA_C_BABJ_P_ACHN_CREF000_20260221084800_12.2_54.2_73.0_135.0.png,[Errno 2] No such file or directory: 'D:\\BaiduNetdiskDownload\\气象大模型数据（中南）-20260224\\气象雷达拼图（UTC）\\Z_RADA_C_BABJ_P_ACHN_CREF000_20260221084800_12.2_54.2_73.0_135.0.png'
6824,Z_RADA_C_BABJ_P_ACHN_CREF000_20260221085400_12.2_54.2_73.0_135.0.png,[Errno 2] No such file or directory: 'D:\\BaiduNetdiskDownload\\气象大模型数据（中南）-20260224\\气象雷达拼图（UTC）\\Z_RADA_C_BABJ_P_ACHN_CREF000_20260221085400_12.2_54.2_73.0_135.0.png'
6825,Z_RADA_C_BABJ_P_ACHN_CREF000_20260221090000_12.2_54.2_73.0_135.0.png,[Errno 2] No such file or directory: 'D:\\BaiduNetdiskDownload\\气象大模型数据（中南）-20260224\\气象雷达拼图（UTC）\\Z_RADA_C_BABJ_P_ACHN_CREF000_20260221090000_12.2_54.2_73.0_135.0.png'
6826,Z_RADA_C_BABJ_P_ACHN_CREF000_20260221090600_12.2_54.2_73.0_135.0.png,[Errno 2] No such file or directory: 'D:\\BaiduNetdiskDownload\\气象大模型数据（中南）-20260224\\气象雷达拼图（UTC）\\Z_RADA_C_BABJ_P_ACHN_CREF000_20260221090600_12.2_54.2_73.0_135.0.png'
6827,Z_RADA_C_BABJ_P_ACHN_CREF000_20260221091200_12.2_54.2_73.0_135.0.png,[Errno 2] No such file or directory: 'D:\\BaiduNetdiskDownload\\气象大模型数据（中南）-20260224\\气象雷达拼图（UTC）\\Z_RADA_C_BABJ_P_ACHN_CREF000_20260221091200_12.2_54.2_73.0_135.0.png'
6828,Z_RADA_C_BABJ_P_ACHN_CREF000_20260221091800_12.2_54.2_73.0_135.0.png,[Errno 2] No such file or directory: 'D:\\BaiduNetdiskDownload\\气象大模型数据（中南）-20260224\\气象雷达拼图（UTC）\\Z_RADA_C_BABJ_P_ACHN_CREF000_20260221091800_12.2_54.2_73.0_135.0.png'
6829,Z_RADA_C_BABJ_P_ACHN_CREF000_20260221092400_12.2_54.2_73.0_135.0.png,[Errno 2] No such file or directory: 'D:\\BaiduNetdiskDownload\\气象大模型数据（中南）-20260224\\气象雷达拼图（UTC）\\Z_RADA_C_BABJ_P_ACHN_CREF000_20260221092400_12.2_54.2_73.0_135.0.png'
6830,Z_RADA_C_BABJ_P_ACHN_CREF000_20260221093000_12.2_54.2_73.0_135.0.png,[Errno 2] No such file or directory: 'D:\\BaiduNetdiskDownload\\气象大模型数据（中南）-20260224\\气象雷达拼图（UTC）\\Z_RADA_C_BABJ_P_ACHN_CREF000_20260221093000_12.2_54.2_73.0_135.0.png'
6831,Z_RADA_C_BABJ_P_ACHN_CREF000_20260221093600_12.2_54.2_73.0_135.0.png,[Errno 2] No such file or directory: 'D:\\BaiduNetdiskDownload\\气象大模型数据（中南）-20260224\\气象雷达拼图（UTC）\\Z_RADA_C_BABJ_P_ACHN_CREF000_20260221093600_12.2_54.2_73.0_135.0.png'
6832,Z_RADA_C_BABJ_P_ACHN_CREF000_20260221094200_12.2_54.2_73.0_135.0.png,[Errno 2] No such file or directory: 'D:\\BaiduNetdiskDownload\\气象大模型数据（中南）-20260224\\气象雷达拼图（UTC）\\Z_RADA_C_BABJ_P_ACHN_CREF000_20260221094200_12.2_54.2_73.0_135.0.png'
6833,Z_RADA_C_BABJ_P_ACHN_CREF000_20260221094800_12.2_54.2_73.0_135.0.png,[Errno 2] No such file or directory: 'D:\\BaiduNetdiskDownload\\气象大模型数据（中南）-20260224\\气象雷达拼图（UTC）\\Z_RADA_C_BABJ_P_ACHN_CREF000_20260221094800_12.2_54.2_73.0_135.0.png'
6834,Z_RADA_C_BABJ_P_ACHN_CREF000_20260221095400_12.2_54.2_73.0_135.0.png,[Errno 2] No such file or directory: 'D:\\BaiduNetdiskDownload\\气象大模型数据（中南）-20260224\\气象雷达拼图（UTC）\\Z_RADA_C_BABJ_P_ACHN_CREF000_20260221095400_12.2_54.2_73.0_135.0.png'
6835,Z_RADA_C_BABJ_P_ACHN_CREF000_20260221100000_12.2_54.2_73.0_135.0.png,[Errno 2] No such file or directory: 'D:\\BaiduNetdiskDownload\\气象大模型数据（中南）-20260224\\气象雷达拼图（UTC）\\Z_RADA_C_BABJ_P_ACHN_CREF000_20260221100000_12.2_54.2_73.0_135.0.png'
6836,Z_RADA_C_BABJ_P_ACHN_CREF000_20260221100600_12.2_54.2_73.0_135.0.png,[Errno 2] No such file or directory: 'D:\\BaiduNetdiskDownload\\气象大模型数据（中南）-20260224\\气象雷达拼图（UTC）\\Z_RADA_C_BABJ_P_ACHN_CREF000_20260221100600_12.2_54.2_73.0_135.0.png'
6837,Z_RADA_C_BABJ_P_ACHN_CREF000_20260221101200_12.2_54.2_73.0_135.0.png,[Errno 2] No such file or directory: 'D:\\BaiduNetdiskDownload\\气象大模型数据（中南）-20260224\\气象雷达拼图（UTC）\\Z_RADA_C_BABJ_P_ACHN_CREF000_20260221101200_12.2_54.2_73.0_135.0.png'
6838,Z_RADA_C_BABJ_P_ACHN_CREF000_20260221101800_12.2_54.2_73.0_135.0.png,[Errno 2] No such file or directory: 'D:\\BaiduNetdiskDownload\\气象大模型数据（中南）-20260224\\气象雷达拼图（UTC）\\Z_RADA_C_BABJ_P_ACHN_CREF000_20260221101800_12.2_54.2_73.0_135.0.png'
6839,Z_RADA_C_BABJ_P_ACHN_CREF000_20260221102400_12.2_54.2_73.0_135.0.png,[Errno 2] No such file or directory: 'D:\\BaiduNetdiskDownload\\气象大模型数据（中南）-20260224\\气象雷达拼图（UTC）\\Z_RADA_C_BABJ_P_ACHN_CREF000_20260221102400_12.2_54.2_73.0_135.0.png'
6840,Z_RADA_C_BABJ_P_ACHN_CREF000_20260221103000_12.2_54.2_73.0_135.0.png,[Errno 2] No such file or directory: 'D:\\BaiduNetdiskDownload\\气象大模型数据（中南）-20260224\\气象雷达拼图（UTC）\\Z_RADA_C_BABJ_P_ACHN_CREF000_20260221103000_12.2_54.2_73.0_135.0.png'
6841,Z_RADA_C_BABJ_P_ACHN_CREF000_20260221103600_12.2_54.2_73.0_135.0.png,[Errno 2] No such file or directory: 'D:\\BaiduNetdiskDownload\\气象大模型数据（中南）-20260224\\气象雷达拼图（UTC）\\Z_RADA_C_BABJ_P_ACHN_CREF000_20260221103600_12.2_54.2_73.0_135.0.png'
6842,Z_RADA_C_BABJ_P_ACHN_CREF000_20260221104200_12.2_54.2_73.0_135.0.png,[Errno 2] No such file or directory: 'D:\\BaiduNetdiskDownload\\气象大模型数据（中南）-20260224\\气象雷达拼图（UTC）\\Z_RADA_C_BABJ_P_ACHN_CREF000_20260221104200_12.2_54.2_73.0_135.0.png'
6843,Z_RADA_C_BABJ_P_ACHN_CREF000_20260221104800_12.2_54.2_73.0_135.0.png,[Errno 2] No such file or directory: 'D:\\BaiduNetdiskDownload\\气象大模型数据（中南）-20260224\\气象雷达拼图（UTC）\\Z_RADA_C_BABJ_P_ACHN_CREF000_20260221104800_12.2_54.2_73.0_135.0.png'
6844,Z_RADA_C_BABJ_P_ACHN_CREF000_20260221105400_12.2_54.2_73.0_135.0.png,[Errno 2] No such file or directory: 'D:\\BaiduNetdiskDownload\\气象大模型数据（中南）-20260224\\气象雷达拼图（UTC）\\Z_RADA_C_BABJ_P_ACHN_CREF000_20260221105400_12.2_54.2_73.0_135.0.png'
6845,Z_RADA_C_BABJ_P_ACHN_CREF000_20260221110000_12.2_54.2_73.0_135.0.png,[Errno 2] No such file or directory: 'D:\\BaiduNetdiskDownload\\气象大模型数据（中南）-20260224\\气象雷达拼图（UTC）\\Z_RADA_C_BABJ_P_ACHN_CREF000_20260221110000_12.2_54.2_73.0_135.0.png'
6846,Z_RADA_C_BABJ_P_ACHN_CREF000_20260221110600_12.2_54.2_73.0_135.0.png,[Errno 2] No such file or directory: 'D:\\BaiduNetdiskDownload\\气象大模型数据（中南）-20260224\\气象雷达拼图（UTC）\\Z_RADA_C_BABJ_P_ACHN_CREF000_20260221110600_12.2_54.2_73.0_135.0.png'
6847,Z_RADA_C_BABJ_P_ACHN_CREF000_20260221111200_12.2_54.2_73.0_135.0.png,[Errno 2] No such file or directory: 'D:\\BaiduNetdiskDownload\\气象大模型数据（中南）-20260224\\气象雷达拼图（UTC）\\Z_RADA_C_BABJ_P_ACHN_CREF000_20260221111200_12.2_54.2_73.0_135.0.png'
6848,Z_RADA_C_BABJ_P_ACHN_CREF000_20260221111800_12.2_54.2_73.0_135.0.png,[Errno 2] No such file or directory: 'D:\\BaiduNetdiskDownload\\气象大模型数据（中南）-20260224\\气象雷达拼图（UTC）\\Z_RADA_C_BABJ_P_ACHN_CREF000_20260221111800_12.2_54.2_73.0_135.0.png'
6849,Z_RADA_C_BABJ_P_ACHN_CREF000_20260221112400_12.2_54.2_73.0_135.0.png,[Errno 2] No such file or directory: 'D:\\BaiduNetdiskDownload\\气象大模型数据（中南）-20260224\\气象雷达拼图（UTC）\\Z_RADA_C_BABJ_P_ACHN_CREF000_20260221112400_12.2_54.2_73.0_135.0.png'
6850,Z_RADA_C_BABJ_P_ACHN_CREF000_20260221113000_12.2_54.2_73.0_135.0.png,[Errno 2] No such file or directory: 'D:\\BaiduNetdiskDownload\\气象大模型数据（中南）-20260224\\气象雷达拼图（UTC）\\Z_RADA_C_BABJ_P_ACHN_CREF000_20260221113000_12.2_54.2_73.0_135.0.png'
6851,Z_RADA_C_BABJ_P_ACHN_CREF000_20260221113600_12.2_54.2_73.0_135.0.png,[Errno 2] No such file or directory: 'D:\\BaiduNetdiskDownload\\气象大模型数据（中南）-20260224\\气象雷达拼图（UTC）\\Z_RADA_C_BABJ_P_ACHN_CREF000_20260221113600_12.2_54.2_73.0_135.0.png'
6852,Z_RADA_C_BABJ_P_ACHN_CREF000_20260221114200_12.2_54.2_73.0_135.0.png,[Errno 2] No such file or directory: 'D:\\BaiduNetdiskDownload\\气象大模型数据（中南）-20260224\\气象雷达拼图（UTC）\\Z_RADA_C_BABJ_P_ACHN_CREF000_20260221114200_12.2_54.2_73.0_135.0.png'
6853,Z_RADA_C_BABJ_P_ACHN_CREF000_20260221114800_12.2_54.2_73.0_135.0.png,[Errno 2] No such file or directory: 'D:\\BaiduNetdiskDownload\\气象大模型数据（中南）-20260224\\气象雷达拼图（UTC）\\Z_RADA_C_BABJ_P_ACHN_CREF000_20260221114800_12.2_54.2_73.0_135.0.png'
6854,Z_RADA_C_BABJ_P_ACHN_CREF000_20260221115400_12.2_54.2_73.0_135.0.png,[Errno 2] No such file or directory: 'D:\\BaiduNetdiskDownload\\气象大模型数据（中南）-20260224\\气象雷达拼图（UTC）\\Z_RADA_C_BABJ_P_ACHN_CREF000_20260221115400_12.2_54.2_73.0_135.0.png'
6855,Z_RADA_C_BABJ_P_ACHN_CREF000_20260221120000_12.2_54.2_73.0_135.0.png,[Errno 2] No such file or directory: 'D:\\BaiduNetdiskDownload\\气象大模型数据（中南）-20260224\\气象雷达拼图（UTC）\\Z_RADA_C_BABJ_P_ACHN_CREF000_20260221120000_12.2_54.2_73.0_135.0.png'
6856,Z_RADA_C_BABJ_P_ACHN_CREF000_20260221120600_12.2_54.2_73.0_135.0.png,[Errno 2] No such file or directory: 'D:\\BaiduNetdiskDownload\\气象大模型数据（中南）-20260224\\气象雷达拼图（UTC）\\Z_RADA_C_BABJ_P_ACHN_CREF000_20260221120600_12.2_54.2_73.0_135.0.png'
6857,Z_RADA_C_BABJ_P_ACHN_CREF000_20260221121200_12.2_54.2_73.0_135.0.png,[Errno 2] No such file or directory: 'D:\\BaiduNetdiskDownload\\气象大模型数据（中南）-20260224\\气象雷达拼图（UTC）\\Z_RADA_C_BABJ_P_ACHN_CREF000_20260221121200_12.2_54.2_73.0_135.0.png'
6858,Z_RADA_C_BABJ_P_ACHN_CREF000_20260221121800_12.2_54.2_73.0_135.0.png,[Errno 2] No such file or directory: 'D:\\BaiduNetdiskDownload\\气象大模型数据（中南）-20260224\\气象雷达拼图（UTC）\\Z_RADA_C_BABJ_P_ACHN_CREF000_20260221121800_12.2_54.2_73.0_135.0.png'
6859,Z_RADA_C_BABJ_P_ACHN_CREF000_20260221122400_12.2_54.2_73.0_135.0.png,[Errno 2] No such file or directory: 'D:\\BaiduNetdiskDownload\\气象大模型数据（中南）-20260224\\气象雷达拼图（UTC）\\Z_RADA_C_BABJ_P_ACHN_CREF000_20260221122400_12.2_54.2_73.0_135.0.png'
6860,Z_RADA_C_BABJ_P_ACHN_CREF000_20260221123000_12.2_54.2_73.0_135.0.png,[Errno 2] No such file or directory: 'D:\\BaiduNetdiskDownload\\气象大模型数据（中南）-20260224\\气象雷达拼图（UTC）\\Z_RADA_C_BABJ_P_ACHN_CREF000_20260221123000_12.2_54.2_73.0_135.0.png'
6861,Z_RADA_C_BABJ_P_ACHN_CREF000_20260221123600_12.2_54.2_73.0_135.0.png,[Errno 2] No such file or directory: 'D:\\BaiduNetdiskDownload\\气象大模型数据（中南）-20260224\\气象雷达拼图（UTC）\\Z_RADA_C_BABJ_P_ACHN_CREF000_20260221123600_12.2_54.2_73.0_135.0.png'
6862,Z_RADA_C_BABJ_P_ACHN_CREF000_20260221124200_12.2_54.2_73.0_135.0.png,[Errno 2] No such file or directory: 'D:\\BaiduNetdiskDownload\\气象大模型数据（中南）-20260224\\气象雷达拼图（UTC）\\Z_RADA_C_BABJ_P_ACHN_CREF000_20260221124200_12.2_54.2_73.0_135.0.png'
6863,Z_RADA_C_BABJ_P_ACHN_CREF000_20260221124800_12.2_54.2_73.0_135.0.png,[Errno 2] No such file or directory: 'D:\\BaiduNetdiskDownload\\气象大模型数据（中南）-20260224\\气象雷达拼图（UTC）\\Z_RADA_C_BABJ_P_ACHN_CREF000_20260221124800_12.2_54.2_73.0_135.0.png'
6864,Z_RADA_C_BABJ_P_ACHN_CREF000_20260221125400_12.2_54.2_73.0_135.0.png,[Errno 2] No such file or directory: 'D:\\BaiduNetdiskDownload\\气象大模型数据（中南）-20260224\\气象雷达拼图（UTC）\\Z_RADA_C_BABJ_P_ACHN_CREF000_20260221125400_12.2_54.2_73.0_135.0.png'
6865,Z_RADA_C_BABJ_P_ACHN_CREF000_20260221130000_12.2_54.2_73.0_135.0.png,[Errno 2] No such file or directory: 'D:\\BaiduNetdiskDownload\\气象大模型数据（中南）-20260224\\气象雷达拼图（UTC）\\Z_RADA_C_BABJ_P_ACHN_CREF000_20260221130000_12.2_54.2_73.0_135.0.png'
6866,Z_RADA_C_BABJ_P_ACHN_CREF000_20260221130600_12.2_54.2_73.0_135.0.png,[Errno 2] No such file or directory: 'D:\\BaiduNetdiskDownload\\气象大模型数据（中南）-20260224\\气象雷达拼图（UTC）\\Z_RADA_C_BABJ_P_ACHN_CREF000_20260221130600_12.2_54.2_73.0_135.0.png'
6867,Z_RADA_C_BABJ_P_ACHN_CREF000_20260221131200_12.2_54.2_73.0_135.0.png,[Errno 2] No such file or directory: 'D:\\BaiduNetdiskDownload\\气象大模型数据（中南）-20260224\\气象雷达拼图（UTC）\\Z_RADA_C_BABJ_P_ACHN_CREF000_20260221131200_12.2_54.2_73.0_135.0.png'
6868,Z_RADA_C_BABJ_P_ACHN_CREF000_20260221131800_12.2_54.2_73.0_135.0.png,[Errno 2] No such file or directory: 'D:\\BaiduNetdiskDownload\\气象大模型数据（中南）-20260224\\气象雷达拼图（UTC）\\Z_RADA_C_BABJ_P_ACHN_CREF000_20260221131800_12.2_54.2_73.0_135.0.png'
6869,Z_RADA_C_BABJ_P_ACHN_CREF000_20260221132400_12.2_54.2_73.0_135.0.png,[Errno 2] No such file or directory: 'D:\\BaiduNetdiskDownload\\气象大模型数据（中南）-20260224\\气象雷达拼图（UTC）\\Z_RADA_C_BABJ_P_ACHN_CREF000_20260221132400_12.2_54.2_73.0_135.0.png'
6870,Z_RADA_C_BABJ_P_ACHN_CREF000_20260221133000_12.2_54.2_73.0_135.0.png,[Errno 2] No such file or directory: 'D:\\BaiduNetdiskDownload\\气象大模型数据（中南）-20260224\\气象雷达拼图（UTC）\\Z_RADA_C_BABJ_P_ACHN_CREF000_20260221133000_12.2_54.2_73.0_135.0.png'
6871,Z_RADA_C_BABJ_P_ACHN_CREF000_20260221133600_12.2_54.2_73.0_135.0.png,[Errno 2] No such file or directory: 'D:\\BaiduNetdiskDownload\\气象大模型数据（中南）-20260224\\气象雷达拼图（UTC）\\Z_RADA_C_BABJ_P_ACHN_CREF000_20260221133600_12.2_54.2_73.0_135.0.png'
6872,Z_RADA_C_BABJ_P_ACHN_CREF000_20260221134200_12.2_54.2_73.0_135.0.png,[Errno 2] No such file or directory: 'D:\\BaiduNetdiskDownload\\气象大模型数据（中南）-20260224\\气象雷达拼图（UTC）\\Z_RADA_C_BABJ_P_ACHN_CREF000_20260221134200_12.2_54.2_73.0_135.0.png'
6873,Z_RADA_C_BABJ_P_ACHN_CREF000_20260221134800_12.2_54.2_73.0_135.0.png,[Errno 2] No such file or directory: 'D:\\BaiduNetdiskDownload\\气象大模型数据（中南）-20260224\\气象雷达拼图（UTC）\\Z_RADA_C_BABJ_P_ACHN_CREF000_20260221134800_12.2_54.2_73.0_135.0.png'
6874,Z_RADA_C_BABJ_P_ACHN_CREF000_20260221135400_12.2_54.2_73.0_135.0.png,[Errno 2] No such file or directory: 'D:\\BaiduNetdiskDownload\\气象大模型数据（中南）-20260224\\气象雷达拼图（UTC）\\Z_RADA_C_BABJ_P_ACHN_CREF000_20260221135400_12.2_54.2_73.0_135.0.png'
6875,Z_RADA_C_BABJ_P_ACHN_CREF000_20260221140000_12.2_54.2_73.0_135.0.png,[Errno 2] No such file or directory: 'D:\\BaiduNetdiskDownload\\气象大模型数据（中南）-20260224\\气象雷达拼图（UTC）\\Z_RADA_C_BABJ_P_ACHN_CREF000_20260221140000_12.2_54.2_73.0_135.0.png'
6876,Z_RADA_C_BABJ_P_ACHN_CREF000_20260221140600_12.2_54.2_73.0_135.0.png,[Errno 2] No such file or directory: 'D:\\BaiduNetdiskDownload\\气象大模型数据（中南）-20260224\\气象雷达拼图（UTC）\\Z_RADA_C_BABJ_P_ACHN_CREF000_20260221140600_12.2_54.2_73.0_135.0.png'
6877,Z_RADA_C_BABJ_P_ACHN_CREF000_20260221141200_12.2_54.2_73.0_135.0.png,[Errno 2] No such file or directory: 'D:\\BaiduNetdiskDownload\\气象大模型数据（中南）-20260224\\气象雷达拼图（UTC）\\Z_RADA_C_BABJ_P_ACHN_CREF000_20260221141200_12.2_54.2_73.0_135.0.png'
6878,Z_RADA_C_BABJ_P_ACHN_CREF000_20260221141800_12.2_54.2_73.0_135.0.png,[Errno 2] No such file or directory: 'D:\\BaiduNetdiskDownload\\气象大模型数据（中南）-20260224\\气象雷达拼图（UTC）\\Z_RADA_C_BABJ_P_ACHN_CREF000_20260221141800_12.2_54.2_73.0_135.0.png'
6879,Z_RADA_C_BABJ_P_ACHN_CREF000_20260221142400_12.2_54.2_73.0_135.0.png,[Errno 2] No such file or directory: 'D:\\BaiduNetdiskDownload\\气象大模型数据（中南）-20260224\\气象雷达拼图（UTC）\\Z_RADA_C_BABJ_P_ACHN_CREF000_20260221142400_12.2_54.2_73.0_135.0.png'
6880,Z_RADA_C_BABJ_P_ACHN_CREF000_20260221143000_12.2_54.2_73.0_135.0.png,[Errno 2] No such file or directory: 'D:\\BaiduNetdiskDownload\\气象大模型数据（中南）-20260224\\气象雷达拼图（UTC）\\Z_RADA_C_BABJ_P_ACHN_CREF000_20260221143000_12.2_54.2_73.0_135.0.png'
6881,Z_RADA_C_BABJ_P_ACHN_CREF000_20260221143600_12.2_54.2_73.0_135.0.png,[Errno 2] No such file or directory: 'D:\\BaiduNetdiskDownload\\气象大模型数据（中南）-20260224\\气象雷达拼图（UTC）\\Z_RADA_C_BABJ_P_ACHN_CREF000_20260221143600_12.2_54.2_73.0_135.0.png'
6882,Z_RADA_C_BABJ_P_ACHN_CREF000_20260221144200_12.2_54.2_73.0_135.0.png,[Errno 2] No such file or directory: 'D:\\BaiduNetdiskDownload\\气象大模型数据（中南）-20260224\\气象雷达拼图（UTC）\\Z_RADA_C_BABJ_P_ACHN_CREF000_20260221144200_12.2_54.2_73.0_135.0.png'
6883,Z_RADA_C_BABJ_P_ACHN_CREF000_20260221144800_12.2_54.2_73.0_135.0.png,[Errno 2] No such file or directory: 'D:\\BaiduNetdiskDownload\\气象大模型数据（中南）-20260224\\气象雷达拼图（UTC）\\Z_RADA_C_BABJ_P_ACHN_CREF000_20260221144800_12.2_54.2_73.0_135.0.png'
6884,Z_RADA_C_BABJ_P_ACHN_CREF000_20260221145400_12.2_54.2_73.0_135.0.png,[Errno 2] No such file or directory: 'D:\\BaiduNetdiskDownload\\气象大模型数据（中南）-20260224\\气象雷达拼图（UTC）\\Z_RADA_C_BABJ_P_ACHN_CREF000_20260221145400_12.2_54.2_73.0_135.0.png'
6885,Z_RADA_C_BABJ_P_ACHN_CREF000_20260221150000_12.2_54.2_73.0_135.0.png,[Errno 2] No such file or directory: 'D:\\BaiduNetdiskDownload\\气象大模型数据（中南）-20260224\\气象雷达拼图（UTC）\\Z_RADA_C_BABJ_P_ACHN_CREF000_20260221150000_12.2_54.2_73.0_135.0.png'
6886,Z_RADA_C_BABJ_P_ACHN_CREF000_20260221150600_12.2_54.2_73.0_135.0.png,[Errno 2] No such file or directory: 'D:\\BaiduNetdiskDownload\\气象大模型数据（中南）-20260224\\气象雷达拼图（UTC）\\Z_RADA_C_BABJ_P_ACHN_CREF000_20260221150600_12.2_54.2_73.0_135.0.png'
6887,Z_RADA_C_BABJ_P_ACHN_CREF000_20260221151200_12.2_54.2_73.0_135.0.png,[Errno 2] No such file or directory: 'D:\\BaiduNetdiskDownload\\气象大模型数据（中南）-20260224\\气象雷达拼图（UTC）\\Z_RADA_C_BABJ_P_ACHN_CREF000_20260221151200_12.2_54.2_73.0_135.0.png'
6888,Z_RADA_C_BABJ_P_ACHN_CREF000_20260221151800_12.2_54.2_73.0_135.0.png,[Errno 2] No such file or directory: 'D:\\BaiduNetdiskDownload\\气象大模型数据（中南）-20260224\\气象雷达拼图（UTC）\\Z_RADA_C_BABJ_P_ACHN_CREF000_20260221151800_12.2_54.2_73.0_135.0.png'
6889,Z_RADA_C_BABJ_P_ACHN_CREF000_20260221152400_12.2_54.2_73.0_135.0.png,[Errno 2] No such file or directory: 'D:\\BaiduNetdiskDownload\\气象大模型数据（中南）-20260224\\气象雷达拼图（UTC）\\Z_RADA_C_BABJ_P_ACHN_CREF000_20260221152400_12.2_54.2_73.0_135.0.png'
6890,Z_RADA_C_BABJ_P_ACHN_CREF000_20260221153000_12.2_54.2_73.0_135.0.png,[Errno 2] No such file or directory: 'D:\\BaiduNetdiskDownload\\气象大模型数据（中南）-20260224\\气象雷达拼图（UTC）\\Z_RADA_C_BABJ_P_ACHN_CREF000_20260221153000_12.2_54.2_73.0_135.0.png'
6891,Z_RADA_C_BABJ_P_ACHN_CREF000_20260221153600_12.2_54.2_73.0_135.0.png,[Errno 2] No such file or directory: 'D:\\BaiduNetdiskDownload\\气象大模型数据（中南）-20260224\\气象雷达拼图（UTC）\\Z_RADA_C_BABJ_P_ACHN_CREF000_20260221153600_12.2_54.2_73.0_135.0.png'
6892,Z_RADA_C_BABJ_P_ACHN_CREF000_20260221154200_12.2_54.2_73.0_135.0.png,[Errno 2] No such file or directory: 'D:\\BaiduNetdiskDownload\\气象大模型数据（中南）-20260224\\气象雷达拼图（UTC）\\Z_RADA_C_BABJ_P_ACHN_CREF000_20260221154200_12.2_54.2_73.0_135.0.png'
6893,Z_RADA_C_BABJ_P_ACHN_CREF000_20260221154800_12.2_54.2_73.0_135.0.png,[Errno 2] No such file or directory: 'D:\\BaiduNetdiskDownload\\气象大模型数据（中南）-20260224\\气象雷达拼图（UTC）\\Z_RADA_C_BABJ_P_ACHN_CREF000_20260221154800_12.2_54.2_73.0_135.0.png'
6894,Z_RADA_C_BABJ_P_ACHN_CREF000_20260221155400_12.2_54.2_73.0_135.0.png,[Errno 2] No such file or directory: 'D:\\BaiduNetdiskDownload\\气象大模型数据（中南）-20260224\\气象雷达拼图（UTC）\\Z_RADA_C_BABJ_P_ACHN_CREF000_20260221155400_12.2_54.2_73.0_135.0.png'
6895,Z_RADA_C_BABJ_P_ACHN_CREF000_20260221160000_12.2_54.2_73.0_135.0.png,[Errno 2] No such file or directory: 'D:\\BaiduNetdiskDownload\\气象大模型数据（中南）-20260224\\气象雷达拼图（UTC）\\Z_RADA_C_BABJ_P_ACHN_CREF000_20260221160000_12.2_54.2_73.0_135.0.png'
6896,Z_RADA_C_BABJ_P_ACHN_CREF000_20260221160600_12.2_54.2_73.0_135.0.png,[Errno 2] No such file or directory: 'D:\\BaiduNetdiskDownload\\气象大模型数据（中南）-20260224\\气象雷达拼图（UTC）\\Z_RADA_C_BABJ_P_ACHN_CREF000_20260221160600_12.2_54.2_73.0_135.0.png'
6897,Z_RADA_C_BABJ_P_ACHN_CREF000_20260221161200_12.2_54.2_73.0_135.0.png,[Errno 2] No such file or directory: 'D:\\BaiduNetdiskDownload\\气象大模型数据（中南）-20260224\\气象雷达拼图（UTC）\\Z_RADA_C_BABJ_P_ACHN_CREF000_20260221161200_12.2_54.2_73.0_135.0.png'
6898,Z_RADA_C_BABJ_P_ACHN_CREF000_20260221161800_12.2_54.2_73.0_135.0.png,[Errno 2] No such file or directory: 'D:\\BaiduNetdiskDownload\\气象大模型数据（中南）-20260224\\气象雷达拼图（UTC）\\Z_RADA_C_BABJ_P_ACHN_CREF000_20260221161800_12.2_54.2_73.0_135.0.png'
6899,Z_RADA_C_BABJ_P_ACHN_CREF000_20260221162400_12.2_54.2_73.0_135.0.png,[Errno 2] No such file or directory: 'D:\\BaiduNetdiskDownload\\气象大模型数据（中南）-20260224\\气象雷达拼图（UTC）\\Z_RADA_C_BABJ_P_ACHN_CREF000_20260221162400_12.2_54.2_73.0_135.0.png'
6900,Z_RADA_C_BABJ_P_ACHN_CREF000_20260221163000_12.2_54.2_73.0_135.0.png,[Errno 2] No such file or directory: 'D:\\BaiduNetdiskDownload\\气象大模型数据（中南）-20260224\\气象雷达拼图（UTC）\\Z_RADA_C_BABJ_P_ACHN_CREF000_20260221163000_12.2_54.2_73.0_135.0.png'
6901,Z_RADA_C_BABJ_P_ACHN_CREF000_20260221163600_12.2_54.2_73.0_135.0.png,[Errno 2] No such file or directory: 'D:\\BaiduNetdiskDownload\\气象大模型数据（中南）-20260224\\气象雷达拼图（UTC）\\Z_RADA_C_BABJ_P_ACHN_CREF000_20260221163600_12.2_54.2_73.0_135.0.png'
6902,Z_RADA_C_BABJ_P_ACHN_CREF000_20260221164200_12.2_54.2_73.0_135.0.png,[Errno 2] No such file or directory: 'D:\\BaiduNetdiskDownload\\气象大模型数据（中南）-20260224\\气象雷达拼图（UTC）\\Z_RADA_C_BABJ_P_ACHN_CREF000_20260221164200_12.2_54.2_73.0_135.0.png'
6903,Z_RADA_C_BABJ_P_ACHN_CREF000_20260221164800_12.2_54.2_73.0_135.0.png,[Errno 2] No such file or directory: 'D:\\BaiduNetdiskDownload\\气象大模型数据（中南）-20260224\\气象雷达拼图（UTC）\\Z_RADA_C_BABJ_P_ACHN_CREF000_20260221164800_12.2_54.2_73.0_135.0.png'
6904,Z_RADA_C_BABJ_P_ACHN_CREF000_20260221165400_12.2_54.2_73.0_135.0.png,[Errno 2] No such file or directory: 'D:\\BaiduNetdiskDownload\\气象大模型数据（中南）-20260224\\气象雷达拼图（UTC）\\Z_RADA_C_BABJ_P_ACHN_CREF000_20260221165400_12.2_54.2_73.0_135.0.png'
6905,Z_RADA_C_BABJ_P_ACHN_CREF000_20260221170000_12.2_54.2_73.0_135.0.png,[Errno 2] No such file or directory: 'D:\\BaiduNetdiskDownload\\气象大模型数据（中南）-20260224\\气象雷达拼图（UTC）\\Z_RADA_C_BABJ_P_ACHN_CREF000_20260221170000_12.2_54.2_73.0_135.0.png'
6906,Z_RADA_C_BABJ_P_ACHN_CREF000_20260221170600_12.2_54.2_73.0_135.0.png,[Errno 2] No such file or directory: 'D:\\BaiduNetdiskDownload\\气象大模型数据（中南）-20260224\\气象雷达拼图（UTC）\\Z_RADA_C_BABJ_P_ACHN_CREF000_20260221170600_12.2_54.2_73.0_135.0.png'
6907,Z_RADA_C_BABJ_P_ACHN_CREF000_20260221171200_12.2_54.2_73.0_135.0.png,[Errno 2] No such file or directory: 'D:\\BaiduNetdiskDownload\\气象大模型数据（中南）-20260224\\气象雷达拼图（UTC）\\Z_RADA_C_BABJ_P_ACHN_CREF000_20260221171200_12.2_54.2_73.0_135.0.png'
6908,Z_RADA_C_BABJ_P_ACHN_CREF000_20260221171800_12.2_54.2_73.0_135.0.png,[Errno 2] No such file or directory: 'D:\\BaiduNetdiskDownload\\气象大模型数据（中南）-20260224\\气象雷达拼图（UTC）\\Z_RADA_C_BABJ_P_ACHN_CREF000_20260221171800_12.2_54.2_73.0_135.0.png'
6909,Z_RADA_C_BABJ_P_ACHN_CREF000_20260221172400_12.2_54.2_73.0_135.0.png,[Errno 2] No such file or directory: 'D:\\BaiduNetdiskDownload\\气象大模型数据（中南）-20260224\\气象雷达拼图（UTC）\\Z_RADA_C_BABJ_P_ACHN_CREF000_20260221172400_12.2_54.2_73.0_135.0.png'
6910,Z_RADA_C_BABJ_P_ACHN_CREF000_20260221173000_12.2_54.2_73.0_135.0.png,[Errno 2] No such file or directory: 'D:\\BaiduNetdiskDownload\\气象大模型数据（中南）-20260224\\气象雷达拼图（UTC）\\Z_RADA_C_BABJ_P_ACHN_CREF000_20260221173000_12.2_54.2_73.0_135.0.png'
6911,Z_RADA_C_BABJ_P_ACHN_CREF000_20260221173600_12.2_54.2_73.0_135.0.png,[Errno 2] No such file or directory: 'D:\\BaiduNetdiskDownload\\气象大模型数据（中南）-20260224\\气象雷达拼图（UTC）\\Z_RADA_C_BABJ_P_ACHN_CREF000_20260221173600_12.2_54.2_73.0_135.0.png'
6912,Z_RADA_C_BABJ_P_ACHN_CREF000_20260221174200_12.2_54.2_73.0_135.0.png,[Errno 2] No such file or directory: 'D:\\BaiduNetdiskDownload\\气象大模型数据（中南）-20260224\\气象雷达拼图（UTC）\\Z_RADA_C_BABJ_P_ACHN_CREF000_20260221174200_12.2_54.2_73.0_135.0.png'
6913,Z_RADA_C_BABJ_P_ACHN_CREF000_20260221174800_12.2_54.2_73.0_135.0.png,[Errno 2] No such file or directory: 'D:\\BaiduNetdiskDownload\\气象大模型数据（中南）-20260224\\气象雷达拼图（UTC）\\Z_RADA_C_BABJ_P_ACHN_CREF000_20260221174800_12.2_54.2_73.0_135.0.png'
6914,Z_RADA_C_BABJ_P_ACHN_CREF000_20260221175400_12.2_54.2_73.0_135.0.png,[Errno 2] No such file or directory: 'D:\\BaiduNetdiskDownload\\气象大模型数据（中南）-20260224\\气象雷达拼图（UTC）\\Z_RADA_C_BABJ_P_ACHN_CREF000_20260221175400_12.2_54.2_73.0_135.0.png'
6915,Z_RADA_C_BABJ_P_ACHN_CREF000_20260221180000_12.2_54.2_73.0_135.0.png,[Errno 2] No such file or directory: 'D:\\BaiduNetdiskDownload\\气象大模型数据（中南）-20260224\\气象雷达拼图（UTC）\\Z_RADA_C_BABJ_P_ACHN_CREF000_20260221180000_12.2_54.2_73.0_135.0.png'
6916,Z_RADA_C_BABJ_P_ACHN_CREF000_20260221180600_12.2_54.2_73.0_135.0.png,[Errno 2] No such file or directory: 'D:\\BaiduNetdiskDownload\\气象大模型数据（中南）-20260224\\气象雷达拼图（UTC）\\Z_RADA_C_BABJ_P_ACHN_CREF000_20260221180600_12.2_54.2_73.0_135.0.png'
6917,Z_RADA_C_BABJ_P_ACHN_CREF000_20260221181200_12.2_54.2_73.0_135.0.png,[Errno 2] No such file or directory: 'D:\\BaiduNetdiskDownload\\气象大模型数据（中南）-20260224\\气象雷达拼图（UTC）\\Z_RADA_C_BABJ_P_ACHN_CREF000_20260221181200_12.2_54.2_73.0_135.0.png'
6918,Z_RADA_C_BABJ_P_ACHN_CREF000_20260221181800_12.2_54.2_73.0_135.0.png,[Errno 2] No such file or directory: 'D:\\BaiduNetdiskDownload\\气象大模型数据（中南）-20260224\\气象雷达拼图（UTC）\\Z_RADA_C_BABJ_P_ACHN_CREF000_20260221181800_12.2_54.2_73.0_135.0.png'
6919,Z_RADA_C_BABJ_P_ACHN_CREF000_20260221182400_12.2_54.2_73.0_135.0.png,[Errno 2] No such file or directory: 'D:\\BaiduNetdiskDownload\\气象大模型数据（中南）-20260224\\气象雷达拼图（UTC）\\Z_RADA_C_BABJ_P_ACHN_CREF000_20260221182400_12.2_54.2_73.0_135.0.png'
6920,Z_RADA_C_BABJ_P_ACHN_CREF000_20260221183000_12.2_54.2_73.0_135.0.png,[Errno 2] No such file or directory: 'D:\\BaiduNetdiskDownload\\气象大模型数据（中南）-20260224\\气象雷达拼图（UTC）\\Z_RADA_C_BABJ_P_ACHN_CREF000_20260221183000_12.2_54.2_73.0_135.0.png'
6921,Z_RADA_C_BABJ_P_ACHN_CREF000_20260221183600_12.2_54.2_73.0_135.0.png,[Errno 2] No such file or directory: 'D:\\BaiduNetdiskDownload\\气象大模型数据（中南）-20260224\\气象雷达拼图（UTC）\\Z_RADA_C_BABJ_P_ACHN_CREF000_20260221183600_12.2_54.2_73.0_135.0.png'
6922,Z_RADA_C_BABJ_P_ACHN_CREF000_20260221184200_12.2_54.2_73.0_135.0.png,[Errno 2] No such file or directory: 'D:\\BaiduNetdiskDownload\\气象大模型数据（中南）-20260224\\气象雷达拼图（UTC）\\Z_RADA_C_BABJ_P_ACHN_CREF000_20260221184200_12.2_54.2_73.0_135.0.png'
6923,Z_RADA_C_BABJ_P_ACHN_CREF000_20260221184800_12.2_54.2_73.0_135.0.png,[Errno 2] No such file or directory: 'D:\\BaiduNetdiskDownload\\气象大模型数据（中南）-20260224\\气象雷达拼图（UTC）\\Z_RADA_C_BABJ_P_ACHN_CREF000_20260221184800_12.2_54.2_73.0_135.0.png'
6924,Z_RADA_C_BABJ_P_ACHN_CREF000_20260221185400_12.2_54.2_73.0_135.0.png,[Errno 2] No such file or directory: 'D:\\BaiduNetdiskDownload\\气象大模型数据（中南）-20260224\\气象雷达拼图（UTC）\\Z_RADA_C_BABJ_P_ACHN_CREF000_20260221185400_12.2_54.2_73.0_135.0.png'
6925,Z_RADA_C_BABJ_P_ACHN_CREF000_20260221190000_12.2_54.2_73.0_135.0.png,[Errno 2] No such file or directory: 'D:\\BaiduNetdiskDownload\\气象大模型数据（中南）-20260224\\气象雷达拼图（UTC）\\Z_RADA_C_BABJ_P_ACHN_CREF000_20260221190000_12.2_54.2_73.0_135.0.png'
6926,Z_RADA_C_BABJ_P_ACHN_CREF000_20260221190600_12.2_54.2_73.0_135.0.png,[Errno 2] No such file or directory: 'D:\\BaiduNetdiskDownload\\气象大模型数据（中南）-20260224\\气象雷达拼图（UTC）\\Z_RADA_C_BABJ_P_ACHN_CREF000_20260221190600_12.2_54.2_73.0_135.0.png'
6927,Z_RADA_C_BABJ_P_ACHN_CREF000_20260221191200_12.2_54.2_73.0_135.0.png,[Errno 2] No such file or directory: 'D:\\BaiduNetdiskDownload\\气象大模型数据（中南）-20260224\\气象雷达拼图（UTC）\\Z_RADA_C_BABJ_P_ACHN_CREF000_20260221191200_12.2_54.2_73.0_135.0.png'
6928,Z_RADA_C_BABJ_P_ACHN_CREF000_20260221191800_12.2_54.2_73.0_135.0.png,[Errno 2] No such file or directory: 'D:\\BaiduNetdiskDownload\\气象大模型数据（中南）-20260224\\气象雷达拼图（UTC）\\Z_RADA_C_BABJ_P_ACHN_CREF000_20260221191800_12.2_54.2_73.0_135.0.png'
6929,Z_RADA_C_BABJ_P_ACHN_CREF000_20260221192400_12.2_54.2_73.0_135.0.png,[Errno 2] No such file or directory: 'D:\\BaiduNetdiskDownload\\气象大模型数据（中南）-20260224\\气象雷达拼图（UTC）\\Z_RADA_C_BABJ_P_ACHN_CREF000_20260221192400_12.2_54.2_73.0_135.0.png'
6930,Z_RADA_C_BABJ_P_ACHN_CREF000_20260221193000_12.2_54.2_73.0_135.0.png,[Errno 2] No such file or directory: 'D:\\BaiduNetdiskDownload\\气象大模型数据（中南）-20260224\\气象雷达拼图（UTC）\\Z_RADA_C_BABJ_P_ACHN_CREF000_20260221193000_12.2_54.2_73.0_135.0.png'
6931,Z_RADA_C_BABJ_P_ACHN_CREF000_20260221193600_12.2_54.2_73.0_135.0.png,[Errno 2] No such file or directory: 'D:\\BaiduNetdiskDownload\\气象大模型数据（中南）-20260224\\气象雷达拼图（UTC）\\Z_RADA_C_BABJ_P_ACHN_CREF000_20260221193600_12.2_54.2_73.0_135.0.png'
6932,Z_RADA_C_BABJ_P_ACHN_CREF000_20260221194200_12.2_54.2_73.0_135.0.png,[Errno 2] No such file or directory: 'D:\\BaiduNetdiskDownload\\气象大模型数据（中南）-20260224\\气象雷达拼图（UTC）\\Z_RADA_C_BABJ_P_ACHN_CREF000_20260221194200_12.2_54.2_73.0_135.0.png'
6933,Z_RADA_C_BABJ_P_ACHN_CREF000_20260221194800_12.2_54.2_73.0_135.0.png,[Errno 2] No such file or directory: 'D:\\BaiduNetdiskDownload\\气象大模型数据（中南）-20260224\\气象雷达拼图（UTC）\\Z_RADA_C_BABJ_P_ACHN_CREF000_20260221194800_12.2_54.2_73.0_135.0.png'
6934,Z_RADA_C_BABJ_P_ACHN_CREF000_20260221195400_12.2_54.2_73.0_135.0.png,[Errno 2] No such file or directory: 'D:\\BaiduNetdiskDownload\\气象大模型数据（中南）-20260224\\气象雷达拼图（UTC）\\Z_RADA_C_BABJ_P_ACHN_CREF000_20260221195400_12.2_54.2_73.0_135.0.png'
6935,Z_RADA_C_BABJ_P_ACHN_CREF000_20260221200000_12.2_54.2_73.0_135.0.png,[Errno 2] No such file or directory: 'D:\\BaiduNetdiskDownload\\气象大模型数据（中南）-20260224\\气象雷达拼图（UTC）\\Z_RADA_C_BABJ_P_ACHN_CREF000_20260221200000_12.2_54.2_73.0_135.0.png'
6936,Z_RADA_C_BABJ_P_ACHN_CREF000_20260221200600_12.2_54.2_73.0_135.0.png,[Errno 2] No such file or directory: 'D:\\BaiduNetdiskDownload\\气象大模型数据（中南）-20260224\\气象雷达拼图（UTC）\\Z_RADA_C_BABJ_P_ACHN_CREF000_20260221200600_12.2_54.2_73.0_135.0.png'
6937,Z_RADA_C_BABJ_P_ACHN_CREF000_20260221201200_12.2_54.2_73.0_135.0.png,[Errno 2] No such file or directory: 'D:\\BaiduNetdiskDownload\\气象大模型数据（中南）-20260224\\气象雷达拼图（UTC）\\Z_RADA_C_BABJ_P_ACHN_CREF000_20260221201200_12.2_54.2_73.0_135.0.png'
6938,Z_RADA_C_BABJ_P_ACHN_CREF000_20260221201800_12.2_54.2_73.0_135.0.png,[Errno 2] No such file or directory: 'D:\\BaiduNetdiskDownload\\气象大模型数据（中南）-20260224\\气象雷达拼图（UTC）\\Z_RADA_C_BABJ_P_ACHN_CREF000_20260221201800_12.2_54.2_73.0_135.0.png'
6939,Z_RADA_C_BABJ_P_ACHN_CREF000_20260221202400_12.2_54.2_73.0_135.0.png,[Errno 2] No such file or directory: 'D:\\BaiduNetdiskDownload\\气象大模型数据（中南）-20260224\\气象雷达拼图（UTC）\\Z_RADA_C_BABJ_P_ACHN_CREF000_20260221202400_12.2_54.2_73.0_135.0.png'
6940,Z_RADA_C_BABJ_P_ACHN_CREF000_20260221203000_12.2_54.2_73.0_135.0.png,[Errno 2] No such file or directory: 'D:\\BaiduNetdiskDownload\\气象大模型数据（中南）-20260224\\气象雷达拼图（UTC）\\Z_RADA_C_BABJ_P_ACHN_CREF000_20260221203000_12.2_54.2_73.0_135.0.png'
6941,Z_RADA_C_BABJ_P_ACHN_CREF000_20260221203600_12.2_54.2_73.0_135.0.png,[Errno 2] No such file or directory: 'D:\\BaiduNetdiskDownload\\气象大模型数据（中南）-20260224\\气象雷达拼图（UTC）\\Z_RADA_C_BABJ_P_ACHN_CREF000_20260221203600_12.2_54.2_73.0_135.0.png'
6942,Z_RADA_C_BABJ_P_ACHN_CREF000_20260221204200_12.2_54.2_73.0_135.0.png,[Errno 2] No such file or directory: 'D:\\BaiduNetdiskDownload\\气象大模型数据（中南）-20260224\\气象雷达拼图（UTC）\\Z_RADA_C_BABJ_P_ACHN_CREF000_20260221204200_12.2_54.2_73.0_135.0.png'
6943,Z_RADA_C_BABJ_P_ACHN_CREF000_20260221204800_12.2_54.2_73.0_135.0.png,[Errno 2] No such file or directory: 'D:\\BaiduNetdiskDownload\\气象大模型数据（中南）-20260224\\气象雷达拼图（UTC）\\Z_RADA_C_BABJ_P_ACHN_CREF000_20260221204800_12.2_54.2_73.0_135.0.png'
6944,Z_RADA_C_BABJ_P_ACHN_CREF000_20260221205400_12.2_54.2_73.0_135.0.png,[Errno 2] No such file or directory: 'D:\\BaiduNetdiskDownload\\气象大模型数据（中南）-20260224\\气象雷达拼图（UTC）\\Z_RADA_C_BABJ_P_ACHN_CREF000_20260221205400_12.2_54.2_73.0_135.0.png'
6945,Z_RADA_C_BABJ_P_ACHN_CREF000_20260221210000_12.2_54.2_73.0_135.0.png,[Errno 2] No such file or directory: 'D:\\BaiduNetdiskDownload\\气象大模型数据（中南）-20260224\\气象雷达拼图（UTC）\\Z_RADA_C_BABJ_P_ACHN_CREF000_20260221210000_12.2_54.2_73.0_135.0.png'
6946,Z_RADA_C_BABJ_P_ACHN_CREF000_20260221210600_12.2_54.2_73.0_135.0.png,[Errno 2] No such file or directory: 'D:\\BaiduNetdiskDownload\\气象大模型数据（中南）-20260224\\气象雷达拼图（UTC）\\Z_RADA_C_BABJ_P_ACHN_CREF000_20260221210600_12.2_54.2_73.0_135.0.png'
6947,Z_RADA_C_BABJ_P_ACHN_CREF000_20260221211200_12.2_54.2_73.0_135.0.png,[Errno 2] No such file or directory: 'D:\\BaiduNetdiskDownload\\气象大模型数据（中南）-20260224\\气象雷达拼图（UTC）\\Z_RADA_C_BABJ_P_ACHN_CREF000_20260221211200_12.2_54.2_73.0_135.0.png'
6948,Z_RADA_C_BABJ_P_ACHN_CREF000_20260221211800_12.2_54.2_73.0_135.0.png,[Errno 2] No such file or directory: 'D:\\BaiduNetdiskDownload\\气象大模型数据（中南）-20260224\\气象雷达拼图（UTC）\\Z_RADA_C_BABJ_P_ACHN_CREF000_20260221211800_12.2_54.2_73.0_135.0.png'
6949,Z_RADA_C_BABJ_P_ACHN_CREF000_20260221212400_12.2_54.2_73.0_135.0.png,[Errno 2] No such file or directory: 'D:\\BaiduNetdiskDownload\\气象大模型数据（中南）-20260224\\气象雷达拼图（UTC）\\Z_RADA_C_BABJ_P_ACHN_CREF000_20260221212400_12.2_54.2_73.0_135.0.png'
6950,Z_RADA_C_BABJ_P_ACHN_CREF000_20260221213000_12.2_54.2_73.0_135.0.png,[Errno 2] No such file or directory: 'D:\\BaiduNetdiskDownload\\气象大模型数据（中南）-20260224\\气象雷达拼图（UTC）\\Z_RADA_C_BABJ_P_ACHN_CREF000_20260221213000_12.2_54.2_73.0_135.0.png'
6951,Z_RADA_C_BABJ_P_ACHN_CREF000_20260221213600_12.2_54.2_73.0_135.0.png,[Errno 2] No such file or directory: 'D:\\BaiduNetdiskDownload\\气象大模型数据（中南）-20260224\\气象雷达拼图（UTC）\\Z_RADA_C_BABJ_P_ACHN_CREF000_20260221213600_12.2_54.2_73.0_135.0.png'
6952,Z_RADA_C_BABJ_P_ACHN_CREF000_20260221214200_12.2_54.2_73.0_135.0.png,[Errno 2] No such file or directory: 'D:\\BaiduNetdiskDownload\\气象大模型数据（中南）-20260224\\气象雷达拼图（UTC）\\Z_RADA_C_BABJ_P_ACHN_CREF000_20260221214200_12.2_54.2_73.0_135.0.png'
6953,Z_RADA_C_BABJ_P_ACHN_CREF000_20260221214800_12.2_54.2_73.0_135.0.png,[Errno 2] No such file or directory: 'D:\\BaiduNetdiskDownload\\气象大模型数据（中南）-20260224\\气象雷达拼图（UTC）\\Z_RADA_C_BABJ_P_ACHN_CREF000_20260221214800_12.2_54.2_73.0_135.0.png'
6954,Z_RADA_C_BABJ_P_ACHN_CREF000_20260221215400_12.2_54.2_73.0_135.0.png,[Errno 2] No such file or directory: 'D:\\BaiduNetdiskDownload\\气象大模型数据（中南）-20260224\\气象雷达拼图（UTC）\\Z_RADA_C_BABJ_P_ACHN_CREF000_20260221215400_12.2_54.2_73.0_135.0.png'
6955,Z_RADA_C_BABJ_P_ACHN_CREF000_20260221220000_12.2_54.2_73.0_135.0.png,[Errno 2] No such file or directory: 'D:\\BaiduNetdiskDownload\\气象大模型数据（中南）-20260224\\气象雷达拼图（UTC）\\Z_RADA_C_BABJ_P_ACHN_CREF000_20260221220000_12.2_54.2_73.0_135.0.png'
6956,Z_RADA_C_BABJ_P_ACHN_CREF000_20260221220600_12.2_54.2_73.0_135.0.png,[Errno 2] No such file or directory: 'D:\\BaiduNetdiskDownload\\气象大模型数据（中南）-20260224\\气象雷达拼图（UTC）\\Z_RADA_C_BABJ_P_ACHN_CREF000_20260221220600_12.2_54.2_73.0_135.0.png'
6957,Z_RADA_C_BABJ_P_ACHN_CREF000_20260221221200_12.2_54.2_73.0_135.0.png,[Errno 2] No such file or directory: 'D:\\BaiduNetdiskDownload\\气象大模型数据（中南）-20260224\\气象雷达拼图（UTC）\\Z_RADA_C_BABJ_P_ACHN_CREF000_20260221221200_12.2_54.2_73.0_135.0.png'
6958,Z_RADA_C_BABJ_P_ACHN_CREF000_20260221221800_12.2_54.2_73.0_135.0.png,[Errno 2] No such file or directory: 'D:\\BaiduNetdiskDownload\\气象大模型数据（中南）-20260224\\气象雷达拼图（UTC）\\Z_RADA_C_BABJ_P_ACHN_CREF000_20260221221800_12.2_54.2_73.0_135.0.png'
6959,Z_RADA_C_BABJ_P_ACHN_CREF000_20260221222400_12.2_54.2_73.0_135.0.png,[Errno 2] No such file or directory: 'D:\\BaiduNetdiskDownload\\气象大模型数据（中南）-20260224\\气象雷达拼图（UTC）\\Z_RADA_C_BABJ_P_ACHN_CREF000_20260221222400_12.2_54.2_73.0_135.0.png'
6960,Z_RADA_C_BABJ_P_ACHN_CREF000_20260221223000_12.2_54.2_73.0_135.0.png,[Errno 2] No such file or directory: 'D:\\BaiduNetdiskDownload\\气象大模型数据（中南）-20260224\\气象雷达拼图（UTC）\\Z_RADA_C_BABJ_P_ACHN_CREF000_20260221223000_12.2_54.2_73.0_135.0.png'
6961,Z_RADA_C_BABJ_P_ACHN_CREF000_20260221223600_12.2_54.2_73.0_135.0.png,[Errno 2] No such file or directory: 'D:\\BaiduNetdiskDownload\\气象大模型数据（中南）-20260224\\气象雷达拼图（UTC）\\Z_RADA_C_BABJ_P_ACHN_CREF000_20260221223600_12.2_54.2_73.0_135.0.png'
6962,Z_RADA_C_BABJ_P_ACHN_CREF000_20260221224200_12.2_54.2_73.0_135.0.png,[Errno 2] No such file or directory: 'D:\\BaiduNetdiskDownload\\气象大模型数据（中南）-20260224\\气象雷达拼图（UTC）\\Z_RADA_C_BABJ_P_ACHN_CREF000_20260221224200_12.2_54.2_73.0_135.0.png'
6963,Z_RADA_C_BABJ_P_ACHN_CREF000_20260221224800_12.2_54.2_73.0_135.0.png,[Errno 2] No such file or directory: 'D:\\BaiduNetdiskDownload\\气象大模型数据（中南）-20260224\\气象雷达拼图（UTC）\\Z_RADA_C_BABJ_P_ACHN_CREF000_20260221224800_12.2_54.2_73.0_135.0.png'
6964,Z_RADA_C_BABJ_P_ACHN_CREF000_20260221225400_12.2_54.2_73.0_135.0.png,[Errno 2] No such file or directory: 'D:\\BaiduNetdiskDownload\\气象大模型数据（中南）-20260224\\气象雷达拼图（UTC）\\Z_RADA_C_BABJ_P_ACHN_CREF000_20260221225400_12.2_54.2_73.0_135.0.png'
6965,Z_RADA_C_BABJ_P_ACHN_CREF000_20260221230000_12.2_54.2_73.0_135.0.png,[Errno 2] No such file or directory: 'D:\\BaiduNetdiskDownload\\气象大模型数据（中南）-20260224\\气象雷达拼图（UTC）\\Z_RADA_C_BABJ_P_ACHN_CREF000_20260221230000_12.2_54.2_73.0_135.0.png'
6966,Z_RADA_C_BABJ_P_ACHN_CREF000_20260221230600_12.2_54.2_73.0_135.0.png,[Errno 2] No such file or directory: 'D:\\BaiduNetdiskDownload\\气象大模型数据（中南）-20260224\\气象雷达拼图（UTC）\\Z_RADA_C_BABJ_P_ACHN_CREF000_20260221230600_12.2_54.2_73.0_135.0.png'
6967,Z_RADA_C_BABJ_P_ACHN_CREF000_20260221231200_12.2_54.2_73.0_135.0.png,[Errno 2] No such file or directory: 'D:\\BaiduNetdiskDownload\\气象大模型数据（中南）-20260224\\气象雷达拼图（UTC）\\Z_RADA_C_BABJ_P_ACHN_CREF000_20260221231200_12.2_54.2_73.0_135.0.png'
6968,Z_RADA_C_BABJ_P_ACHN_CREF000_20260221231800_12.2_54.2_73.0_135.0.png,[Errno 2] No such file or directory: 'D:\\BaiduNetdiskDownload\\气象大模型数据（中南）-20260224\\气象雷达拼图（UTC）\\Z_RADA_C_BABJ_P_ACHN_CREF000_20260221231800_12.2_54.2_73.0_135.0.png'
6969,Z_RADA_C_BABJ_P_ACHN_CREF000_20260221232400_12.2_54.2_73.0_135.0.png,[Errno 2] No such file or directory: 'D:\\BaiduNetdiskDownload\\气象大模型数据（中南）-20260224\\气象雷达拼图（UTC）\\Z_RADA_C_BABJ_P_ACHN_CREF000_20260221232400_12.2_54.2_73.0_135.0.png'
6970,Z_RADA_C_BABJ_P_ACHN_CREF000_20260221233000_12.2_54.2_73.0_135.0.png,[Errno 2] No such file or directory: 'D:\\BaiduNetdiskDownload\\气象大模型数据（中南）-20260224\\气象雷达拼图（UTC）\\Z_RADA_C_BABJ_P_ACHN_CREF000_20260221233000_12.2_54.2_73.0_135.0.png'
6971,Z_RADA_C_BABJ_P_ACHN_CREF000_20260221233600_12.2_54.2_73.0_135.0.png,[Errno 2] No such file or directory: 'D:\\BaiduNetdiskDownload\\气象大模型数据（中南）-20260224\\气象雷达拼图（UTC）\\Z_RADA_C_BABJ_P_ACHN_CREF000_20260221233600_12.2_54.2_73.0_135.0.png'
6972,Z_RADA_C_BABJ_P_ACHN_CREF000_20260221234200_12.2_54.2_73.0_135.0.png,[Errno 2] No such file or directory: 'D:\\BaiduNetdiskDownload\\气象大模型数据（中南）-20260224\\气象雷达拼图（UTC）\\Z_RADA_C_BABJ_P_ACHN_CREF000_20260221234200_12.2_54.2_73.0_135.0.png'
6973,Z_RADA_C_BABJ_P_ACHN_CREF000_20260221234800_12.2_54.2_73.0_135.0.png,[Errno 2] No such file or directory: 'D:\\BaiduNetdiskDownload\\气象大模型数据（中南）-20260224\\气象雷达拼图（UTC）\\Z_RADA_C_BABJ_P_ACHN_CREF000_20260221234800_12.2_54.2_73.0_135.0.png'
6974,Z_RADA_C_BABJ_P_ACHN_CREF000_20260221235400_12.2_54.2_73.0_135.0.png,[Errno 2] No such file or directory: 'D:\\BaiduNetdiskDownload\\气象大模型数据（中南）-20260224\\气象雷达拼图（UTC）\\Z_RADA_C_BABJ_P_ACHN_CREF000_20260221235400_12.2_54.2_73.0_135.0.png'
6975,Z_RADA_C_BABJ_P_ACHN_CREF000_20260222000000_12.2_54.2_73.0_135.0.png,[Errno 2] No such file or directory: 'D:\\BaiduNetdiskDownload\\气象大模型数据（中南）-20260224\\气象雷达拼图（UTC）\\Z_RADA_C_BABJ_P_ACHN_CREF000_20260222000000_12.2_54.2_73.0_135.0.png'
6976,Z_RADA_C_BABJ_P_ACHN_CREF000_20260222000600_12.2_54.2_73.0_135.0.png,[Errno 2] No such file or directory: 'D:\\BaiduNetdiskDownload\\气象大模型数据（中南）-20260224\\气象雷达拼图（UTC）\\Z_RADA_C_BABJ_P_ACHN_CREF000_20260222000600_12.2_54.2_73.0_135.0.png'
6977,Z_RADA_C_BABJ_P_ACHN_CREF000_20260222001200_12.2_54.2_73.0_135.0.png,[Errno 2] No such file or directory: 'D:\\BaiduNetdiskDownload\\气象大模型数据（中南）-20260224\\气象雷达拼图（UTC）\\Z_RADA_C_BABJ_P_ACHN_CREF000_20260222001200_12.2_54.2_73.0_135.0.png'
6978,Z_RADA_C_BABJ_P_ACHN_CREF000_20260222001800_12.2_54.2_73.0_135.0.png,[Errno 2] No such file or directory: 'D:\\BaiduNetdiskDownload\\气象大模型数据（中南）-20260224\\气象雷达拼图（UTC）\\Z_RADA_C_BABJ_P_ACHN_CREF000_20260222001800_12.2_54.2_73.0_135.0.png'
6979,Z_RADA_C_BABJ_P_ACHN_CREF000_20260222002400_12.2_54.2_73.0_135.0.png,[Errno 2] No such file or directory: 'D:\\BaiduNetdiskDownload\\气象大模型数据（中南）-20260224\\气象雷达拼图（UTC）\\Z_RADA_C_BABJ_P_ACHN_CREF000_20260222002400_12.2_54.2_73.0_135.0.png'
6980,Z_RADA_C_BABJ_P_ACHN_CREF000_20260222003000_12.2_54.2_73.0_135.0.png,[Errno 2] No such file or directory: 'D:\\BaiduNetdiskDownload\\气象大模型数据（中南）-20260224\\气象雷达拼图（UTC）\\Z_RADA_C_BABJ_P_ACHN_CREF000_20260222003000_12.2_54.2_73.0_135.0.png'
6981,Z_RADA_C_BABJ_P_ACHN_CREF000_20260222003600_12.2_54.2_73.0_135.0.png,[Errno 2] No such file or directory: 'D:\\BaiduNetdiskDownload\\气象大模型数据（中南）-20260224\\气象雷达拼图（UTC）\\Z_RADA_C_BABJ_P_ACHN_CREF000_20260222003600_12.2_54.2_73.0_135.0.png'
6982,Z_RADA_C_BABJ_P_ACHN_CREF000_20260222004200_12.2_54.2_73.0_135.0.png,[Errno 2] No such file or directory: 'D:\\BaiduNetdiskDownload\\气象大模型数据（中南）-20260224\\气象雷达拼图（UTC）\\Z_RADA_C_BABJ_P_ACHN_CREF000_20260222004200_12.2_54.2_73.0_135.0.png'
6983,Z_RADA_C_BABJ_P_ACHN_CREF000_20260222004800_12.2_54.2_73.0_135.0.png,[Errno 2] No such file or directory: 'D:\\BaiduNetdiskDownload\\气象大模型数据（中南）-20260224\\气象雷达拼图（UTC）\\Z_RADA_C_BABJ_P_ACHN_CREF000_20260222004800_12.2_54.2_73.0_135.0.png'
6984,Z_RADA_C_BABJ_P_ACHN_CREF000_20260222005400_12.2_54.2_73.0_135.0.png,[Errno 2] No such file or directory: 'D:\\BaiduNetdiskDownload\\气象大模型数据（中南）-20260224\\气象雷达拼图（UTC）\\Z_RADA_C_BABJ_P_ACHN_CREF000_20260222005400_12.2_54.2_73.0_135.0.png'
6985,Z_RADA_C_BABJ_P_ACHN_CREF000_20260222010000_12.2_54.2_73.0_135.0.png,[Errno 2] No such file or directory: 'D:\\BaiduNetdiskDownload\\气象大模型数据（中南）-20260224\\气象雷达拼图（UTC）\\Z_RADA_C_BABJ_P_ACHN_CREF000_20260222010000_12.2_54.2_73.0_135.0.png'
6986,Z_RADA_C_BABJ_P_ACHN_CREF000_20260222010600_12.2_54.2_73.0_135.0.png,[Errno 2] No such file or directory: 'D:\\BaiduNetdiskDownload\\气象大模型数据（中南）-20260224\\气象雷达拼图（UTC）\\Z_RADA_C_BABJ_P_ACHN_CREF000_20260222010600_12.2_54.2_73.0_135.0.png'
6987,Z_RADA_C_BABJ_P_ACHN_CREF000_20260222011200_12.2_54.2_73.0_135.0.png,[Errno 2] No such file or directory: 'D:\\BaiduNetdiskDownload\\气象大模型数据（中南）-20260224\\气象雷达拼图（UTC）\\Z_RADA_C_BABJ_P_ACHN_CREF000_20260222011200_12.2_54.2_73.0_135.0.png'
6988,Z_RADA_C_BABJ_P_ACHN_CREF000_20260222011800_12.2_54.2_73.0_135.0.png,[Errno 2] No such file or directory: 'D:\\BaiduNetdiskDownload\\气象大模型数据（中南）-20260224\\气象雷达拼图（UTC）\\Z_RADA_C_BABJ_P_ACHN_CREF000_20260222011800_12.2_54.2_73.0_135.0.png'
6989,Z_RADA_C_BABJ_P_ACHN_CREF000_20260222012400_12.2_54.2_73.0_135.0.png,[Errno 2] No such file or directory: 'D:\\BaiduNetdiskDownload\\气象大模型数据（中南）-20260224\\气象雷达拼图（UTC）\\Z_RADA_C_BABJ_P_ACHN_CREF000_20260222012400_12.2_54.2_73.0_135.0.png'
6990,Z_RADA_C_BABJ_P_ACHN_CREF000_20260222013000_12.2_54.2_73.0_135.0.png,[Errno 2] No such file or directory: 'D:\\BaiduNetdiskDownload\\气象大模型数据（中南）-20260224\\气象雷达拼图（UTC）\\Z_RADA_C_BABJ_P_ACHN_CREF000_20260222013000_12.2_54.2_73.0_135.0.png'
6991,Z_RADA_C_BABJ_P_ACHN_CREF000_20260222013600_12.2_54.2_73.0_135.0.png,[Errno 2] No such file or directory: 'D:\\BaiduNetdiskDownload\\气象大模型数据（中南）-20260224\\气象雷达拼图（UTC）\\Z_RADA_C_BABJ_P_ACHN_CREF000_20260222013600_12.2_54.2_73.0_135.0.png'
6992,Z_RADA_C_BABJ_P_ACHN_CREF000_20260222014200_12.2_54.2_73.0_135.0.png,[Errno 2] No such file or directory: 'D:\\BaiduNetdiskDownload\\气象大模型数据（中南）-20260224\\气象雷达拼图（UTC）\\Z_RADA_C_BABJ_P_ACHN_CREF000_20260222014200_12.2_54.2_73.0_135.0.png'
6993,Z_RADA_C_BABJ_P_ACHN_CREF000_20260222014800_12.2_54.2_73.0_135.0.png,[Errno 2] No such file or directory: 'D:\\BaiduNetdiskDownload\\气象大模型数据（中南）-20260224\\气象雷达拼图（UTC）\\Z_RADA_C_BABJ_P_ACHN_CREF000_20260222014800_12.2_54.2_73.0_135.0.png'
6994,Z_RADA_C_BABJ_P_ACHN_CREF000_20260222015400_12.2_54.2_73.0_135.0.png,[Errno 2] No such file or directory: 'D:\\BaiduNetdiskDownload\\气象大模型数据（中南）-20260224\\气象雷达拼图（UTC）\\Z_RADA_C_BABJ_P_ACHN_CREF000_20260222015400_12.2_54.2_73.0_135.0.png'
6995,Z_RADA_C_BABJ_P_ACHN_CREF000_20260222020000_12.2_54.2_73.0_135.0.png,[Errno 2] No such file or directory: 'D:\\BaiduNetdiskDownload\\气象大模型数据（中南）-20260224\\气象雷达拼图（UTC）\\Z_RADA_C_BABJ_P_ACHN_CREF000_20260222020000_12.2_54.2_73.0_135.0.png'
6996,Z_RADA_C_BABJ_P_ACHN_CREF000_20260222020600_12.2_54.2_73.0_135.0.png,[Errno 2] No such file or directory: 'D:\\BaiduNetdiskDownload\\气象大模型数据（中南）-20260224\\气象雷达拼图（UTC）\\Z_RADA_C_BABJ_P_ACHN_CREF000_20260222020600_12.2_54.2_73.0_135.0.png'
6997,Z_RADA_C_BABJ_P_ACHN_CREF000_20260222021200_12.2_54.2_73.0_135.0.png,[Errno 2] No such file or directory: 'D:\\BaiduNetdiskDownload\\气象大模型数据（中南）-20260224\\气象雷达拼图（UTC）\\Z_RADA_C_BABJ_P_ACHN_CREF000_20260222021200_12.2_54.2_73.0_135.0.png'
6998,Z_RADA_C_BABJ_P_ACHN_CREF000_20260222021800_12.2_54.2_73.0_135.0.png,[Errno 2] No such file or directory: 'D:\\BaiduNetdiskDownload\\气象大模型数据（中南）-20260224\\气象雷达拼图（UTC）\\Z_RADA_C_BABJ_P_ACHN_CREF000_20260222021800_12.2_54.2_73.0_135.0.png'
6999,Z_RADA_C_BABJ_P_ACHN_CREF000_20260222022400_12.2_54.2_73.0_135.0.png,[Errno 2] No such file or directory: 'D:\\BaiduNetdiskDownload\\气象大模型数据（中南）-20260224\\气象雷达拼图（UTC）\\Z_RADA_C_BABJ_P_ACHN_CREF000_20260222022400_12.2_54.2_73.0_135.0.png'
7000,Z_RADA_C_BABJ_P_ACHN_CREF000_20260222023000_12.2_54.2_73.0_135.0.png,[Errno 2] No such file or directory: 'D:\\BaiduNetdiskDownload\\气象大模型数据（中南）-20260224\\气象雷达拼图（UTC）\\Z_RADA_C_BABJ_P_ACHN_CREF000_20260222023000_12.2_54.2_73.0_135.0.png'
7001,Z_RADA_C_BABJ_P_ACHN_CREF000_20260222023600_12.2_54.2_73.0_135.0.png,[Errno 2] No such file or directory: 'D:\\BaiduNetdiskDownload\\气象大模型数据（中南）-20260224\\气象雷达拼图（UTC）\\Z_RADA_C_BABJ_P_ACHN_CREF000_20260222023600_12.2_54.2_73.0_135.0.png'
7002,Z_RADA_C_BABJ_P_ACHN_CREF000_20260222024200_12.2_54.2_73.0_135.0.png,[Errno 2] No such file or directory: 'D:\\BaiduNetdiskDownload\\气象大模型数据（中南）-20260224\\气象雷达拼图（UTC）\\Z_RADA_C_BABJ_P_ACHN_CREF000_20260222024200_12.2_54.2_73.0_135.0.png'
7003,Z_RADA_C_BABJ_P_ACHN_CREF000_20260222024800_12.2_54.2_73.0_135.0.png,[Errno 2] No such file or directory: 'D:\\BaiduNetdiskDownload\\气象大模型数据（中南）-20260224\\气象雷达拼图（UTC）\\Z_RADA_C_BABJ_P_ACHN_CREF000_20260222024800_12.2_54.2_73.0_135.0.png'
7004,Z_RADA_C_BABJ_P_ACHN_CREF000_20260222025400_12.2_54.2_73.0_135.0.png,[Errno 2] No such file or directory: 'D:\\BaiduNetdiskDownload\\气象大模型数据（中南）-20260224\\气象雷达拼图（UTC）\\Z_RADA_C_BABJ_P_ACHN_CREF000_20260222025400_12.2_54.2_73.0_135.0.png'
7005,Z_RADA_C_BABJ_P_ACHN_CREF000_20260222030000_12.2_54.2_73.0_135.0.png,[Errno 2] No such file or directory: 'D:\\BaiduNetdiskDownload\\气象大模型数据（中南）-20260224\\气象雷达拼图（UTC）\\Z_RADA_C_BABJ_P_ACHN_CREF000_20260222030000_12.2_54.2_73.0_135.0.png'
7006,Z_RADA_C_BABJ_P_ACHN_CREF000_20260222030600_12.2_54.2_73.0_135.0.png,[Errno 2] No such file or directory: 'D:\\BaiduNetdiskDownload\\气象大模型数据（中南）-20260224\\气象雷达拼图（UTC）\\Z_RADA_C_BABJ_P_ACHN_CREF000_20260222030600_12.2_54.2_73.0_135.0.png'
7007,Z_RADA_C_BABJ_P_ACHN_CREF000_20260222031200_12.2_54.2_73.0_135.0.png,[Errno 2] No such file or directory: 'D:\\BaiduNetdiskDownload\\气象大模型数据（中南）-20260224\\气象雷达拼图（UTC）\\Z_RADA_C_BABJ_P_ACHN_CREF000_20260222031200_12.2_54.2_73.0_135.0.png'
7008,Z_RADA_C_BABJ_P_ACHN_CREF000_20260222031800_12.2_54.2_73.0_135.0.png,[Errno 2] No such file or directory: 'D:\\BaiduNetdiskDownload\\气象大模型数据（中南）-20260224\\气象雷达拼图（UTC）\\Z_RADA_C_BABJ_P_ACHN_CREF000_20260222031800_12.2_54.2_73.0_135.0.png'
7009,Z_RADA_C_BABJ_P_ACHN_CREF000_20260222032400_12.2_54.2_73.0_135.0.png,[Errno 2] No such file or directory: 'D:\\BaiduNetdiskDownload\\气象大模型数据（中南）-20260224\\气象雷达拼图（UTC）\\Z_RADA_C_BABJ_P_ACHN_CREF000_20260222032400_12.2_54.2_73.0_135.0.png'
7010,Z_RADA_C_BABJ_P_ACHN_CREF000_20260222033000_12.2_54.2_73.0_135.0.png,[Errno 2] No such file or directory: 'D:\\BaiduNetdiskDownload\\气象大模型数据（中南）-20260224\\气象雷达拼图（UTC）\\Z_RADA_C_BABJ_P_ACHN_CREF000_20260222033000_12.2_54.2_73.0_135.0.png'
7011,Z_RADA_C_BABJ_P_ACHN_CREF000_20260222033600_12.2_54.2_73.0_135.0.png,[Errno 2] No such file or directory: 'D:\\BaiduNetdiskDownload\\气象大模型数据（中南）-20260224\\气象雷达拼图（UTC）\\Z_RADA_C_BABJ_P_ACHN_CREF000_20260222033600_12.2_54.2_73.0_135.0.png'
7012,Z_RADA_C_BABJ_P_ACHN_CREF000_20260222034200_12.2_54.2_73.0_135.0.png,[Errno 2] No such file or directory: 'D:\\BaiduNetdiskDownload\\气象大模型数据（中南）-20260224\\气象雷达拼图（UTC）\\Z_RADA_C_BABJ_P_ACHN_CREF000_20260222034200_12.2_54.2_73.0_135.0.png'
7013,Z_RADA_C_BABJ_P_ACHN_CREF000_20260222034800_12.2_54.2_73.0_135.0.png,[Errno 2] No such file or directory: 'D:\\BaiduNetdiskDownload\\气象大模型数据（中南）-20260224\\气象雷达拼图（UTC）\\Z_RADA_C_BABJ_P_ACHN_CREF000_20260222034800_12.2_54.2_73.0_135.0.png'
7014,Z_RADA_C_BABJ_P_ACHN_CREF000_20260222035400_12.2_54.2_73.0_135.0.png,[Errno 2] No such file or directory: 'D:\\BaiduNetdiskDownload\\气象大模型数据（中南）-20260224\\气象雷达拼图（UTC）\\Z_RADA_C_BABJ_P_ACHN_CREF000_20260222035400_12.2_54.2_73.0_135.0.png'
7015,Z_RADA_C_BABJ_P_ACHN_CREF000_20260222040000_12.2_54.2_73.0_135.0.png,[Errno 2] No such file or directory: 'D:\\BaiduNetdiskDownload\\气象大模型数据（中南）-20260224\\气象雷达拼图（UTC）\\Z_RADA_C_BABJ_P_ACHN_CREF000_20260222040000_12.2_54.2_73.0_135.0.png'
7016,Z_RADA_C_BABJ_P_ACHN_CREF000_20260222040600_12.2_54.2_73.0_135.0.png,[Errno 2] No such file or directory: 'D:\\BaiduNetdiskDownload\\气象大模型数据（中南）-20260224\\气象雷达拼图（UTC）\\Z_RADA_C_BABJ_P_ACHN_CREF000_20260222040600_12.2_54.2_73.0_135.0.png'
7017,Z_RADA_C_BABJ_P_ACHN_CREF000_20260222041200_12.2_54.2_73.0_135.0.png,[Errno 2] No such file or directory: 'D:\\BaiduNetdiskDownload\\气象大模型数据（中南）-20260224\\气象雷达拼图（UTC）\\Z_RADA_C_BABJ_P_ACHN_CREF000_20260222041200_12.2_54.2_73.0_135.0.png'
7018,Z_RADA_C_BABJ_P_ACHN_CREF000_20260222041800_12.2_54.2_73.0_135.0.png,[Errno 2] No such file or directory: 'D:\\BaiduNetdiskDownload\\气象大模型数据（中南）-20260224\\气象雷达拼图（UTC）\\Z_RADA_C_BABJ_P_ACHN_CREF000_20260222041800_12.2_54.2_73.0_135.0.png'
7019,Z_RADA_C_BABJ_P_ACHN_CREF000_20260222042400_12.2_54.2_73.0_135.0.png,[Errno 2] No such file or directory: 'D:\\BaiduNetdiskDownload\\气象大模型数据（中南）-20260224\\气象雷达拼图（UTC）\\Z_RADA_C_BABJ_P_ACHN_CREF000_20260222042400_12.2_54.2_73.0_135.0.png'
7020,Z_RADA_C_BABJ_P_ACHN_CREF000_20260222043000_12.2_54.2_73.0_135.0.png,[Errno 2] No such file or directory: 'D:\\BaiduNetdiskDownload\\气象大模型数据（中南）-20260224\\气象雷达拼图（UTC）\\Z_RADA_C_BABJ_P_ACHN_CREF000_20260222043000_12.2_54.2_73.0_135.0.png'
7021,Z_RADA_C_BABJ_P_ACHN_CREF000_20260222043600_12.2_54.2_73.0_135.0.png,[Errno 2] No such file or directory: 'D:\\BaiduNetdiskDownload\\气象大模型数据（中南）-20260224\\气象雷达拼图（UTC）\\Z_RADA_C_BABJ_P_ACHN_CREF000_20260222043600_12.2_54.2_73.0_135.0.png'
7022,Z_RADA_C_BABJ_P_ACHN_CREF000_20260222044200_12.2_54.2_73.0_135.0.png,[Errno 2] No such file or directory: 'D:\\BaiduNetdiskDownload\\气象大模型数据（中南）-20260224\\气象雷达拼图（UTC）\\Z_RADA_C_BABJ_P_ACHN_CREF000_20260222044200_12.2_54.2_73.0_135.0.png'
7023,Z_RADA_C_BABJ_P_ACHN_CREF000_20260222044800_12.2_54.2_73.0_135.0.png,[Errno 2] No such file or directory: 'D:\\BaiduNetdiskDownload\\气象大模型数据（中南）-20260224\\气象雷达拼图（UTC）\\Z_RADA_C_BABJ_P_ACHN_CREF000_20260222044800_12.2_54.2_73.0_135.0.png'
7024,Z_RADA_C_BABJ_P_ACHN_CREF000_20260222045400_12.2_54.2_73.0_135.0.png,[Errno 2] No such file or directory: 'D:\\BaiduNetdiskDownload\\气象大模型数据（中南）-20260224\\气象雷达拼图（UTC）\\Z_RADA_C_BABJ_P_ACHN_CREF000_20260222045400_12.2_54.2_73.0_135.0.png'
7025,Z_RADA_C_BABJ_P_ACHN_CREF000_20260222050000_12.2_54.2_73.0_135.0.png,[Errno 2] No such file or directory: 'D:\\BaiduNetdiskDownload\\气象大模型数据（中南）-20260224\\气象雷达拼图（UTC）\\Z_RADA_C_BABJ_P_ACHN_CREF000_20260222050000_12.2_54.2_73.0_135.0.png'
7026,Z_RADA_C_BABJ_P_ACHN_CREF000_20260222050600_12.2_54.2_73.0_135.0.png,[Errno 2] No such file or directory: 'D:\\BaiduNetdiskDownload\\气象大模型数据（中南）-20260224\\气象雷达拼图（UTC）\\Z_RADA_C_BABJ_P_ACHN_CREF000_20260222050600_12.2_54.2_73.0_135.0.png'
7027,Z_RADA_C_BABJ_P_ACHN_CREF000_20260222051200_12.2_54.2_73.0_135.0.png,[Errno 2] No such file or directory: 'D:\\BaiduNetdiskDownload\\气象大模型数据（中南）-20260224\\气象雷达拼图（UTC）\\Z_RADA_C_BABJ_P_ACHN_CREF000_20260222051200_12.2_54.2_73.0_135.0.png'
7028,Z_RADA_C_BABJ_P_ACHN_CREF000_20260222051800_12.2_54.2_73.0_135.0.png,[Errno 2] No such file or directory: 'D:\\BaiduNetdiskDownload\\气象大模型数据（中南）-20260224\\气象雷达拼图（UTC）\\Z_RADA_C_BABJ_P_ACHN_CREF000_20260222051800_12.2_54.2_73.0_135.0.png'
7029,Z_RADA_C_BABJ_P_ACHN_CREF000_20260222052400_12.2_54.2_73.0_135.0.png,[Errno 2] No such file or directory: 'D:\\BaiduNetdiskDownload\\气象大模型数据（中南）-20260224\\气象雷达拼图（UTC）\\Z_RADA_C_BABJ_P_ACHN_CREF000_20260222052400_12.2_54.2_73.0_135.0.png'
7030,Z_RADA_C_BABJ_P_ACHN_CREF000_20260222053000_12.2_54.2_73.0_135.0.png,[Errno 2] No such file or directory: 'D:\\BaiduNetdiskDownload\\气象大模型数据（中南）-20260224\\气象雷达拼图（UTC）\\Z_RADA_C_BABJ_P_ACHN_CREF000_20260222053000_12.2_54.2_73.0_135.0.png'
7031,Z_RADA_C_BABJ_P_ACHN_CREF000_20260222053600_12.2_54.2_73.0_135.0.png,[Errno 2] No such file or directory: 'D:\\BaiduNetdiskDownload\\气象大模型数据（中南）-20260224\\气象雷达拼图（UTC）\\Z_RADA_C_BABJ_P_ACHN_CREF000_20260222053600_12.2_54.2_73.0_135.0.png'
7032,Z_RADA_C_BABJ_P_ACHN_CREF000_20260222054200_12.2_54.2_73.0_135.0.png,[Errno 2] No such file or directory: 'D:\\BaiduNetdiskDownload\\气象大模型数据（中南）-20260224\\气象雷达拼图（UTC）\\Z_RADA_C_BABJ_P_ACHN_CREF000_20260222054200_12.2_54.2_73.0_135.0.png'
7033,Z_RADA_C_BABJ_P_ACHN_CREF000_20260222054800_12.2_54.2_73.0_135.0.png,[Errno 2] No such file or directory: 'D:\\BaiduNetdiskDownload\\气象大模型数据（中南）-20260224\\气象雷达拼图（UTC）\\Z_RADA_C_BABJ_P_ACHN_CREF000_20260222054800_12.2_54.2_73.0_135.0.png'
7034,Z_RADA_C_BABJ_P_ACHN_CREF000_20260222055400_12.2_54.2_73.0_135.0.png,[Errno 2] No such file or directory: 'D:\\BaiduNetdiskDownload\\气象大模型数据（中南）-20260224\\气象雷达拼图（UTC）\\Z_RADA_C_BABJ_P_ACHN_CREF000_20260222055400_12.2_54.2_73.0_135.0.png'
7035,Z_RADA_C_BABJ_P_ACHN_CREF000_20260222060000_12.2_54.2_73.0_135.0.png,[Errno 2] No such file or directory: 'D:\\BaiduNetdiskDownload\\气象大模型数据（中南）-20260224\\气象雷达拼图（UTC）\\Z_RADA_C_BABJ_P_ACHN_CREF000_20260222060000_12.2_54.2_73.0_135.0.png'
7036,Z_RADA_C_BABJ_P_ACHN_CREF000_20260222060600_12.2_54.2_73.0_135.0.png,[Errno 2] No such file or directory: 'D:\\BaiduNetdiskDownload\\气象大模型数据（中南）-20260224\\气象雷达拼图（UTC）\\Z_RADA_C_BABJ_P_ACHN_CREF000_20260222060600_12.2_54.2_73.0_135.0.png'
7037,Z_RADA_C_BABJ_P_ACHN_CREF000_20260222061200_12.2_54.2_73.0_135.0.png,[Errno 2] No such file or directory: 'D:\\BaiduNetdiskDownload\\气象大模型数据（中南）-20260224\\气象雷达拼图（UTC）\\Z_RADA_C_BABJ_P_ACHN_CREF000_20260222061200_12.2_54.2_73.0_135.0.png'
7038,Z_RADA_C_BABJ_P_ACHN_CREF000_20260222061800_12.2_54.2_73.0_135.0.png,[Errno 2] No such file or directory: 'D:\\BaiduNetdiskDownload\\气象大模型数据（中南）-20260224\\气象雷达拼图（UTC）\\Z_RADA_C_BABJ_P_ACHN_CREF000_20260222061800_12.2_54.2_73.0_135.0.png'
7039,Z_RADA_C_BABJ_P_ACHN_CREF000_20260222062400_12.2_54.2_73.0_135.0.png,[Errno 2] No such file or directory: 'D:\\BaiduNetdiskDownload\\气象大模型数据（中南）-20260224\\气象雷达拼图（UTC）\\Z_RADA_C_BABJ_P_ACHN_CREF000_20260222062400_12.2_54.2_73.0_135.0.png'
7040,Z_RADA_C_BABJ_P_ACHN_CREF000_20260222063000_12.2_54.2_73.0_135.0.png,[Errno 2] No such file or directory: 'D:\\BaiduNetdiskDownload\\气象大模型数据（中南）-20260224\\气象雷达拼图（UTC）\\Z_RADA_C_BABJ_P_ACHN_CREF000_20260222063000_12.2_54.2_73.0_135.0.png'
7041,Z_RADA_C_BABJ_P_ACHN_CREF000_20260222063600_12.2_54.2_73.0_135.0.png,[Errno 2] No such file or directory: 'D:\\BaiduNetdiskDownload\\气象大模型数据（中南）-20260224\\气象雷达拼图（UTC）\\Z_RADA_C_BABJ_P_ACHN_CREF000_20260222063600_12.2_54.2_73.0_135.0.png'
7042,Z_RADA_C_BABJ_P_ACHN_CREF000_20260222064200_12.2_54.2_73.0_135.0.png,[Errno 2] No such file or directory: 'D:\\BaiduNetdiskDownload\\气象大模型数据（中南）-20260224\\气象雷达拼图（UTC）\\Z_RADA_C_BABJ_P_ACHN_CREF000_20260222064200_12.2_54.2_73.0_135.0.png'
7043,Z_RADA_C_BABJ_P_ACHN_CREF000_20260222064800_12.2_54.2_73.0_135.0.png,[Errno 2] No such file or directory: 'D:\\BaiduNetdiskDownload\\气象大模型数据（中南）-20260224\\气象雷达拼图（UTC）\\Z_RADA_C_BABJ_P_ACHN_CREF000_20260222064800_12.2_54.2_73.0_135.0.png'
7044,Z_RADA_C_BABJ_P_ACHN_CREF000_20260222065400_12.2_54.2_73.0_135.0.png,[Errno 2] No such file or directory: 'D:\\BaiduNetdiskDownload\\气象大模型数据（中南）-20260224\\气象雷达拼图（UTC）\\Z_RADA_C_BABJ_P_ACHN_CREF000_20260222065400_12.2_54.2_73.0_135.0.png'
7045,Z_RADA_C_BABJ_P_ACHN_CREF000_20260222070000_12.2_54.2_73.0_135.0.png,[Errno 2] No such file or directory: 'D:\\BaiduNetdiskDownload\\气象大模型数据（中南）-20260224\\气象雷达拼图（UTC）\\Z_RADA_C_BABJ_P_ACHN_CREF000_20260222070000_12.2_54.2_73.0_135.0.png'
7046,Z_RADA_C_BABJ_P_ACHN_CREF000_20260222070600_12.2_54.2_73.0_135.0.png,[Errno 2] No such file or directory: 'D:\\BaiduNetdiskDownload\\气象大模型数据（中南）-20260224\\气象雷达拼图（UTC）\\Z_RADA_C_BABJ_P_ACHN_CREF000_20260222070600_12.2_54.2_73.0_135.0.png'
7047,Z_RADA_C_BABJ_P_ACHN_CREF000_20260222071200_12.2_54.2_73.0_135.0.png,[Errno 2] No such file or directory: 'D:\\BaiduNetdiskDownload\\气象大模型数据（中南）-20260224\\气象雷达拼图（UTC）\\Z_RADA_C_BABJ_P_ACHN_CREF000_20260222071200_12.2_54.2_73.0_135.0.png'
7048,Z_RADA_C_BABJ_P_ACHN_CREF000_20260222071800_12.2_54.2_73.0_135.0.png,[Errno 2] No such file or directory: 'D:\\BaiduNetdiskDownload\\气象大模型数据（中南）-20260224\\气象雷达拼图（UTC）\\Z_RADA_C_BABJ_P_ACHN_CREF000_20260222071800_12.2_54.2_73.0_135.0.png'
7049,Z_RADA_C_BABJ_P_ACHN_CREF000_20260222072400_12.2_54.2_73.0_135.0.png,[Errno 2] No such file or directory: 'D:\\BaiduNetdiskDownload\\气象大模型数据（中南）-20260224\\气象雷达拼图（UTC）\\Z_RADA_C_BABJ_P_ACHN_CREF000_20260222072400_12.2_54.2_73.0_135.0.png'
7050,Z_RADA_C_BABJ_P_ACHN_CREF000_20260222073000_12.2_54.2_73.0_135.0.png,[Errno 2] No such file or directory: 'D:\\BaiduNetdiskDownload\\气象大模型数据（中南）-20260224\\气象雷达拼图（UTC）\\Z_RADA_C_BABJ_P_ACHN_CREF000_20260222073000_12.2_54.2_73.0_135.0.png'
7051,Z_RADA_C_BABJ_P_ACHN_CREF000_20260222073600_12.2_54.2_73.0_135.0.png,[Errno 2] No such file or directory: 'D:\\BaiduNetdiskDownload\\气象大模型数据（中南）-20260224\\气象雷达拼图（UTC）\\Z_RADA_C_BABJ_P_ACHN_CREF000_20260222073600_12.2_54.2_73.0_135.0.png'
7052,Z_RADA_C_BABJ_P_ACHN_CREF000_20260222074200_12.2_54.2_73.0_135.0.png,[Errno 2] No such file or directory: 'D:\\BaiduNetdiskDownload\\气象大模型数据（中南）-20260224\\气象雷达拼图（UTC）\\Z_RADA_C_BABJ_P_ACHN_CREF000_20260222074200_12.2_54.2_73.0_135.0.png'
7053,Z_RADA_C_BABJ_P_ACHN_CREF000_20260222074800_12.2_54.2_73.0_135.0.png,[Errno 2] No such file or directory: 'D:\\BaiduNetdiskDownload\\气象大模型数据（中南）-20260224\\气象雷达拼图（UTC）\\Z_RADA_C_BABJ_P_ACHN_CREF000_20260222074800_12.2_54.2_73.0_135.0.png'
7054,Z_RADA_C_BABJ_P_ACHN_CREF000_20260222075400_12.2_54.2_73.0_135.0.png,[Errno 2] No such file or directory: 'D:\\BaiduNetdiskDownload\\气象大模型数据（中南）-20260224\\气象雷达拼图（UTC）\\Z_RADA_C_BABJ_P_ACHN_CREF000_20260222075400_12.2_54.2_73.0_135.0.png'
7055,Z_RADA_C_BABJ_P_ACHN_CREF000_20260222080000_12.2_54.2_73.0_135.0.png,[Errno 2] No such file or directory: 'D:\\BaiduNetdiskDownload\\气象大模型数据（中南）-20260224\\气象雷达拼图（UTC）\\Z_RADA_C_BABJ_P_ACHN_CREF000_20260222080000_12.2_54.2_73.0_135.0.png'
7056,Z_RADA_C_BABJ_P_ACHN_CREF000_20260222080600_12.2_54.2_73.0_135.0.png,[Errno 2] No such file or directory: 'D:\\BaiduNetdiskDownload\\气象大模型数据（中南）-20260224\\气象雷达拼图（UTC）\\Z_RADA_C_BABJ_P_ACHN_CREF000_20260222080600_12.2_54.2_73.0_135.0.png'
7057,Z_RADA_C_BABJ_P_ACHN_CREF000_20260222081200_12.2_54.2_73.0_135.0.png,[Errno 2] No such file or directory: 'D:\\BaiduNetdiskDownload\\气象大模型数据（中南）-20260224\\气象雷达拼图（UTC）\\Z_RADA_C_BABJ_P_ACHN_CREF000_20260222081200_12.2_54.2_73.0_135.0.png'
7058,Z_RADA_C_BABJ_P_ACHN_CREF000_20260222081800_12.2_54.2_73.0_135.0.png,[Errno 2] No such file or directory: 'D:\\BaiduNetdiskDownload\\气象大模型数据（中南）-20260224\\气象雷达拼图（UTC）\\Z_RADA_C_BABJ_P_ACHN_CREF000_20260222081800_12.2_54.2_73.0_135.0.png'
7059,Z_RADA_C_BABJ_P_ACHN_CREF000_20260222082400_12.2_54.2_73.0_135.0.png,[Errno 2] No such file or directory: 'D:\\BaiduNetdiskDownload\\气象大模型数据（中南）-20260224\\气象雷达拼图（UTC）\\Z_RADA_C_BABJ_P_ACHN_CREF000_20260222082400_12.2_54.2_73.0_135.0.png'
7060,Z_RADA_C_BABJ_P_ACHN_CREF000_20260222083000_12.2_54.2_73.0_135.0.png,[Errno 2] No such file or directory: 'D:\\BaiduNetdiskDownload\\气象大模型数据（中南）-20260224\\气象雷达拼图（UTC）\\Z_RADA_C_BABJ_P_ACHN_CREF000_20260222083000_12.2_54.2_73.0_135.0.png'
7061,Z_RADA_C_BABJ_P_ACHN_CREF000_20260222083600_12.2_54.2_73.0_135.0.png,[Errno 2] No such file or directory: 'D:\\BaiduNetdiskDownload\\气象大模型数据（中南）-20260224\\气象雷达拼图（UTC）\\Z_RADA_C_BABJ_P_ACHN_CREF000_20260222083600_12.2_54.2_73.0_135.0.png'
7062,Z_RADA_C_BABJ_P_ACHN_CREF000_20260222084200_12.2_54.2_73.0_135.0.png,[Errno 2] No such file or directory: 'D:\\BaiduNetdiskDownload\\气象大模型数据（中南）-20260224\\气象雷达拼图（UTC）\\Z_RADA_C_BABJ_P_ACHN_CREF000_20260222084200_12.2_54.2_73.0_135.0.png'
7063,Z_RADA_C_BABJ_P_ACHN_CREF000_20260222084800_12.2_54.2_73.0_135.0.png,[Errno 2] No such file or directory: 'D:\\BaiduNetdiskDownload\\气象大模型数据（中南）-20260224\\气象雷达拼图（UTC）\\Z_RADA_C_BABJ_P_ACHN_CREF000_20260222084800_12.2_54.2_73.0_135.0.png'
7064,Z_RADA_C_BABJ_P_ACHN_CREF000_20260222085400_12.2_54.2_73.0_135.0.png,[Errno 2] No such file or directory: 'D:\\BaiduNetdiskDownload\\气象大模型数据（中南）-20260224\\气象雷达拼图（UTC）\\Z_RADA_C_BABJ_P_ACHN_CREF000_20260222085400_12.2_54.2_73.0_135.0.png'
7065,Z_RADA_C_BABJ_P_ACHN_CREF000_20260222090000_12.2_54.2_73.0_135.0.png,[Errno 2] No such file or directory: 'D:\\BaiduNetdiskDownload\\气象大模型数据（中南）-20260224\\气象雷达拼图（UTC）\\Z_RADA_C_BABJ_P_ACHN_CREF000_20260222090000_12.2_54.2_73.0_135.0.png'
7066,Z_RADA_C_BABJ_P_ACHN_CREF000_20260222090600_12.2_54.2_73.0_135.0.png,[Errno 2] No such file or directory: 'D:\\BaiduNetdiskDownload\\气象大模型数据（中南）-20260224\\气象雷达拼图（UTC）\\Z_RADA_C_BABJ_P_ACHN_CREF000_20260222090600_12.2_54.2_73.0_135.0.png'
7067,Z_RADA_C_BABJ_P_ACHN_CREF000_20260222091200_12.2_54.2_73.0_135.0.png,[Errno 2] No such file or directory: 'D:\\BaiduNetdiskDownload\\气象大模型数据（中南）-20260224\\气象雷达拼图（UTC）\\Z_RADA_C_BABJ_P_ACHN_CREF000_20260222091200_12.2_54.2_73.0_135.0.png'
7068,Z_RADA_C_BABJ_P_ACHN_CREF000_20260222091800_12.2_54.2_73.0_135.0.png,[Errno 2] No such file or directory: 'D:\\BaiduNetdiskDownload\\气象大模型数据（中南）-20260224\\气象雷达拼图（UTC）\\Z_RADA_C_BABJ_P_ACHN_CREF000_20260222091800_12.2_54.2_73.0_135.0.png'
7069,Z_RADA_C_BABJ_P_ACHN_CREF000_20260222092400_12.2_54.2_73.0_135.0.png,[Errno 2] No such file or directory: 'D:\\BaiduNetdiskDownload\\气象大模型数据（中南）-20260224\\气象雷达拼图（UTC）\\Z_RADA_C_BABJ_P_ACHN_CREF000_20260222092400_12.2_54.2_73.0_135.0.png'
7070,Z_RADA_C_BABJ_P_ACHN_CREF000_20260222093000_12.2_54.2_73.0_135.0.png,[Errno 2] No such file or directory: 'D:\\BaiduNetdiskDownload\\气象大模型数据（中南）-20260224\\气象雷达拼图（UTC）\\Z_RADA_C_BABJ_P_ACHN_CREF000_20260222093000_12.2_54.2_73.0_135.0.png'
7071,Z_RADA_C_BABJ_P_ACHN_CREF000_20260222093600_12.2_54.2_73.0_135.0.png,[Errno 2] No such file or directory: 'D:\\BaiduNetdiskDownload\\气象大模型数据（中南）-20260224\\气象雷达拼图（UTC）\\Z_RADA_C_BABJ_P_ACHN_CREF000_20260222093600_12.2_54.2_73.0_135.0.png'
7072,Z_RADA_C_BABJ_P_ACHN_CREF000_20260222094200_12.2_54.2_73.0_135.0.png,[Errno 2] No such file or directory: 'D:\\BaiduNetdiskDownload\\气象大模型数据（中南）-20260224\\气象雷达拼图（UTC）\\Z_RADA_C_BABJ_P_ACHN_CREF000_20260222094200_12.2_54.2_73.0_135.0.png'
7073,Z_RADA_C_BABJ_P_ACHN_CREF000_20260222094800_12.2_54.2_73.0_135.0.png,[Errno 2] No such file or directory: 'D:\\BaiduNetdiskDownload\\气象大模型数据（中南）-20260224\\气象雷达拼图（UTC）\\Z_RADA_C_BABJ_P_ACHN_CREF000_20260222094800_12.2_54.2_73.0_135.0.png'
7074,Z_RADA_C_BABJ_P_ACHN_CREF000_20260222095400_12.2_54.2_73.0_135.0.png,[Errno 2] No such file or directory: 'D:\\BaiduNetdiskDownload\\气象大模型数据（中南）-20260224\\气象雷达拼图（UTC）\\Z_RADA_C_BABJ_P_ACHN_CREF000_20260222095400_12.2_54.2_73.0_135.0.png'
7075,Z_RADA_C_BABJ_P_ACHN_CREF000_20260222100000_12.2_54.2_73.0_135.0.png,[Errno 2] No such file or directory: 'D:\\BaiduNetdiskDownload\\气象大模型数据（中南）-20260224\\气象雷达拼图（UTC）\\Z_RADA_C_BABJ_P_ACHN_CREF000_20260222100000_12.2_54.2_73.0_135.0.png'
7076,Z_RADA_C_BABJ_P_ACHN_CREF000_20260222100600_12.2_54.2_73.0_135.0.png,[Errno 2] No such file or directory: 'D:\\BaiduNetdiskDownload\\气象大模型数据（中南）-20260224\\气象雷达拼图（UTC）\\Z_RADA_C_BABJ_P_ACHN_CREF000_20260222100600_12.2_54.2_73.0_135.0.png'
7077,Z_RADA_C_BABJ_P_ACHN_CREF000_20260222101200_12.2_54.2_73.0_135.0.png,[Errno 2] No such file or directory: 'D:\\BaiduNetdiskDownload\\气象大模型数据（中南）-20260224\\气象雷达拼图（UTC）\\Z_RADA_C_BABJ_P_ACHN_CREF000_20260222101200_12.2_54.2_73.0_135.0.png'
7078,Z_RADA_C_BABJ_P_ACHN_CREF000_20260222101800_12.2_54.2_73.0_135.0.png,[Errno 2] No such file or directory: 'D:\\BaiduNetdiskDownload\\气象大模型数据（中南）-20260224\\气象雷达拼图（UTC）\\Z_RADA_C_BABJ_P_ACHN_CREF000_20260222101800_12.2_54.2_73.0_135.0.png'
7079,Z_RADA_C_BABJ_P_ACHN_CREF000_20260222102400_12.2_54.2_73.0_135.0.png,[Errno 2] No such file or directory: 'D:\\BaiduNetdiskDownload\\气象大模型数据（中南）-20260224\\气象雷达拼图（UTC）\\Z_RADA_C_BABJ_P_ACHN_CREF000_20260222102400_12.2_54.2_73.0_135.0.png'
7080,Z_RADA_C_BABJ_P_ACHN_CREF000_20260222103000_12.2_54.2_73.0_135.0.png,[Errno 2] No such file or directory: 'D:\\BaiduNetdiskDownload\\气象大模型数据（中南）-20260224\\气象雷达拼图（UTC）\\Z_RADA_C_BABJ_P_ACHN_CREF000_20260222103000_12.2_54.2_73.0_135.0.png'
7081,Z_RADA_C_BABJ_P_ACHN_CREF000_20260222103600_12.2_54.2_73.0_135.0.png,[Errno 2] No such file or directory: 'D:\\BaiduNetdiskDownload\\气象大模型数据（中南）-20260224\\气象雷达拼图（UTC）\\Z_RADA_C_BABJ_P_ACHN_CREF000_20260222103600_12.2_54.2_73.0_135.0.png'
7082,Z_RADA_C_BABJ_P_ACHN_CREF000_20260222104200_12.2_54.2_73.0_135.0.png,[Errno 2] No such file or directory: 'D:\\BaiduNetdiskDownload\\气象大模型数据（中南）-20260224\\气象雷达拼图（UTC）\\Z_RADA_C_BABJ_P_ACHN_CREF000_20260222104200_12.2_54.2_73.0_135.0.png'
7083,Z_RADA_C_BABJ_P_ACHN_CREF000_20260222104800_12.2_54.2_73.0_135.0.png,[Errno 2] No such file or directory: 'D:\\BaiduNetdiskDownload\\气象大模型数据（中南）-20260224\\气象雷达拼图（UTC）\\Z_RADA_C_BABJ_P_ACHN_CREF000_20260222104800_12.2_54.2_73.0_135.0.png'
7084,Z_RADA_C_BABJ_P_ACHN_CREF000_20260222105400_12.2_54.2_73.0_135.0.png,[Errno 2] No such file or directory: 'D:\\BaiduNetdiskDownload\\气象大模型数据（中南）-20260224\\气象雷达拼图（UTC）\\Z_RADA_C_BABJ_P_ACHN_CREF000_20260222105400_12.2_54.2_73.0_135.0.png'
7085,Z_RADA_C_BABJ_P_ACHN_CREF000_20260222110000_12.2_54.2_73.0_135.0.png,[Errno 2] No such file or directory: 'D:\\BaiduNetdiskDownload\\气象大模型数据（中南）-20260224\\气象雷达拼图（UTC）\\Z_RADA_C_BABJ_P_ACHN_CREF000_20260222110000_12.2_54.2_73.0_135.0.png'
7086,Z_RADA_C_BABJ_P_ACHN_CREF000_20260222110600_12.2_54.2_73.0_135.0.png,[Errno 2] No such file or directory: 'D:\\BaiduNetdiskDownload\\气象大模型数据（中南）-20260224\\气象雷达拼图（UTC）\\Z_RADA_C_BABJ_P_ACHN_CREF000_20260222110600_12.2_54.2_73.0_135.0.png'
7087,Z_RADA_C_BABJ_P_ACHN_CREF000_20260222111200_12.2_54.2_73.0_135.0.png,[Errno 2] No such file or directory: 'D:\\BaiduNetdiskDownload\\气象大模型数据（中南）-20260224\\气象雷达拼图（UTC）\\Z_RADA_C_BABJ_P_ACHN_CREF000_20260222111200_12.2_54.2_73.0_135.0.png'
7088,Z_RADA_C_BABJ_P_ACHN_CREF000_20260222111800_12.2_54.2_73.0_135.0.png,[Errno 2] No such file or directory: 'D:\\BaiduNetdiskDownload\\气象大模型数据（中南）-20260224\\气象雷达拼图（UTC）\\Z_RADA_C_BABJ_P_ACHN_CREF000_20260222111800_12.2_54.2_73.0_135.0.png'
7089,Z_RADA_C_BABJ_P_ACHN_CREF000_20260222112400_12.2_54.2_73.0_135.0.png,[Errno 2] No such file or directory: 'D:\\BaiduNetdiskDownload\\气象大模型数据（中南）-20260224\\气象雷达拼图（UTC）\\Z_RADA_C_BABJ_P_ACHN_CREF000_20260222112400_12.2_54.2_73.0_135.0.png'
7090,Z_RADA_C_BABJ_P_ACHN_CREF000_20260222113000_12.2_54.2_73.0_135.0.png,[Errno 2] No such file or directory: 'D:\\BaiduNetdiskDownload\\气象大模型数据（中南）-20260224\\气象雷达拼图（UTC）\\Z_RADA_C_BABJ_P_ACHN_CREF000_20260222113000_12.2_54.2_73.0_135.0.png'
7091,Z_RADA_C_BABJ_P_ACHN_CREF000_20260222113600_12.2_54.2_73.0_135.0.png,[Errno 2] No such file or directory: 'D:\\BaiduNetdiskDownload\\气象大模型数据（中南）-20260224\\气象雷达拼图（UTC）\\Z_RADA_C_BABJ_P_ACHN_CREF000_20260222113600_12.2_54.2_73.0_135.0.png'
7092,Z_RADA_C_BABJ_P_ACHN_CREF000_20260222114200_12.2_54.2_73.0_135.0.png,[Errno 2] No such file or directory: 'D:\\BaiduNetdiskDownload\\气象大模型数据（中南）-20260224\\气象雷达拼图（UTC）\\Z_RADA_C_BABJ_P_ACHN_CREF000_20260222114200_12.2_54.2_73.0_135.0.png'
7093,Z_RADA_C_BABJ_P_ACHN_CREF000_20260222114800_12.2_54.2_73.0_135.0.png,[Errno 2] No such file or directory: 'D:\\BaiduNetdiskDownload\\气象大模型数据（中南）-20260224\\气象雷达拼图（UTC）\\Z_RADA_C_BABJ_P_ACHN_CREF000_20260222114800_12.2_54.2_73.0_135.0.png'
7094,Z_RADA_C_BABJ_P_ACHN_CREF000_20260222115400_12.2_54.2_73.0_135.0.png,[Errno 2] No such file or directory: 'D:\\BaiduNetdiskDownload\\气象大模型数据（中南）-20260224\\气象雷达拼图（UTC）\\Z_RADA_C_BABJ_P_ACHN_CREF000_20260222115400_12.2_54.2_73.0_135.0.png'
7095,Z_RADA_C_BABJ_P_ACHN_CREF000_20260222120000_12.2_54.2_73.0_135.0.png,[Errno 2] No such file or directory: 'D:\\BaiduNetdiskDownload\\气象大模型数据（中南）-20260224\\气象雷达拼图（UTC）\\Z_RADA_C_BABJ_P_ACHN_CREF000_20260222120000_12.2_54.2_73.0_135.0.png'
7096,Z_RADA_C_BABJ_P_ACHN_CREF000_20260222120600_12.2_54.2_73.0_135.0.png,[Errno 2] No such file or directory: 'D:\\BaiduNetdiskDownload\\气象大模型数据（中南）-20260224\\气象雷达拼图（UTC）\\Z_RADA_C_BABJ_P_ACHN_CREF000_20260222120600_12.2_54.2_73.0_135.0.png'
7097,Z_RADA_C_BABJ_P_ACHN_CREF000_20260222121200_12.2_54.2_73.0_135.0.png,[Errno 2] No such file or directory: 'D:\\BaiduNetdiskDownload\\气象大模型数据（中南）-20260224\\气象雷达拼图（UTC）\\Z_RADA_C_BABJ_P_ACHN_CREF000_20260222121200_12.2_54.2_73.0_135.0.png'
7098,Z_RADA_C_BABJ_P_ACHN_CREF000_20260222121800_12.2_54.2_73.0_135.0.png,[Errno 2] No such file or directory: 'D:\\BaiduNetdiskDownload\\气象大模型数据（中南）-20260224\\气象雷达拼图（UTC）\\Z_RADA_C_BABJ_P_ACHN_CREF000_20260222121800_12.2_54.2_73.0_135.0.png'
7099,Z_RADA_C_BABJ_P_ACHN_CREF000_20260222122400_12.2_54.2_73.0_135.0.png,[Errno 2] No such file or directory: 'D:\\BaiduNetdiskDownload\\气象大模型数据（中南）-20260224\\气象雷达拼图（UTC）\\Z_RADA_C_BABJ_P_ACHN_CREF000_20260222122400_12.2_54.2_73.0_135.0.png'
7100,Z_RADA_C_BABJ_P_ACHN_CREF000_20260222123000_12.2_54.2_73.0_135.0.png,[Errno 2] No such file or directory: 'D:\\BaiduNetdiskDownload\\气象大模型数据（中南）-20260224\\气象雷达拼图（UTC）\\Z_RADA_C_BABJ_P_ACHN_CREF000_20260222123000_12.2_54.2_73.0_135.0.png'
7101,Z_RADA_C_BABJ_P_ACHN_CREF000_20260222123600_12.2_54.2_73.0_135.0.png,[Errno 2] No such file or directory: 'D:\\BaiduNetdiskDownload\\气象大模型数据（中南）-20260224\\气象雷达拼图（UTC）\\Z_RADA_C_BABJ_P_ACHN_CREF000_20260222123600_12.2_54.2_73.0_135.0.png'
7102,Z_RADA_C_BABJ_P_ACHN_CREF000_20260222124200_12.2_54.2_73.0_135.0.png,[Errno 2] No such file or directory: 'D:\\BaiduNetdiskDownload\\气象大模型数据（中南）-20260224\\气象雷达拼图（UTC）\\Z_RADA_C_BABJ_P_ACHN_CREF000_20260222124200_12.2_54.2_73.0_135.0.png'
7103,Z_RADA_C_BABJ_P_ACHN_CREF000_20260222124800_12.2_54.2_73.0_135.0.png,[Errno 2] No such file or directory: 'D:\\BaiduNetdiskDownload\\气象大模型数据（中南）-20260224\\气象雷达拼图（UTC）\\Z_RADA_C_BABJ_P_ACHN_CREF000_20260222124800_12.2_54.2_73.0_135.0.png'
7104,Z_RADA_C_BABJ_P_ACHN_CREF000_20260222125400_12.2_54.2_73.0_135.0.png,[Errno 2] No such file or directory: 'D:\\BaiduNetdiskDownload\\气象大模型数据（中南）-20260224\\气象雷达拼图（UTC）\\Z_RADA_C_BABJ_P_ACHN_CREF000_20260222125400_12.2_54.2_73.0_135.0.png'
7105,Z_RADA_C_BABJ_P_ACHN_CREF000_20260222130000_12.2_54.2_73.0_135.0.png,[Errno 2] No such file or directory: 'D:\\BaiduNetdiskDownload\\气象大模型数据（中南）-20260224\\气象雷达拼图（UTC）\\Z_RADA_C_BABJ_P_ACHN_CREF000_20260222130000_12.2_54.2_73.0_135.0.png'
7106,Z_RADA_C_BABJ_P_ACHN_CREF000_20260222130600_12.2_54.2_73.0_135.0.png,[Errno 2] No such file or directory: 'D:\\BaiduNetdiskDownload\\气象大模型数据（中南）-20260224\\气象雷达拼图（UTC）\\Z_RADA_C_BABJ_P_ACHN_CREF000_20260222130600_12.2_54.2_73.0_135.0.png'
7107,Z_RADA_C_BABJ_P_ACHN_CREF000_20260222131200_12.2_54.2_73.0_135.0.png,[Errno 2] No such file or directory: 'D:\\BaiduNetdiskDownload\\气象大模型数据（中南）-20260224\\气象雷达拼图（UTC）\\Z_RADA_C_BABJ_P_ACHN_CREF000_20260222131200_12.2_54.2_73.0_135.0.png'
7108,Z_RADA_C_BABJ_P_ACHN_CREF000_20260222131800_12.2_54.2_73.0_135.0.png,[Errno 2] No such file or directory: 'D:\\BaiduNetdiskDownload\\气象大模型数据（中南）-20260224\\气象雷达拼图（UTC）\\Z_RADA_C_BABJ_P_ACHN_CREF000_20260222131800_12.2_54.2_73.0_135.0.png'
7109,Z_RADA_C_BABJ_P_ACHN_CREF000_20260222132400_12.2_54.2_73.0_135.0.png,[Errno 2] No such file or directory: 'D:\\BaiduNetdiskDownload\\气象大模型数据（中南）-20260224\\气象雷达拼图（UTC）\\Z_RADA_C_BABJ_P_ACHN_CREF000_20260222132400_12.2_54.2_73.0_135.0.png'
7110,Z_RADA_C_BABJ_P_ACHN_CREF000_20260222133000_12.2_54.2_73.0_135.0.png,[Errno 2] No such file or directory: 'D:\\BaiduNetdiskDownload\\气象大模型数据（中南）-20260224\\气象雷达拼图（UTC）\\Z_RADA_C_BABJ_P_ACHN_CREF000_20260222133000_12.2_54.2_73.0_135.0.png'
7111,Z_RADA_C_BABJ_P_ACHN_CREF000_20260222133600_12.2_54.2_73.0_135.0.png,[Errno 2] No such file or directory: 'D:\\BaiduNetdiskDownload\\气象大模型数据（中南）-20260224\\气象雷达拼图（UTC）\\Z_RADA_C_BABJ_P_ACHN_CREF000_20260222133600_12.2_54.2_73.0_135.0.png'
7112,Z_RADA_C_BABJ_P_ACHN_CREF000_20260222134200_12.2_54.2_73.0_135.0.png,[Errno 2] No such file or directory: 'D:\\BaiduNetdiskDownload\\气象大模型数据（中南）-20260224\\气象雷达拼图（UTC）\\Z_RADA_C_BABJ_P_ACHN_CREF000_20260222134200_12.2_54.2_73.0_135.0.png'
7113,Z_RADA_C_BABJ_P_ACHN_CREF000_20260222134800_12.2_54.2_73.0_135.0.png,[Errno 2] No such file or directory: 'D:\\BaiduNetdiskDownload\\气象大模型数据（中南）-20260224\\气象雷达拼图（UTC）\\Z_RADA_C_BABJ_P_ACHN_CREF000_20260222134800_12.2_54.2_73.0_135.0.png'
7114,Z_RADA_C_BABJ_P_ACHN_CREF000_20260222135400_12.2_54.2_73.0_135.0.png,[Errno 2] No such file or directory: 'D:\\BaiduNetdiskDownload\\气象大模型数据（中南）-20260224\\气象雷达拼图（UTC）\\Z_RADA_C_BABJ_P_ACHN_CREF000_20260222135400_12.2_54.2_73.0_135.0.png'
7115,Z_RADA_C_BABJ_P_ACHN_CREF000_20260222140000_12.2_54.2_73.0_135.0.png,[Errno 2] No such file or directory: 'D:\\BaiduNetdiskDownload\\气象大模型数据（中南）-20260224\\气象雷达拼图（UTC）\\Z_RADA_C_BABJ_P_ACHN_CREF000_20260222140000_12.2_54.2_73.0_135.0.png'
7116,Z_RADA_C_BABJ_P_ACHN_CREF000_20260222140600_12.2_54.2_73.0_135.0.png,[Errno 2] No such file or directory: 'D:\\BaiduNetdiskDownload\\气象大模型数据（中南）-20260224\\气象雷达拼图（UTC）\\Z_RADA_C_BABJ_P_ACHN_CREF000_20260222140600_12.2_54.2_73.0_135.0.png'
7117,Z_RADA_C_BABJ_P_ACHN_CREF000_20260222141200_12.2_54.2_73.0_135.0.png,[Errno 2] No such file or directory: 'D:\\BaiduNetdiskDownload\\气象大模型数据（中南）-20260224\\气象雷达拼图（UTC）\\Z_RADA_C_BABJ_P_ACHN_CREF000_20260222141200_12.2_54.2_73.0_135.0.png'
7118,Z_RADA_C_BABJ_P_ACHN_CREF000_20260222141800_12.2_54.2_73.0_135.0.png,[Errno 2] No such file or directory: 'D:\\BaiduNetdiskDownload\\气象大模型数据（中南）-20260224\\气象雷达拼图（UTC）\\Z_RADA_C_BABJ_P_ACHN_CREF000_20260222141800_12.2_54.2_73.0_135.0.png'
7119,Z_RADA_C_BABJ_P_ACHN_CREF000_20260222142400_12.2_54.2_73.0_135.0.png,[Errno 2] No such file or directory: 'D:\\BaiduNetdiskDownload\\气象大模型数据（中南）-20260224\\气象雷达拼图（UTC）\\Z_RADA_C_BABJ_P_ACHN_CREF000_20260222142400_12.2_54.2_73.0_135.0.png'
7120,Z_RADA_C_BABJ_P_ACHN_CREF000_20260222143000_12.2_54.2_73.0_135.0.png,[Errno 2] No such file or directory: 'D:\\BaiduNetdiskDownload\\气象大模型数据（中南）-20260224\\气象雷达拼图（UTC）\\Z_RADA_C_BABJ_P_ACHN_CREF000_20260222143000_12.2_54.2_73.0_135.0.png'
7121,Z_RADA_C_BABJ_P_ACHN_CREF000_20260222143600_12.2_54.2_73.0_135.0.png,[Errno 2] No such file or directory: 'D:\\BaiduNetdiskDownload\\气象大模型数据（中南）-20260224\\气象雷达拼图（UTC）\\Z_RADA_C_BABJ_P_ACHN_CREF000_20260222143600_12.2_54.2_73.0_135.0.png'
7122,Z_RADA_C_BABJ_P_ACHN_CREF000_20260222144200_12.2_54.2_73.0_135.0.png,[Errno 2] No such file or directory: 'D:\\BaiduNetdiskDownload\\气象大模型数据（中南）-20260224\\气象雷达拼图（UTC）\\Z_RADA_C_BABJ_P_ACHN_CREF000_20260222144200_12.2_54.2_73.0_135.0.png'
7123,Z_RADA_C_BABJ_P_ACHN_CREF000_20260222144800_12.2_54.2_73.0_135.0.png,[Errno 2] No such file or directory: 'D:\\BaiduNetdiskDownload\\气象大模型数据（中南）-20260224\\气象雷达拼图（UTC）\\Z_RADA_C_BABJ_P_ACHN_CREF000_20260222144800_12.2_54.2_73.0_135.0.png'
7124,Z_RADA_C_BABJ_P_ACHN_CREF000_20260222145400_12.2_54.2_73.0_135.0.png,[Errno 2] No such file or directory: 'D:\\BaiduNetdiskDownload\\气象大模型数据（中南）-20260224\\气象雷达拼图（UTC）\\Z_RADA_C_BABJ_P_ACHN_CREF000_20260222145400_12.2_54.2_73.0_135.0.png'
7125,Z_RADA_C_BABJ_P_ACHN_CREF000_20260222150000_12.2_54.2_73.0_135.0.png,[Errno 2] No such file or directory: 'D:\\BaiduNetdiskDownload\\气象大模型数据（中南）-20260224\\气象雷达拼图（UTC）\\Z_RADA_C_BABJ_P_ACHN_CREF000_20260222150000_12.2_54.2_73.0_135.0.png'
7126,Z_RADA_C_BABJ_P_ACHN_CREF000_20260222150600_12.2_54.2_73.0_135.0.png,[Errno 2] No such file or directory: 'D:\\BaiduNetdiskDownload\\气象大模型数据（中南）-20260224\\气象雷达拼图（UTC）\\Z_RADA_C_BABJ_P_ACHN_CREF000_20260222150600_12.2_54.2_73.0_135.0.png'
7127,Z_RADA_C_BABJ_P_ACHN_CREF000_20260222151200_12.2_54.2_73.0_135.0.png,[Errno 2] No such file or directory: 'D:\\BaiduNetdiskDownload\\气象大模型数据（中南）-20260224\\气象雷达拼图（UTC）\\Z_RADA_C_BABJ_P_ACHN_CREF000_20260222151200_12.2_54.2_73.0_135.0.png'
7128,Z_RADA_C_BABJ_P_ACHN_CREF000_20260222151800_12.2_54.2_73.0_135.0.png,[Errno 2] No such file or directory: 'D:\\BaiduNetdiskDownload\\气象大模型数据（中南）-20260224\\气象雷达拼图（UTC）\\Z_RADA_C_BABJ_P_ACHN_CREF000_20260222151800_12.2_54.2_73.0_135.0.png'
7129,Z_RADA_C_BABJ_P_ACHN_CREF000_20260222152400_12.2_54.2_73.0_135.0.png,[Errno 2] No such file or directory: 'D:\\BaiduNetdiskDownload\\气象大模型数据（中南）-20260224\\气象雷达拼图（UTC）\\Z_RADA_C_BABJ_P_ACHN_CREF000_20260222152400_12.2_54.2_73.0_135.0.png'
7130,Z_RADA_C_BABJ_P_ACHN_CREF000_20260222153000_12.2_54.2_73.0_135.0.png,[Errno 2] No such file or directory: 'D:\\BaiduNetdiskDownload\\气象大模型数据（中南）-20260224\\气象雷达拼图（UTC）\\Z_RADA_C_BABJ_P_ACHN_CREF000_20260222153000_12.2_54.2_73.0_135.0.png'
7131,Z_RADA_C_BABJ_P_ACHN_CREF000_20260222153600_12.2_54.2_73.0_135.0.png,[Errno 2] No such file or directory: 'D:\\BaiduNetdiskDownload\\气象大模型数据（中南）-20260224\\气象雷达拼图（UTC）\\Z_RADA_C_BABJ_P_ACHN_CREF000_20260222153600_12.2_54.2_73.0_135.0.png'
7132,Z_RADA_C_BABJ_P_ACHN_CREF000_20260222154200_12.2_54.2_73.0_135.0.png,[Errno 2] No such file or directory: 'D:\\BaiduNetdiskDownload\\气象大模型数据（中南）-20260224\\气象雷达拼图（UTC）\\Z_RADA_C_BABJ_P_ACHN_CREF000_20260222154200_12.2_54.2_73.0_135.0.png'
7133,Z_RADA_C_BABJ_P_ACHN_CREF000_20260222154800_12.2_54.2_73.0_135.0.png,[Errno 2] No such file or directory: 'D:\\BaiduNetdiskDownload\\气象大模型数据（中南）-20260224\\气象雷达拼图（UTC）\\Z_RADA_C_BABJ_P_ACHN_CREF000_20260222154800_12.2_54.2_73.0_135.0.png'
7134,Z_RADA_C_BABJ_P_ACHN_CREF000_20260222155400_12.2_54.2_73.0_135.0.png,[Errno 2] No such file or directory: 'D:\\BaiduNetdiskDownload\\气象大模型数据（中南）-20260224\\气象雷达拼图（UTC）\\Z_RADA_C_BABJ_P_ACHN_CREF000_20260222155400_12.2_54.2_73.0_135.0.png'
7135,Z_RADA_C_BABJ_P_ACHN_CREF000_20260222160000_12.2_54.2_73.0_135.0.png,[Errno 2] No such file or directory: 'D:\\BaiduNetdiskDownload\\气象大模型数据（中南）-20260224\\气象雷达拼图（UTC）\\Z_RADA_C_BABJ_P_ACHN_CREF000_20260222160000_12.2_54.2_73.0_135.0.png'
7136,Z_RADA_C_BABJ_P_ACHN_CREF000_20260222160600_12.2_54.2_73.0_135.0.png,[Errno 2] No such file or directory: 'D:\\BaiduNetdiskDownload\\气象大模型数据（中南）-20260224\\气象雷达拼图（UTC）\\Z_RADA_C_BABJ_P_ACHN_CREF000_20260222160600_12.2_54.2_73.0_135.0.png'
7137,Z_RADA_C_BABJ_P_ACHN_CREF000_20260222161200_12.2_54.2_73.0_135.0.png,[Errno 2] No such file or directory: 'D:\\BaiduNetdiskDownload\\气象大模型数据（中南）-20260224\\气象雷达拼图（UTC）\\Z_RADA_C_BABJ_P_ACHN_CREF000_20260222161200_12.2_54.2_73.0_135.0.png'
7138,Z_RADA_C_BABJ_P_ACHN_CREF000_20260222161800_12.2_54.2_73.0_135.0.png,[Errno 2] No such file or directory: 'D:\\BaiduNetdiskDownload\\气象大模型数据（中南）-20260224\\气象雷达拼图（UTC）\\Z_RADA_C_BABJ_P_ACHN_CREF000_20260222161800_12.2_54.2_73.0_135.0.png'
7139,Z_RADA_C_BABJ_P_ACHN_CREF000_20260222162400_12.2_54.2_73.0_135.0.png,[Errno 2] No such file or directory: 'D:\\BaiduNetdiskDownload\\气象大模型数据（中南）-20260224\\气象雷达拼图（UTC）\\Z_RADA_C_BABJ_P_ACHN_CREF000_20260222162400_12.2_54.2_73.0_135.0.png'
7140,Z_RADA_C_BABJ_P_ACHN_CREF000_20260222163000_12.2_54.2_73.0_135.0.png,[Errno 2] No such file or directory: 'D:\\BaiduNetdiskDownload\\气象大模型数据（中南）-20260224\\气象雷达拼图（UTC）\\Z_RADA_C_BABJ_P_ACHN_CREF000_20260222163000_12.2_54.2_73.0_135.0.png'
7141,Z_RADA_C_BABJ_P_ACHN_CREF000_20260222163600_12.2_54.2_73.0_135.0.png,[Errno 2] No such file or directory: 'D:\\BaiduNetdiskDownload\\气象大模型数据（中南）-20260224\\气象雷达拼图（UTC）\\Z_RADA_C_BABJ_P_ACHN_CREF000_20260222163600_12.2_54.2_73.0_135.0.png'
7142,Z_RADA_C_BABJ_P_ACHN_CREF000_20260222164200_12.2_54.2_73.0_135.0.png,[Errno 2] No such file or directory: 'D:\\BaiduNetdiskDownload\\气象大模型数据（中南）-20260224\\气象雷达拼图（UTC）\\Z_RADA_C_BABJ_P_ACHN_CREF000_20260222164200_12.2_54.2_73.0_135.0.png'
7143,Z_RADA_C_BABJ_P_ACHN_CREF000_20260222164800_12.2_54.2_73.0_135.0.png,[Errno 2] No such file or directory: 'D:\\BaiduNetdiskDownload\\气象大模型数据（中南）-20260224\\气象雷达拼图（UTC）\\Z_RADA_C_BABJ_P_ACHN_CREF000_20260222164800_12.2_54.2_73.0_135.0.png'
7144,Z_RADA_C_BABJ_P_ACHN_CREF000_20260222165400_12.2_54.2_73.0_135.0.png,[Errno 2] No such file or directory: 'D:\\BaiduNetdiskDownload\\气象大模型数据（中南）-20260224\\气象雷达拼图（UTC）\\Z_RADA_C_BABJ_P_ACHN_CREF000_20260222165400_12.2_54.2_73.0_135.0.png'
7145,Z_RADA_C_BABJ_P_ACHN_CREF000_20260222170000_12.2_54.2_73.0_135.0.png,[Errno 2] No such file or directory: 'D:\\BaiduNetdiskDownload\\气象大模型数据（中南）-20260224\\气象雷达拼图（UTC）\\Z_RADA_C_BABJ_P_ACHN_CREF000_20260222170000_12.2_54.2_73.0_135.0.png'
7146,Z_RADA_C_BABJ_P_ACHN_CREF000_20260222170600_12.2_54.2_73.0_135.0.png,[Errno 2] No such file or directory: 'D:\\BaiduNetdiskDownload\\气象大模型数据（中南）-20260224\\气象雷达拼图（UTC）\\Z_RADA_C_BABJ_P_ACHN_CREF000_20260222170600_12.2_54.2_73.0_135.0.png'
7147,Z_RADA_C_BABJ_P_ACHN_CREF000_20260222171200_12.2_54.2_73.0_135.0.png,[Errno 2] No such file or directory: 'D:\\BaiduNetdiskDownload\\气象大模型数据（中南）-20260224\\气象雷达拼图（UTC）\\Z_RADA_C_BABJ_P_ACHN_CREF000_20260222171200_12.2_54.2_73.0_135.0.png'
7148,Z_RADA_C_BABJ_P_ACHN_CREF000_20260222171800_12.2_54.2_73.0_135.0.png,[Errno 2] No such file or directory: 'D:\\BaiduNetdiskDownload\\气象大模型数据（中南）-20260224\\气象雷达拼图（UTC）\\Z_RADA_C_BABJ_P_ACHN_CREF000_20260222171800_12.2_54.2_73.0_135.0.png'
7149,Z_RADA_C_BABJ_P_ACHN_CREF000_20260222172400_12.2_54.2_73.0_135.0.png,[Errno 2] No such file or directory: 'D:\\BaiduNetdiskDownload\\气象大模型数据（中南）-20260224\\气象雷达拼图（UTC）\\Z_RADA_C_BABJ_P_ACHN_CREF000_20260222172400_12.2_54.2_73.0_135.0.png'
7150,Z_RADA_C_BABJ_P_ACHN_CREF000_20260222173000_12.2_54.2_73.0_135.0.png,[Errno 2] No such file or directory: 'D:\\BaiduNetdiskDownload\\气象大模型数据（中南）-20260224\\气象雷达拼图（UTC）\\Z_RADA_C_BABJ_P_ACHN_CREF000_20260222173000_12.2_54.2_73.0_135.0.png'
7151,Z_RADA_C_BABJ_P_ACHN_CREF000_20260222173600_12.2_54.2_73.0_135.0.png,[Errno 2] No such file or directory: 'D:\\BaiduNetdiskDownload\\气象大模型数据（中南）-20260224\\气象雷达拼图（UTC）\\Z_RADA_C_BABJ_P_ACHN_CREF000_20260222173600_12.2_54.2_73.0_135.0.png'
7152,Z_RADA_C_BABJ_P_ACHN_CREF000_20260222174200_12.2_54.2_73.0_135.0.png,[Errno 2] No such file or directory: 'D:\\BaiduNetdiskDownload\\气象大模型数据（中南）-20260224\\气象雷达拼图（UTC）\\Z_RADA_C_BABJ_P_ACHN_CREF000_20260222174200_12.2_54.2_73.0_135.0.png'
7153,Z_RADA_C_BABJ_P_ACHN_CREF000_20260222174800_12.2_54.2_73.0_135.0.png,[Errno 2] No such file or directory: 'D:\\BaiduNetdiskDownload\\气象大模型数据（中南）-20260224\\气象雷达拼图（UTC）\\Z_RADA_C_BABJ_P_ACHN_CREF000_20260222174800_12.2_54.2_73.0_135.0.png'
7154,Z_RADA_C_BABJ_P_ACHN_CREF000_20260222175400_12.2_54.2_73.0_135.0.png,[Errno 2] No such file or directory: 'D:\\BaiduNetdiskDownload\\气象大模型数据（中南）-20260224\\气象雷达拼图（UTC）\\Z_RADA_C_BABJ_P_ACHN_CREF000_20260222175400_12.2_54.2_73.0_135.0.png'
7155,Z_RADA_C_BABJ_P_ACHN_CREF000_20260222180000_12.2_54.2_73.0_135.0.png,[Errno 2] No such file or directory: 'D:\\BaiduNetdiskDownload\\气象大模型数据（中南）-20260224\\气象雷达拼图（UTC）\\Z_RADA_C_BABJ_P_ACHN_CREF000_20260222180000_12.2_54.2_73.0_135.0.png'
7156,Z_RADA_C_BABJ_P_ACHN_CREF000_20260222180600_12.2_54.2_73.0_135.0.png,[Errno 2] No such file or directory: 'D:\\BaiduNetdiskDownload\\气象大模型数据（中南）-20260224\\气象雷达拼图（UTC）\\Z_RADA_C_BABJ_P_ACHN_CREF000_20260222180600_12.2_54.2_73.0_135.0.png'
7157,Z_RADA_C_BABJ_P_ACHN_CREF000_20260222181200_12.2_54.2_73.0_135.0.png,[Errno 2] No such file or directory: 'D:\\BaiduNetdiskDownload\\气象大模型数据（中南）-20260224\\气象雷达拼图（UTC）\\Z_RADA_C_BABJ_P_ACHN_CREF000_20260222181200_12.2_54.2_73.0_135.0.png'
7158,Z_RADA_C_BABJ_P_ACHN_CREF000_20260222181800_12.2_54.2_73.0_135.0.png,[Errno 2] No such file or directory: 'D:\\BaiduNetdiskDownload\\气象大模型数据（中南）-20260224\\气象雷达拼图（UTC）\\Z_RADA_C_BABJ_P_ACHN_CREF000_20260222181800_12.2_54.2_73.0_135.0.png'
7159,Z_RADA_C_BABJ_P_ACHN_CREF000_20260222182400_12.2_54.2_73.0_135.0.png,[Errno 2] No such file or directory: 'D:\\BaiduNetdiskDownload\\气象大模型数据（中南）-20260224\\气象雷达拼图（UTC）\\Z_RADA_C_BABJ_P_ACHN_CREF000_20260222182400_12.2_54.2_73.0_135.0.png'
7160,Z_RADA_C_BABJ_P_ACHN_CREF000_20260222183000_12.2_54.2_73.0_135.0.png,[Errno 2] No such file or directory: 'D:\\BaiduNetdiskDownload\\气象大模型数据（中南）-20260224\\气象雷达拼图（UTC）\\Z_RADA_C_BABJ_P_ACHN_CREF000_20260222183000_12.2_54.2_73.0_135.0.png'
7161,Z_RADA_C_BABJ_P_ACHN_CREF000_20260222183600_12.2_54.2_73.0_135.0.png,[Errno 2] No such file or directory: 'D:\\BaiduNetdiskDownload\\气象大模型数据（中南）-20260224\\气象雷达拼图（UTC）\\Z_RADA_C_BABJ_P_ACHN_CREF000_20260222183600_12.2_54.2_73.0_135.0.png'
7162,Z_RADA_C_BABJ_P_ACHN_CREF000_20260222184200_12.2_54.2_73.0_135.0.png,[Errno 2] No such file or directory: 'D:\\BaiduNetdiskDownload\\气象大模型数据（中南）-20260224\\气象雷达拼图（UTC）\\Z_RADA_C_BABJ_P_ACHN_CREF000_20260222184200_12.2_54.2_73.0_135.0.png'
7163,Z_RADA_C_BABJ_P_ACHN_CREF000_20260222184800_12.2_54.2_73.0_135.0.png,[Errno 2] No such file or directory: 'D:\\BaiduNetdiskDownload\\气象大模型数据（中南）-20260224\\气象雷达拼图（UTC）\\Z_RADA_C_BABJ_P_ACHN_CREF000_20260222184800_12.2_54.2_73.0_135.0.png'
7164,Z_RADA_C_BABJ_P_ACHN_CREF000_20260222185400_12.2_54.2_73.0_135.0.png,[Errno 2] No such file or directory: 'D:\\BaiduNetdiskDownload\\气象大模型数据（中南）-20260224\\气象雷达拼图（UTC）\\Z_RADA_C_BABJ_P_ACHN_CREF000_20260222185400_12.2_54.2_73.0_135.0.png'
7165,Z_RADA_C_BABJ_P_ACHN_CREF000_20260222190000_12.2_54.2_73.0_135.0.png,[Errno 2] No such file or directory: 'D:\\BaiduNetdiskDownload\\气象大模型数据（中南）-20260224\\气象雷达拼图（UTC）\\Z_RADA_C_BABJ_P_ACHN_CREF000_20260222190000_12.2_54.2_73.0_135.0.png'
7166,Z_RADA_C_BABJ_P_ACHN_CREF000_20260222190600_12.2_54.2_73.0_135.0.png,[Errno 2] No such file or directory: 'D:\\BaiduNetdiskDownload\\气象大模型数据（中南）-20260224\\气象雷达拼图（UTC）\\Z_RADA_C_BABJ_P_ACHN_CREF000_20260222190600_12.2_54.2_73.0_135.0.png'
7167,Z_RADA_C_BABJ_P_ACHN_CREF000_20260222191200_12.2_54.2_73.0_135.0.png,[Errno 2] No such file or directory: 'D:\\BaiduNetdiskDownload\\气象大模型数据（中南）-20260224\\气象雷达拼图（UTC）\\Z_RADA_C_BABJ_P_ACHN_CREF000_20260222191200_12.2_54.2_73.0_135.0.png'
7168,Z_RADA_C_BABJ_P_ACHN_CREF000_20260222191800_12.2_54.2_73.0_135.0.png,[Errno 2] No such file or directory: 'D:\\BaiduNetdiskDownload\\气象大模型数据（中南）-20260224\\气象雷达拼图（UTC）\\Z_RADA_C_BABJ_P_ACHN_CREF000_20260222191800_12.2_54.2_73.0_135.0.png'
7169,Z_RADA_C_BABJ_P_ACHN_CREF000_20260222192400_12.2_54.2_73.0_135.0.png,[Errno 2] No such file or directory: 'D:\\BaiduNetdiskDownload\\气象大模型数据（中南）-20260224\\气象雷达拼图（UTC）\\Z_RADA_C_BABJ_P_ACHN_CREF000_20260222192400_12.2_54.2_73.0_135.0.png'
7170,Z_RADA_C_BABJ_P_ACHN_CREF000_20260222193000_12.2_54.2_73.0_135.0.png,[Errno 2] No such file or directory: 'D:\\BaiduNetdiskDownload\\气象大模型数据（中南）-20260224\\气象雷达拼图（UTC）\\Z_RADA_C_BABJ_P_ACHN_CREF000_20260222193000_12.2_54.2_73.0_135.0.png'
7171,Z_RADA_C_BABJ_P_ACHN_CREF000_20260222193600_12.2_54.2_73.0_135.0.png,[Errno 2] No such file or directory: 'D:\\BaiduNetdiskDownload\\气象大模型数据（中南）-20260224\\气象雷达拼图（UTC）\\Z_RADA_C_BABJ_P_ACHN_CREF000_20260222193600_12.2_54.2_73.0_135.0.png'
7172,Z_RADA_C_BABJ_P_ACHN_CREF000_20260222194200_12.2_54.2_73.0_135.0.png,[Errno 2] No such file or directory: 'D:\\BaiduNetdiskDownload\\气象大模型数据（中南）-20260224\\气象雷达拼图（UTC）\\Z_RADA_C_BABJ_P_ACHN_CREF000_20260222194200_12.2_54.2_73.0_135.0.png'
7173,Z_RADA_C_BABJ_P_ACHN_CREF000_20260222194800_12.2_54.2_73.0_135.0.png,[Errno 2] No such file or directory: 'D:\\BaiduNetdiskDownload\\气象大模型数据（中南）-20260224\\气象雷达拼图（UTC）\\Z_RADA_C_BABJ_P_ACHN_CREF000_20260222194800_12.2_54.2_73.0_135.0.png'
7174,Z_RADA_C_BABJ_P_ACHN_CREF000_20260222195400_12.2_54.2_73.0_135.0.png,[Errno 2] No such file or directory: 'D:\\BaiduNetdiskDownload\\气象大模型数据（中南）-20260224\\气象雷达拼图（UTC）\\Z_RADA_C_BABJ_P_ACHN_CREF000_20260222195400_12.2_54.2_73.0_135.0.png'
7175,Z_RADA_C_BABJ_P_ACHN_CREF000_20260222200000_12.2_54.2_73.0_135.0.png,[Errno 2] No such file or directory: 'D:\\BaiduNetdiskDownload\\气象大模型数据（中南）-20260224\\气象雷达拼图（UTC）\\Z_RADA_C_BABJ_P_ACHN_CREF000_20260222200000_12.2_54.2_73.0_135.0.png'
7176,Z_RADA_C_BABJ_P_ACHN_CREF000_20260222200600_12.2_54.2_73.0_135.0.png,[Errno 2] No such file or directory: 'D:\\BaiduNetdiskDownload\\气象大模型数据（中南）-20260224\\气象雷达拼图（UTC）\\Z_RADA_C_BABJ_P_ACHN_CREF000_20260222200600_12.2_54.2_73.0_135.0.png'
7177,Z_RADA_C_BABJ_P_ACHN_CREF000_20260222201200_12.2_54.2_73.0_135.0.png,[Errno 2] No such file or directory: 'D:\\BaiduNetdiskDownload\\气象大模型数据（中南）-20260224\\气象雷达拼图（UTC）\\Z_RADA_C_BABJ_P_ACHN_CREF000_20260222201200_12.2_54.2_73.0_135.0.png'
7178,Z_RADA_C_BABJ_P_ACHN_CREF000_20260222201800_12.2_54.2_73.0_135.0.png,[Errno 2] No such file or directory: 'D:\\BaiduNetdiskDownload\\气象大模型数据（中南）-20260224\\气象雷达拼图（UTC）\\Z_RADA_C_BABJ_P_ACHN_CREF000_20260222201800_12.2_54.2_73.0_135.0.png'
7179,Z_RADA_C_BABJ_P_ACHN_CREF000_20260222202400_12.2_54.2_73.0_135.0.png,[Errno 2] No such file or directory: 'D:\\BaiduNetdiskDownload\\气象大模型数据（中南）-20260224\\气象雷达拼图（UTC）\\Z_RADA_C_BABJ_P_ACHN_CREF000_20260222202400_12.2_54.2_73.0_135.0.png'
7180,Z_RADA_C_BABJ_P_ACHN_CREF000_20260222203000_12.2_54.2_73.0_135.0.png,[Errno 2] No such file or directory: 'D:\\BaiduNetdiskDownload\\气象大模型数据（中南）-20260224\\气象雷达拼图（UTC）\\Z_RADA_C_BABJ_P_ACHN_CREF000_20260222203000_12.2_54.2_73.0_135.0.png'
7181,Z_RADA_C_BABJ_P_ACHN_CREF000_20260222203600_12.2_54.2_73.0_135.0.png,[Errno 2] No such file or directory: 'D:\\BaiduNetdiskDownload\\气象大模型数据（中南）-20260224\\气象雷达拼图（UTC）\\Z_RADA_C_BABJ_P_ACHN_CREF000_20260222203600_12.2_54.2_73.0_135.0.png'
7182,Z_RADA_C_BABJ_P_ACHN_CREF000_20260222204200_12.2_54.2_73.0_135.0.png,[Errno 2] No such file or directory: 'D:\\BaiduNetdiskDownload\\气象大模型数据（中南）-20260224\\气象雷达拼图（UTC）\\Z_RADA_C_BABJ_P_ACHN_CREF000_20260222204200_12.2_54.2_73.0_135.0.png'
7183,Z_RADA_C_BABJ_P_ACHN_CREF000_20260222204800_12.2_54.2_73.0_135.0.png,[Errno 2] No such file or directory: 'D:\\BaiduNetdiskDownload\\气象大模型数据（中南）-20260224\\气象雷达拼图（UTC）\\Z_RADA_C_BABJ_P_ACHN_CREF000_20260222204800_12.2_54.2_73.0_135.0.png'
7184,Z_RADA_C_BABJ_P_ACHN_CREF000_20260222205400_12.2_54.2_73.0_135.0.png,[Errno 2] No such file or directory: 'D:\\BaiduNetdiskDownload\\气象大模型数据（中南）-20260224\\气象雷达拼图（UTC）\\Z_RADA_C_BABJ_P_ACHN_CREF000_20260222205400_12.2_54.2_73.0_135.0.png'
7185,Z_RADA_C_BABJ_P_ACHN_CREF000_20260222210000_12.2_54.2_73.0_135.0.png,[Errno 2] No such file or directory: 'D:\\BaiduNetdiskDownload\\气象大模型数据（中南）-20260224\\气象雷达拼图（UTC）\\Z_RADA_C_BABJ_P_ACHN_CREF000_20260222210000_12.2_54.2_73.0_135.0.png'
7186,Z_RADA_C_BABJ_P_ACHN_CREF000_20260222210600_12.2_54.2_73.0_135.0.png,[Errno 2] No such file or directory: 'D:\\BaiduNetdiskDownload\\气象大模型数据（中南）-20260224\\气象雷达拼图（UTC）\\Z_RADA_C_BABJ_P_ACHN_CREF000_20260222210600_12.2_54.2_73.0_135.0.png'
7187,Z_RADA_C_BABJ_P_ACHN_CREF000_20260222211200_12.2_54.2_73.0_135.0.png,[Errno 2] No such file or directory: 'D:\\BaiduNetdiskDownload\\气象大模型数据（中南）-20260224\\气象雷达拼图（UTC）\\Z_RADA_C_BABJ_P_ACHN_CREF000_20260222211200_12.2_54.2_73.0_135.0.png'
7188,Z_RADA_C_BABJ_P_ACHN_CREF000_20260222211800_12.2_54.2_73.0_135.0.png,[Errno 2] No such file or directory: 'D:\\BaiduNetdiskDownload\\气象大模型数据（中南）-20260224\\气象雷达拼图（UTC）\\Z_RADA_C_BABJ_P_ACHN_CREF000_20260222211800_12.2_54.2_73.0_135.0.png'
7189,Z_RADA_C_BABJ_P_ACHN_CREF000_20260222212400_12.2_54.2_73.0_135.0.png,[Errno 2] No such file or directory: 'D:\\BaiduNetdiskDownload\\气象大模型数据（中南）-20260224\\气象雷达拼图（UTC）\\Z_RADA_C_BABJ_P_ACHN_CREF000_20260222212400_12.2_54.2_73.0_135.0.png'
7190,Z_RADA_C_BABJ_P_ACHN_CREF000_20260222213000_12.2_54.2_73.0_135.0.png,[Errno 2] No such file or directory: 'D:\\BaiduNetdiskDownload\\气象大模型数据（中南）-20260224\\气象雷达拼图（UTC）\\Z_RADA_C_BABJ_P_ACHN_CREF000_20260222213000_12.2_54.2_73.0_135.0.png'
7191,Z_RADA_C_BABJ_P_ACHN_CREF000_20260222213600_12.2_54.2_73.0_135.0.png,[Errno 2] No such file or directory: 'D:\\BaiduNetdiskDownload\\气象大模型数据（中南）-20260224\\气象雷达拼图（UTC）\\Z_RADA_C_BABJ_P_ACHN_CREF000_20260222213600_12.2_54.2_73.0_135.0.png'
7192,Z_RADA_C_BABJ_P_ACHN_CREF000_20260222214200_12.2_54.2_73.0_135.0.png,[Errno 2] No such file or directory: 'D:\\BaiduNetdiskDownload\\气象大模型数据（中南）-20260224\\气象雷达拼图（UTC）\\Z_RADA_C_BABJ_P_ACHN_CREF000_20260222214200_12.2_54.2_73.0_135.0.png'
7193,Z_RADA_C_BABJ_P_ACHN_CREF000_20260222214800_12.2_54.2_73.0_135.0.png,[Errno 2] No such file or directory: 'D:\\BaiduNetdiskDownload\\气象大模型数据（中南）-20260224\\气象雷达拼图（UTC）\\Z_RADA_C_BABJ_P_ACHN_CREF000_20260222214800_12.2_54.2_73.0_135.0.png'
7194,Z_RADA_C_BABJ_P_ACHN_CREF000_20260222215400_12.2_54.2_73.0_135.0.png,[Errno 2] No such file or directory: 'D:\\BaiduNetdiskDownload\\气象大模型数据（中南）-20260224\\气象雷达拼图（UTC）\\Z_RADA_C_BABJ_P_ACHN_CREF000_20260222215400_12.2_54.2_73.0_135.0.png'
7195,Z_RADA_C_BABJ_P_ACHN_CREF000_20260222220000_12.2_54.2_73.0_135.0.png,[Errno 2] No such file or directory: 'D:\\BaiduNetdiskDownload\\气象大模型数据（中南）-20260224\\气象雷达拼图（UTC）\\Z_RADA_C_BABJ_P_ACHN_CREF000_20260222220000_12.2_54.2_73.0_135.0.png'
7196,Z_RADA_C_BABJ_P_ACHN_CREF000_20260222220600_12.2_54.2_73.0_135.0.png,[Errno 2] No such file or directory: 'D:\\BaiduNetdiskDownload\\气象大模型数据（中南）-20260224\\气象雷达拼图（UTC）\\Z_RADA_C_BABJ_P_ACHN_CREF000_20260222220600_12.2_54.2_73.0_135.0.png'
7197,Z_RADA_C_BABJ_P_ACHN_CREF000_20260222221200_12.2_54.2_73.0_135.0.png,[Errno 2] No such file or directory: 'D:\\BaiduNetdiskDownload\\气象大模型数据（中南）-20260224\\气象雷达拼图（UTC）\\Z_RADA_C_BABJ_P_ACHN_CREF000_20260222221200_12.2_54.2_73.0_135.0.png'
7198,Z_RADA_C_BABJ_P_ACHN_CREF000_20260222221800_12.2_54.2_73.0_135.0.png,[Errno 2] No such file or directory: 'D:\\BaiduNetdiskDownload\\气象大模型数据（中南）-20260224\\气象雷达拼图（UTC）\\Z_RADA_C_BABJ_P_ACHN_CREF000_20260222221800_12.2_54.2_73.0_135.0.png'
7199,Z_RADA_C_BABJ_P_ACHN_CREF000_20260222222400_12.2_54.2_73.0_135.0.png,[Errno 2] No such file or directory: 'D:\\BaiduNetdiskDownload\\气象大模型数据（中南）-20260224\\气象雷达拼图（UTC）\\Z_RADA_C_BABJ_P_ACHN_CREF000_20260222222400_12.2_54.2_73.0_135.0.png'
7200,Z_RADA_C_BABJ_P_ACHN_CREF000_20260222223000_12.2_54.2_73.0_135.0.png,[Errno 2] No such file or directory: 'D:\\BaiduNetdiskDownload\\气象大模型数据（中南）-20260224\\气象雷达拼图（UTC）\\Z_RADA_C_BABJ_P_ACHN_CREF000_20260222223000_12.2_54.2_73.0_135.0.png'
7201,Z_RADA_C_BABJ_P_ACHN_CREF000_20260222223600_12.2_54.2_73.0_135.0.png,[Errno 2] No such file or directory: 'D:\\BaiduNetdiskDownload\\气象大模型数据（中南）-20260224\\气象雷达拼图（UTC）\\Z_RADA_C_BABJ_P_ACHN_CREF000_20260222223600_12.2_54.2_73.0_135.0.png'
7202,Z_RADA_C_BABJ_P_ACHN_CREF000_20260222224200_12.2_54.2_73.0_135.0.png,[Errno 2] No such file or directory: 'D:\\BaiduNetdiskDownload\\气象大模型数据（中南）-20260224\\气象雷达拼图（UTC）\\Z_RADA_C_BABJ_P_ACHN_CREF000_20260222224200_12.2_54.2_73.0_135.0.png'
7203,Z_RADA_C_BABJ_P_ACHN_CREF000_20260222224800_12.2_54.2_73.0_135.0.png,[Errno 2] No such file or directory: 'D:\\BaiduNetdiskDownload\\气象大模型数据（中南）-20260224\\气象雷达拼图（UTC）\\Z_RADA_C_BABJ_P_ACHN_CREF000_20260222224800_12.2_54.2_73.0_135.0.png'
7204,Z_RADA_C_BABJ_P_ACHN_CREF000_20260222225400_12.2_54.2_73.0_135.0.png,[Errno 2] No such file or directory: 'D:\\BaiduNetdiskDownload\\气象大模型数据（中南）-20260224\\气象雷达拼图（UTC）\\Z_RADA_C_BABJ_P_ACHN_CREF000_20260222225400_12.2_54.2_73.0_135.0.png'
7205,Z_RADA_C_BABJ_P_ACHN_CREF000_20260222230000_12.2_54.2_73.0_135.0.png,[Errno 2] No such file or directory: 'D:\\BaiduNetdiskDownload\\气象大模型数据（中南）-20260224\\气象雷达拼图（UTC）\\Z_RADA_C_BABJ_P_ACHN_CREF000_20260222230000_12.2_54.2_73.0_135.0.png'
7206,Z_RADA_C_BABJ_P_ACHN_CREF000_20260222230600_12.2_54.2_73.0_135.0.png,[Errno 2] No such file or directory: 'D:\\BaiduNetdiskDownload\\气象大模型数据（中南）-20260224\\气象雷达拼图（UTC）\\Z_RADA_C_BABJ_P_ACHN_CREF000_20260222230600_12.2_54.2_73.0_135.0.png'
7207,Z_RADA_C_BABJ_P_ACHN_CREF000_20260222231200_12.2_54.2_73.0_135.0.png,[Errno 2] No such file or directory: 'D:\\BaiduNetdiskDownload\\气象大模型数据（中南）-20260224\\气象雷达拼图（UTC）\\Z_RADA_C_BABJ_P_ACHN_CREF000_20260222231200_12.2_54.2_73.0_135.0.png'
7208,Z_RADA_C_BABJ_P_ACHN_CREF000_20260222231800_12.2_54.2_73.0_135.0.png,[Errno 2] No such file or directory: 'D:\\BaiduNetdiskDownload\\气象大模型数据（中南）-20260224\\气象雷达拼图（UTC）\\Z_RADA_C_BABJ_P_ACHN_CREF000_20260222231800_12.2_54.2_73.0_135.0.png'
7209,Z_RADA_C_BABJ_P_ACHN_CREF000_20260222232400_12.2_54.2_73.0_135.0.png,[Errno 2] No such file or directory: 'D:\\BaiduNetdiskDownload\\气象大模型数据（中南）-20260224\\气象雷达拼图（UTC）\\Z_RADA_C_BABJ_P_ACHN_CREF000_20260222232400_12.2_54.2_73.0_135.0.png'
7210,Z_RADA_C_BABJ_P_ACHN_CREF000_20260222233000_12.2_54.2_73.0_135.0.png,[Errno 2] No such file or directory: 'D:\\BaiduNetdiskDownload\\气象大模型数据（中南）-20260224\\气象雷达拼图（UTC）\\Z_RADA_C_BABJ_P_ACHN_CREF000_20260222233000_12.2_54.2_73.0_135.0.png'
7211,Z_RADA_C_BABJ_P_ACHN_CREF000_20260222233600_12.2_54.2_73.0_135.0.png,[Errno 2] No such file or directory: 'D:\\BaiduNetdiskDownload\\气象大模型数据（中南）-20260224\\气象雷达拼图（UTC）\\Z_RADA_C_BABJ_P_ACHN_CREF000_20260222233600_12.2_54.2_73.0_135.0.png'
7212,Z_RADA_C_BABJ_P_ACHN_CREF000_20260222234200_12.2_54.2_73.0_135.0.png,[Errno 2] No such file or directory: 'D:\\BaiduNetdiskDownload\\气象大模型数据（中南）-20260224\\气象雷达拼图（UTC）\\Z_RADA_C_BABJ_P_ACHN_CREF000_20260222234200_12.2_54.2_73.0_135.0.png'
7213,Z_RADA_C_BABJ_P_ACHN_CREF000_20260222234800_12.2_54.2_73.0_135.0.png,[Errno 2] No such file or directory: 'D:\\BaiduNetdiskDownload\\气象大模型数据（中南）-20260224\\气象雷达拼图（UTC）\\Z_RADA_C_BABJ_P_ACHN_CREF000_20260222234800_12.2_54.2_73.0_135.0.png'
7214,Z_RADA_C_BABJ_P_ACHN_CREF000_20260222235400_12.2_54.2_73.0_135.0.png,[Errno 2] No such file or directory: 'D:\\BaiduNetdiskDownload\\气象大模型数据（中南）-20260224\\气象雷达拼图（UTC）\\Z_RADA_C_BABJ_P_ACHN_CREF000_20260222235400_12.2_54.2_73.0_135.0.png'
7215,Z_RADA_C_BABJ_P_ACHN_CREF000_20260223000000_12.2_54.2_73.0_135.0.png,[Errno 2] No such file or directory: 'D:\\BaiduNetdiskDownload\\气象大模型数据（中南）-20260224\\气象雷达拼图（UTC）\\Z_RADA_C_BABJ_P_ACHN_CREF000_20260223000000_12.2_54.2_73.0_135.0.png'
7216,Z_RADA_C_BABJ_P_ACHN_CREF000_20260223000600_12.2_54.2_73.0_135.0.png,[Errno 2] No such file or directory: 'D:\\BaiduNetdiskDownload\\气象大模型数据（中南）-20260224\\气象雷达拼图（UTC）\\Z_RADA_C_BABJ_P_ACHN_CREF000_20260223000600_12.2_54.2_73.0_135.0.png'
7217,Z_RADA_C_BABJ_P_ACHN_CREF000_20260223001200_12.2_54.2_73.0_135.0.png,[Errno 2] No such file or directory: 'D:\\BaiduNetdiskDownload\\气象大模型数据（中南）-20260224\\气象雷达拼图（UTC）\\Z_RADA_C_BABJ_P_ACHN_CREF000_20260223001200_12.2_54.2_73.0_135.0.png'
7218,Z_RADA_C_BABJ_P_ACHN_CREF000_20260223001800_12.2_54.2_73.0_135.0.png,[Errno 2] No such file or directory: 'D:\\BaiduNetdiskDownload\\气象大模型数据（中南）-20260224\\气象雷达拼图（UTC）\\Z_RADA_C_BABJ_P_ACHN_CREF000_20260223001800_12.2_54.2_73.0_135.0.png'
7219,Z_RADA_C_BABJ_P_ACHN_CREF000_20260223002400_12.2_54.2_73.0_135.0.png,[Errno 2] No such file or directory: 'D:\\BaiduNetdiskDownload\\气象大模型数据（中南）-20260224\\气象雷达拼图（UTC）\\Z_RADA_C_BABJ_P_ACHN_CREF000_20260223002400_12.2_54.2_73.0_135.0.png'
7220,Z_RADA_C_BABJ_P_ACHN_CREF000_20260223003000_12.2_54.2_73.0_135.0.png,[Errno 2] No such file or directory: 'D:\\BaiduNetdiskDownload\\气象大模型数据（中南）-20260224\\气象雷达拼图（UTC）\\Z_RADA_C_BABJ_P_ACHN_CREF000_20260223003000_12.2_54.2_73.0_135.0.png'
7221,Z_RADA_C_BABJ_P_ACHN_CREF000_20260223003600_12.2_54.2_73.0_135.0.png,[Errno 2] No such file or directory: 'D:\\BaiduNetdiskDownload\\气象大模型数据（中南）-20260224\\气象雷达拼图（UTC）\\Z_RADA_C_BABJ_P_ACHN_CREF000_20260223003600_12.2_54.2_73.0_135.0.png'
7222,Z_RADA_C_BABJ_P_ACHN_CREF000_20260223004200_12.2_54.2_73.0_135.0.png,[Errno 2] No such file or directory: 'D:\\BaiduNetdiskDownload\\气象大模型数据（中南）-20260224\\气象雷达拼图（UTC）\\Z_RADA_C_BABJ_P_ACHN_CREF000_20260223004200_12.2_54.2_73.0_135.0.png'
7223,Z_RADA_C_BABJ_P_ACHN_CREF000_20260223004800_12.2_54.2_73.0_135.0.png,[Errno 2] No such file or directory: 'D:\\BaiduNetdiskDownload\\气象大模型数据（中南）-20260224\\气象雷达拼图（UTC）\\Z_RADA_C_BABJ_P_ACHN_CREF000_20260223004800_12.2_54.2_73.0_135.0.png'
7224,Z_RADA_C_BABJ_P_ACHN_CREF000_20260223005400_12.2_54.2_73.0_135.0.png,[Errno 2] No such file or directory: 'D:\\BaiduNetdiskDownload\\气象大模型数据（中南）-20260224\\气象雷达拼图（UTC）\\Z_RADA_C_BABJ_P_ACHN_CREF000_20260223005400_12.2_54.2_73.0_135.0.png'
7225,Z_RADA_C_BABJ_P_ACHN_CREF000_20260223010000_12.2_54.2_73.0_135.0.png,[Errno 2] No such file or directory: 'D:\\BaiduNetdiskDownload\\气象大模型数据（中南）-20260224\\气象雷达拼图（UTC）\\Z_RADA_C_BABJ_P_ACHN_CREF000_20260223010000_12.2_54.2_73.0_135.0.png'
7226,Z_RADA_C_BABJ_P_ACHN_CREF000_20260223010600_12.2_54.2_73.0_135.0.png,[Errno 2] No such file or directory: 'D:\\BaiduNetdiskDownload\\气象大模型数据（中南）-20260224\\气象雷达拼图（UTC）\\Z_RADA_C_BABJ_P_ACHN_CREF000_20260223010600_12.2_54.2_73.0_135.0.png'
7227,Z_RADA_C_BABJ_P_ACHN_CREF000_20260223011200_12.2_54.2_73.0_135.0.png,[Errno 2] No such file or directory: 'D:\\BaiduNetdiskDownload\\气象大模型数据（中南）-20260224\\气象雷达拼图（UTC）\\Z_RADA_C_BABJ_P_ACHN_CREF000_20260223011200_12.2_54.2_73.0_135.0.png'
7228,Z_RADA_C_BABJ_P_ACHN_CREF000_20260223011800_12.2_54.2_73.0_135.0.png,[Errno 2] No such file or directory: 'D:\\BaiduNetdiskDownload\\气象大模型数据（中南）-20260224\\气象雷达拼图（UTC）\\Z_RADA_C_BABJ_P_ACHN_CREF000_20260223011800_12.2_54.2_73.0_135.0.png'
7229,Z_RADA_C_BABJ_P_ACHN_CREF000_20260223012400_12.2_54.2_73.0_135.0.png,[Errno 2] No such file or directory: 'D:\\BaiduNetdiskDownload\\气象大模型数据（中南）-20260224\\气象雷达拼图（UTC）\\Z_RADA_C_BABJ_P_ACHN_CREF000_20260223012400_12.2_54.2_73.0_135.0.png'
7230,Z_RADA_C_BABJ_P_ACHN_CREF000_20260223013000_12.2_54.2_73.0_135.0.png,[Errno 2] No such file or directory: 'D:\\BaiduNetdiskDownload\\气象大模型数据（中南）-20260224\\气象雷达拼图（UTC）\\Z_RADA_C_BABJ_P_ACHN_CREF000_20260223013000_12.2_54.2_73.0_135.0.png'
7231,Z_RADA_C_BABJ_P_ACHN_CREF000_20260223013600_12.2_54.2_73.0_135.0.png,[Errno 2] No such file or directory: 'D:\\BaiduNetdiskDownload\\气象大模型数据（中南）-20260224\\气象雷达拼图（UTC）\\Z_RADA_C_BABJ_P_ACHN_CREF000_20260223013600_12.2_54.2_73.0_135.0.png'
7232,Z_RADA_C_BABJ_P_ACHN_CREF000_20260223014200_12.2_54.2_73.0_135.0.png,[Errno 2] No such file or directory: 'D:\\BaiduNetdiskDownload\\气象大模型数据（中南）-20260224\\气象雷达拼图（UTC）\\Z_RADA_C_BABJ_P_ACHN_CREF000_20260223014200_12.2_54.2_73.0_135.0.png'
7233,Z_RADA_C_BABJ_P_ACHN_CREF000_20260223014800_12.2_54.2_73.0_135.0.png,[Errno 2] No such file or directory: 'D:\\BaiduNetdiskDownload\\气象大模型数据（中南）-20260224\\气象雷达拼图（UTC）\\Z_RADA_C_BABJ_P_ACHN_CREF000_20260223014800_12.2_54.2_73.0_135.0.png'
7234,Z_RADA_C_BABJ_P_ACHN_CREF000_20260223015400_12.2_54.2_73.0_135.0.png,[Errno 2] No such file or directory: 'D:\\BaiduNetdiskDownload\\气象大模型数据（中南）-20260224\\气象雷达拼图（UTC）\\Z_RADA_C_BABJ_P_ACHN_CREF000_20260223015400_12.2_54.2_73.0_135.0.png'
7235,Z_RADA_C_BABJ_P_ACHN_CREF000_20260223020000_12.2_54.2_73.0_135.0.png,[Errno 2] No such file or directory: 'D:\\BaiduNetdiskDownload\\气象大模型数据（中南）-20260224\\气象雷达拼图（UTC）\\Z_RADA_C_BABJ_P_ACHN_CREF000_20260223020000_12.2_54.2_73.0_135.0.png'
7236,Z_RADA_C_BABJ_P_ACHN_CREF000_20260223020600_12.2_54.2_73.0_135.0.png,[Errno 2] No such file or directory: 'D:\\BaiduNetdiskDownload\\气象大模型数据（中南）-20260224\\气象雷达拼图（UTC）\\Z_RADA_C_BABJ_P_ACHN_CREF000_20260223020600_12.2_54.2_73.0_135.0.png'
7237,Z_RADA_C_BABJ_P_ACHN_CREF000_20260223021200_12.2_54.2_73.0_135.0.png,[Errno 2] No such file or directory: 'D:\\BaiduNetdiskDownload\\气象大模型数据（中南）-20260224\\气象雷达拼图（UTC）\\Z_RADA_C_BABJ_P_ACHN_CREF000_20260223021200_12.2_54.2_73.0_135.0.png'
7238,Z_RADA_C_BABJ_P_ACHN_CREF000_20260223021800_12.2_54.2_73.0_135.0.png,[Errno 2] No such file or directory: 'D:\\BaiduNetdiskDownload\\气象大模型数据（中南）-20260224\\气象雷达拼图（UTC）\\Z_RADA_C_BABJ_P_ACHN_CREF000_20260223021800_12.2_54.2_73.0_135.0.png'
7239,Z_RADA_C_BABJ_P_ACHN_CREF000_20260223022400_12.2_54.2_73.0_135.0.png,[Errno 2] No such file or directory: 'D:\\BaiduNetdiskDownload\\气象大模型数据（中南）-20260224\\气象雷达拼图（UTC）\\Z_RADA_C_BABJ_P_ACHN_CREF000_20260223022400_12.2_54.2_73.0_135.0.png'
7240,Z_RADA_C_BABJ_P_ACHN_CREF000_20260223023000_12.2_54.2_73.0_135.0.png,[Errno 2] No such file or directory: 'D:\\BaiduNetdiskDownload\\气象大模型数据（中南）-20260224\\气象雷达拼图（UTC）\\Z_RADA_C_BABJ_P_ACHN_CREF000_20260223023000_12.2_54.2_73.0_135.0.png'
7241,Z_RADA_C_BABJ_P_ACHN_CREF000_20260223023600_12.2_54.2_73.0_135.0.png,[Errno 2] No such file or directory: 'D:\\BaiduNetdiskDownload\\气象大模型数据（中南）-20260224\\气象雷达拼图（UTC）\\Z_RADA_C_BABJ_P_ACHN_CREF000_20260223023600_12.2_54.2_73.0_135.0.png'
7242,Z_RADA_C_BABJ_P_ACHN_CREF000_20260223024200_12.2_54.2_73.0_135.0.png,[Errno 2] No such file or directory: 'D:\\BaiduNetdiskDownload\\气象大模型数据（中南）-20260224\\气象雷达拼图（UTC）\\Z_RADA_C_BABJ_P_ACHN_CREF000_20260223024200_12.2_54.2_73.0_135.0.png'
7243,Z_RADA_C_BABJ_P_ACHN_CREF000_20260223024800_12.2_54.2_73.0_135.0.png,[Errno 2] No such file or directory: 'D:\\BaiduNetdiskDownload\\气象大模型数据（中南）-20260224\\气象雷达拼图（UTC）\\Z_RADA_C_BABJ_P_ACHN_CREF000_20260223024800_12.2_54.2_73.0_135.0.png'
7244,Z_RADA_C_BABJ_P_ACHN_CREF000_20260223025400_12.2_54.2_73.0_135.0.png,[Errno 2] No such file or directory: 'D:\\BaiduNetdiskDownload\\气象大模型数据（中南）-20260224\\气象雷达拼图（UTC）\\Z_RADA_C_BABJ_P_ACHN_CREF000_20260223025400_12.2_54.2_73.0_135.0.png'
7245,Z_RADA_C_BABJ_P_ACHN_CREF000_20260223030000_12.2_54.2_73.0_135.0.png,[Errno 2] No such file or directory: 'D:\\BaiduNetdiskDownload\\气象大模型数据（中南）-20260224\\气象雷达拼图（UTC）\\Z_RADA_C_BABJ_P_ACHN_CREF000_20260223030000_12.2_54.2_73.0_135.0.png'
7246,Z_RADA_C_BABJ_P_ACHN_CREF000_20260223030600_12.2_54.2_73.0_135.0.png,[Errno 2] No such file or directory: 'D:\\BaiduNetdiskDownload\\气象大模型数据（中南）-20260224\\气象雷达拼图（UTC）\\Z_RADA_C_BABJ_P_ACHN_CREF000_20260223030600_12.2_54.2_73.0_135.0.png'
7247,Z_RADA_C_BABJ_P_ACHN_CREF000_20260223031200_12.2_54.2_73.0_135.0.png,[Errno 2] No such file or directory: 'D:\\BaiduNetdiskDownload\\气象大模型数据（中南）-20260224\\气象雷达拼图（UTC）\\Z_RADA_C_BABJ_P_ACHN_CREF000_20260223031200_12.2_54.2_73.0_135.0.png'
7248,Z_RADA_C_BABJ_P_ACHN_CREF000_20260223031800_12.2_54.2_73.0_135.0.png,[Errno 2] No such file or directory: 'D:\\BaiduNetdiskDownload\\气象大模型数据（中南）-20260224\\气象雷达拼图（UTC）\\Z_RADA_C_BABJ_P_ACHN_CREF000_20260223031800_12.2_54.2_73.0_135.0.png'
7249,Z_RADA_C_BABJ_P_ACHN_CREF000_20260223032400_12.2_54.2_73.0_135.0.png,[Errno 2] No such file or directory: 'D:\\BaiduNetdiskDownload\\气象大模型数据（中南）-20260224\\气象雷达拼图（UTC）\\Z_RADA_C_BABJ_P_ACHN_CREF000_20260223032400_12.2_54.2_73.0_135.0.png'
7250,Z_RADA_C_BABJ_P_ACHN_CREF000_20260223033000_12.2_54.2_73.0_135.0.png,[Errno 2] No such file or directory: 'D:\\BaiduNetdiskDownload\\气象大模型数据（中南）-20260224\\气象雷达拼图（UTC）\\Z_RADA_C_BABJ_P_ACHN_CREF000_20260223033000_12.2_54.2_73.0_135.0.png'
7251,Z_RADA_C_BABJ_P_ACHN_CREF000_20260223033600_12.2_54.2_73.0_135.0.png,[Errno 2] No such file or directory: 'D:\\BaiduNetdiskDownload\\气象大模型数据（中南）-20260224\\气象雷达拼图（UTC）\\Z_RADA_C_BABJ_P_ACHN_CREF000_20260223033600_12.2_54.2_73.0_135.0.png'
7252,Z_RADA_C_BABJ_P_ACHN_CREF000_20260223034200_12.2_54.2_73.0_135.0.png,[Errno 2] No such file or directory: 'D:\\BaiduNetdiskDownload\\气象大模型数据（中南）-20260224\\气象雷达拼图（UTC）\\Z_RADA_C_BABJ_P_ACHN_CREF000_20260223034200_12.2_54.2_73.0_135.0.png'
7253,Z_RADA_C_BABJ_P_ACHN_CREF000_20260223034800_12.2_54.2_73.0_135.0.png,[Errno 2] No such file or directory: 'D:\\BaiduNetdiskDownload\\气象大模型数据（中南）-20260224\\气象雷达拼图（UTC）\\Z_RADA_C_BABJ_P_ACHN_CREF000_20260223034800_12.2_54.2_73.0_135.0.png'
7254,Z_RADA_C_BABJ_P_ACHN_CREF000_20260223035400_12.2_54.2_73.0_135.0.png,[Errno 2] No such file or directory: 'D:\\BaiduNetdiskDownload\\气象大模型数据（中南）-20260224\\气象雷达拼图（UTC）\\Z_RADA_C_BABJ_P_ACHN_CREF000_20260223035400_12.2_54.2_73.0_135.0.png'
7255,Z_RADA_C_BABJ_P_ACHN_CREF000_20260223040000_12.2_54.2_73.0_135.0.png,[Errno 2] No such file or directory: 'D:\\BaiduNetdiskDownload\\气象大模型数据（中南）-20260224\\气象雷达拼图（UTC）\\Z_RADA_C_BABJ_P_ACHN_CREF000_20260223040000_12.2_54.2_73.0_135.0.png'
7256,Z_RADA_C_BABJ_P_ACHN_CREF000_20260223040600_12.2_54.2_73.0_135.0.png,[Errno 2] No such file or directory: 'D:\\BaiduNetdiskDownload\\气象大模型数据（中南）-20260224\\气象雷达拼图（UTC）\\Z_RADA_C_BABJ_P_ACHN_CREF000_20260223040600_12.2_54.2_73.0_135.0.png'
7257,Z_RADA_C_BABJ_P_ACHN_CREF000_20260223041200_12.2_54.2_73.0_135.0.png,[Errno 2] No such file or directory: 'D:\\BaiduNetdiskDownload\\气象大模型数据（中南）-20260224\\气象雷达拼图（UTC）\\Z_RADA_C_BABJ_P_ACHN_CREF000_20260223041200_12.2_54.2_73.0_135.0.png'
7258,Z_RADA_C_BABJ_P_ACHN_CREF000_20260223041800_12.2_54.2_73.0_135.0.png,[Errno 2] No such file or directory: 'D:\\BaiduNetdiskDownload\\气象大模型数据（中南）-20260224\\气象雷达拼图（UTC）\\Z_RADA_C_BABJ_P_ACHN_CREF000_20260223041800_12.2_54.2_73.0_135.0.png'
7259,Z_RADA_C_BABJ_P_ACHN_CREF000_20260223042400_12.2_54.2_73.0_135.0.png,[Errno 2] No such file or directory: 'D:\\BaiduNetdiskDownload\\气象大模型数据（中南）-20260224\\气象雷达拼图（UTC）\\Z_RADA_C_BABJ_P_ACHN_CREF000_20260223042400_12.2_54.2_73.0_135.0.png'
7260,Z_RADA_C_BABJ_P_ACHN_CREF000_20260223043000_12.2_54.2_73.0_135.0.png,[Errno 2] No such file or directory: 'D:\\BaiduNetdiskDownload\\气象大模型数据（中南）-20260224\\气象雷达拼图（UTC）\\Z_RADA_C_BABJ_P_ACHN_CREF000_20260223043000_12.2_54.2_73.0_135.0.png'
7261,Z_RADA_C_BABJ_P_ACHN_CREF000_20260223043600_12.2_54.2_73.0_135.0.png,[Errno 2] No such file or directory: 'D:\\BaiduNetdiskDownload\\气象大模型数据（中南）-20260224\\气象雷达拼图（UTC）\\Z_RADA_C_BABJ_P_ACHN_CREF000_20260223043600_12.2_54.2_73.0_135.0.png'
7262,Z_RADA_C_BABJ_P_ACHN_CREF000_20260223044200_12.2_54.2_73.0_135.0.png,[Errno 2] No such file or directory: 'D:\\BaiduNetdiskDownload\\气象大模型数据（中南）-20260224\\气象雷达拼图（UTC）\\Z_RADA_C_BABJ_P_ACHN_CREF000_20260223044200_12.2_54.2_73.0_135.0.png'
7263,Z_RADA_C_BABJ_P_ACHN_CREF000_20260223044800_12.2_54.2_73.0_135.0.png,[Errno 2] No such file or directory: 'D:\\BaiduNetdiskDownload\\气象大模型数据（中南）-20260224\\气象雷达拼图（UTC）\\Z_RADA_C_BABJ_P_ACHN_CREF000_20260223044800_12.2_54.2_73.0_135.0.png'
7264,Z_RADA_C_BABJ_P_ACHN_CREF000_20260223045400_12.2_54.2_73.0_135.0.png,[Errno 2] No such file or directory: 'D:\\BaiduNetdiskDownload\\气象大模型数据（中南）-20260224\\气象雷达拼图（UTC）\\Z_RADA_C_BABJ_P_ACHN_CREF000_20260223045400_12.2_54.2_73.0_135.0.png'
7265,Z_RADA_C_BABJ_P_ACHN_CREF000_20260223050000_12.2_54.2_73.0_135.0.png,[Errno 2] No such file or directory: 'D:\\BaiduNetdiskDownload\\气象大模型数据（中南）-20260224\\气象雷达拼图（UTC）\\Z_RADA_C_BABJ_P_ACHN_CREF000_20260223050000_12.2_54.2_73.0_135.0.png'
7266,Z_RADA_C_BABJ_P_ACHN_CREF000_20260223050600_12.2_54.2_73.0_135.0.png,[Errno 2] No such file or directory: 'D:\\BaiduNetdiskDownload\\气象大模型数据（中南）-20260224\\气象雷达拼图（UTC）\\Z_RADA_C_BABJ_P_ACHN_CREF000_20260223050600_12.2_54.2_73.0_135.0.png'
7267,Z_RADA_C_BABJ_P_ACHN_CREF000_20260223051200_12.2_54.2_73.0_135.0.png,[Errno 2] No such file or directory: 'D:\\BaiduNetdiskDownload\\气象大模型数据（中南）-20260224\\气象雷达拼图（UTC）\\Z_RADA_C_BABJ_P_ACHN_CREF000_20260223051200_12.2_54.2_73.0_135.0.png'
7268,Z_RADA_C_BABJ_P_ACHN_CREF000_20260223051800_12.2_54.2_73.0_135.0.png,[Errno 2] No such file or directory: 'D:\\BaiduNetdiskDownload\\气象大模型数据（中南）-20260224\\气象雷达拼图（UTC）\\Z_RADA_C_BABJ_P_ACHN_CREF000_20260223051800_12.2_54.2_73.0_135.0.png'
7269,Z_RADA_C_BABJ_P_ACHN_CREF000_20260223052400_12.2_54.2_73.0_135.0.png,[Errno 2] No such file or directory: 'D:\\BaiduNetdiskDownload\\气象大模型数据（中南）-20260224\\气象雷达拼图（UTC）\\Z_RADA_C_BABJ_P_ACHN_CREF000_20260223052400_12.2_54.2_73.0_135.0.png'
7270,Z_RADA_C_BABJ_P_ACHN_CREF000_20260223053000_12.2_54.2_73.0_135.0.png,[Errno 2] No such file or directory: 'D:\\BaiduNetdiskDownload\\气象大模型数据（中南）-20260224\\气象雷达拼图（UTC）\\Z_RADA_C_BABJ_P_ACHN_CREF000_20260223053000_12.2_54.2_73.0_135.0.png'
7271,Z_RADA_C_BABJ_P_ACHN_CREF000_20260223053600_12.2_54.2_73.0_135.0.png,[Errno 2] No such file or directory: 'D:\\BaiduNetdiskDownload\\气象大模型数据（中南）-20260224\\气象雷达拼图（UTC）\\Z_RADA_C_BABJ_P_ACHN_CREF000_20260223053600_12.2_54.2_73.0_135.0.png'
7272,Z_RADA_C_BABJ_P_ACHN_CREF000_20260223054200_12.2_54.2_73.0_135.0.png,[Errno 2] No such file or directory: 'D:\\BaiduNetdiskDownload\\气象大模型数据（中南）-20260224\\气象雷达拼图（UTC）\\Z_RADA_C_BABJ_P_ACHN_CREF000_20260223054200_12.2_54.2_73.0_135.0.png'
7273,Z_RADA_C_BABJ_P_ACHN_CREF000_20260223054800_12.2_54.2_73.0_135.0.png,[Errno 2] No such file or directory: 'D:\\BaiduNetdiskDownload\\气象大模型数据（中南）-20260224\\气象雷达拼图（UTC）\\Z_RADA_C_BABJ_P_ACHN_CREF000_20260223054800_12.2_54.2_73.0_135.0.png'
7274,Z_RADA_C_BABJ_P_ACHN_CREF000_20260223055400_12.2_54.2_73.0_135.0.png,[Errno 2] No such file or directory: 'D:\\BaiduNetdiskDownload\\气象大模型数据（中南）-20260224\\气象雷达拼图（UTC）\\Z_RADA_C_BABJ_P_ACHN_CREF000_20260223055400_12.2_54.2_73.0_135.0.png'
7275,Z_RADA_C_BABJ_P_ACHN_CREF000_20260223060000_12.2_54.2_73.0_135.0.png,[Errno 2] No such file or directory: 'D:\\BaiduNetdiskDownload\\气象大模型数据（中南）-20260224\\气象雷达拼图（UTC）\\Z_RADA_C_BABJ_P_ACHN_CREF000_20260223060000_12.2_54.2_73.0_135.0.png'
7276,Z_RADA_C_BABJ_P_ACHN_CREF000_20260223060600_12.2_54.2_73.0_135.0.png,[Errno 2] No such file or directory: 'D:\\BaiduNetdiskDownload\\气象大模型数据（中南）-20260224\\气象雷达拼图（UTC）\\Z_RADA_C_BABJ_P_ACHN_CREF000_20260223060600_12.2_54.2_73.0_135.0.png'
7277,Z_RADA_C_BABJ_P_ACHN_CREF000_20260223061200_12.2_54.2_73.0_135.0.png,[Errno 2] No such file or directory: 'D:\\BaiduNetdiskDownload\\气象大模型数据（中南）-20260224\\气象雷达拼图（UTC）\\Z_RADA_C_BABJ_P_ACHN_CREF000_20260223061200_12.2_54.2_73.0_135.0.png'
7278,Z_RADA_C_BABJ_P_ACHN_CREF000_20260223061800_12.2_54.2_73.0_135.0.png,[Errno 2] No such file or directory: 'D:\\BaiduNetdiskDownload\\气象大模型数据（中南）-20260224\\气象雷达拼图（UTC）\\Z_RADA_C_BABJ_P_ACHN_CREF000_20260223061800_12.2_54.2_73.0_135.0.png'
7279,Z_RADA_C_BABJ_P_ACHN_CREF000_20260223062400_12.2_54.2_73.0_135.0.png,[Errno 2] No such file or directory: 'D:\\BaiduNetdiskDownload\\气象大模型数据（中南）-20260224\\气象雷达拼图（UTC）\\Z_RADA_C_BABJ_P_ACHN_CREF000_20260223062400_12.2_54.2_73.0_135.0.png'
7280,Z_RADA_C_BABJ_P_ACHN_CREF000_20260223063000_12.2_54.2_73.0_135.0.png,[Errno 2] No such file or directory: 'D:\\BaiduNetdiskDownload\\气象大模型数据（中南）-20260224\\气象雷达拼图（UTC）\\Z_RADA_C_BABJ_P_ACHN_CREF000_20260223063000_12.2_54.2_73.0_135.0.png'
7281,Z_RADA_C_BABJ_P_ACHN_CREF000_20260223063600_12.2_54.2_73.0_135.0.png,[Errno 2] No such file or directory: 'D:\\BaiduNetdiskDownload\\气象大模型数据（中南）-20260224\\气象雷达拼图（UTC）\\Z_RADA_C_BABJ_P_ACHN_CREF000_20260223063600_12.2_54.2_73.0_135.0.png'
7282,Z_RADA_C_BABJ_P_ACHN_CREF000_20260223064200_12.2_54.2_73.0_135.0.png,[Errno 2] No such file or directory: 'D:\\BaiduNetdiskDownload\\气象大模型数据（中南）-20260224\\气象雷达拼图（UTC）\\Z_RADA_C_BABJ_P_ACHN_CREF000_20260223064200_12.2_54.2_73.0_135.0.png'
7283,Z_RADA_C_BABJ_P_ACHN_CREF000_20260223064800_12.2_54.2_73.0_135.0.png,[Errno 2] No such file or directory: 'D:\\BaiduNetdiskDownload\\气象大模型数据（中南）-20260224\\气象雷达拼图（UTC）\\Z_RADA_C_BABJ_P_ACHN_CREF000_20260223064800_12.2_54.2_73.0_135.0.png'
7284,Z_RADA_C_BABJ_P_ACHN_CREF000_20260223065400_12.2_54.2_73.0_135.0.png,[Errno 2] No such file or directory: 'D:\\BaiduNetdiskDownload\\气象大模型数据（中南）-20260224\\气象雷达拼图（UTC）\\Z_RADA_C_BABJ_P_ACHN_CREF000_20260223065400_12.2_54.2_73.0_135.0.png'
7285,Z_RADA_C_BABJ_P_ACHN_CREF000_20260223070000_12.2_54.2_73.0_135.0.png,[Errno 2] No such file or directory: 'D:\\BaiduNetdiskDownload\\气象大模型数据（中南）-20260224\\气象雷达拼图（UTC）\\Z_RADA_C_BABJ_P_ACHN_CREF000_20260223070000_12.2_54.2_73.0_135.0.png'
7286,Z_RADA_C_BABJ_P_ACHN_CREF000_20260223070600_12.2_54.2_73.0_135.0.png,[Errno 2] No such file or directory: 'D:\\BaiduNetdiskDownload\\气象大模型数据（中南）-20260224\\气象雷达拼图（UTC）\\Z_RADA_C_BABJ_P_ACHN_CREF000_20260223070600_12.2_54.2_73.0_135.0.png'
7287,Z_RADA_C_BABJ_P_ACHN_CREF000_20260223071200_12.2_54.2_73.0_135.0.png,[Errno 2] No such file or directory: 'D:\\BaiduNetdiskDownload\\气象大模型数据（中南）-20260224\\气象雷达拼图（UTC）\\Z_RADA_C_BABJ_P_ACHN_CREF000_20260223071200_12.2_54.2_73.0_135.0.png'
7288,Z_RADA_C_BABJ_P_ACHN_CREF000_20260223071800_12.2_54.2_73.0_135.0.png,[Errno 2] No such file or directory: 'D:\\BaiduNetdiskDownload\\气象大模型数据（中南）-20260224\\气象雷达拼图（UTC）\\Z_RADA_C_BABJ_P_ACHN_CREF000_20260223071800_12.2_54.2_73.0_135.0.png'
7289,Z_RADA_C_BABJ_P_ACHN_CREF000_20260223072400_12.2_54.2_73.0_135.0.png,[Errno 2] No such file or directory: 'D:\\BaiduNetdiskDownload\\气象大模型数据（中南）-20260224\\气象雷达拼图（UTC）\\Z_RADA_C_BABJ_P_ACHN_CREF000_20260223072400_12.2_54.2_73.0_135.0.png'
7290,Z_RADA_C_BABJ_P_ACHN_CREF000_20260223073000_12.2_54.2_73.0_135.0.png,[Errno 2] No such file or directory: 'D:\\BaiduNetdiskDownload\\气象大模型数据（中南）-20260224\\气象雷达拼图（UTC）\\Z_RADA_C_BABJ_P_ACHN_CREF000_20260223073000_12.2_54.2_73.0_135.0.png'
7291,Z_RADA_C_BABJ_P_ACHN_CREF000_20260223073600_12.2_54.2_73.0_135.0.png,[Errno 2] No such file or directory: 'D:\\BaiduNetdiskDownload\\气象大模型数据（中南）-20260224\\气象雷达拼图（UTC）\\Z_RADA_C_BABJ_P_ACHN_CREF000_20260223073600_12.2_54.2_73.0_135.0.png'
7292,Z_RADA_C_BABJ_P_ACHN_CREF000_20260223074200_12.2_54.2_73.0_135.0.png,[Errno 2] No such file or directory: 'D:\\BaiduNetdiskDownload\\气象大模型数据（中南）-20260224\\气象雷达拼图（UTC）\\Z_RADA_C_BABJ_P_ACHN_CREF000_20260223074200_12.2_54.2_73.0_135.0.png'
7293,Z_RADA_C_BABJ_P_ACHN_CREF000_20260223074800_12.2_54.2_73.0_135.0.png,[Errno 2] No such file or directory: 'D:\\BaiduNetdiskDownload\\气象大模型数据（中南）-20260224\\气象雷达拼图（UTC）\\Z_RADA_C_BABJ_P_ACHN_CREF000_20260223074800_12.2_54.2_73.0_135.0.png'
7294,Z_RADA_C_BABJ_P_ACHN_CREF000_20260223075400_12.2_54.2_73.0_135.0.png,[Errno 2] No such file or directory: 'D:\\BaiduNetdiskDownload\\气象大模型数据（中南）-20260224\\气象雷达拼图（UTC）\\Z_RADA_C_BABJ_P_ACHN_CREF000_20260223075400_12.2_54.2_73.0_135.0.png'
7295,Z_RADA_C_BABJ_P_ACHN_CREF000_20260223080000_12.2_54.2_73.0_135.0.png,[Errno 2] No such file or directory: 'D:\\BaiduNetdiskDownload\\气象大模型数据（中南）-20260224\\气象雷达拼图（UTC）\\Z_RADA_C_BABJ_P_ACHN_CREF000_20260223080000_12.2_54.2_73.0_135.0.png'
7296,Z_RADA_C_BABJ_P_ACHN_CREF000_20260223080600_12.2_54.2_73.0_135.0.png,[Errno 2] No such file or directory: 'D:\\BaiduNetdiskDownload\\气象大模型数据（中南）-20260224\\气象雷达拼图（UTC）\\Z_RADA_C_BABJ_P_ACHN_CREF000_20260223080600_12.2_54.2_73.0_135.0.png'
7297,Z_RADA_C_BABJ_P_ACHN_CREF000_20260223081200_12.2_54.2_73.0_135.0.png,[Errno 2] No such file or directory: 'D:\\BaiduNetdiskDownload\\气象大模型数据（中南）-20260224\\气象雷达拼图（UTC）\\Z_RADA_C_BABJ_P_ACHN_CREF000_20260223081200_12.2_54.2_73.0_135.0.png'
7298,Z_RADA_C_BABJ_P_ACHN_CREF000_20260223081800_12.2_54.2_73.0_135.0.png,[Errno 2] No such file or directory: 'D:\\BaiduNetdiskDownload\\气象大模型数据（中南）-20260224\\气象雷达拼图（UTC）\\Z_RADA_C_BABJ_P_ACHN_CREF000_20260223081800_12.2_54.2_73.0_135.0.png'
7299,Z_RADA_C_BABJ_P_ACHN_CREF000_20260223082400_12.2_54.2_73.0_135.0.png,[Errno 2] No such file or directory: 'D:\\BaiduNetdiskDownload\\气象大模型数据（中南）-20260224\\气象雷达拼图（UTC）\\Z_RADA_C_BABJ_P_ACHN_CREF000_20260223082400_12.2_54.2_73.0_135.0.png'
7300,Z_RADA_C_BABJ_P_ACHN_CREF000_20260223083000_12.2_54.2_73.0_135.0.png,[Errno 2] No such file or directory: 'D:\\BaiduNetdiskDownload\\气象大模型数据（中南）-20260224\\气象雷达拼图（UTC）\\Z_RADA_C_BABJ_P_ACHN_CREF000_20260223083000_12.2_54.2_73.0_135.0.png'
7301,Z_RADA_C_BABJ_P_ACHN_CREF000_20260223083600_12.2_54.2_73.0_135.0.png,[Errno 2] No such file or directory: 'D:\\BaiduNetdiskDownload\\气象大模型数据（中南）-20260224\\气象雷达拼图（UTC）\\Z_RADA_C_BABJ_P_ACHN_CREF000_20260223083600_12.2_54.2_73.0_135.0.png'
7302,Z_RADA_C_BABJ_P_ACHN_CREF000_20260223084200_12.2_54.2_73.0_135.0.png,[Errno 2] No such file or directory: 'D:\\BaiduNetdiskDownload\\气象大模型数据（中南）-20260224\\气象雷达拼图（UTC）\\Z_RADA_C_BABJ_P_ACHN_CREF000_20260223084200_12.2_54.2_73.0_135.0.png'
7303,Z_RADA_C_BABJ_P_ACHN_CREF000_20260223084800_12.2_54.2_73.0_135.0.png,[Errno 2] No such file or directory: 'D:\\BaiduNetdiskDownload\\气象大模型数据（中南）-20260224\\气象雷达拼图（UTC）\\Z_RADA_C_BABJ_P_ACHN_CREF000_20260223084800_12.2_54.2_73.0_135.0.png'
7304,Z_RADA_C_BABJ_P_ACHN_CREF000_20260223085400_12.2_54.2_73.0_135.0.png,[Errno 2] No such file or directory: 'D:\\BaiduNetdiskDownload\\气象大模型数据（中南）-20260224\\气象雷达拼图（UTC）\\Z_RADA_C_BABJ_P_ACHN_CREF000_20260223085400_12.2_54.2_73.0_135.0.png'
7305,Z_RADA_C_BABJ_P_ACHN_CREF000_20260223090000_12.2_54.2_73.0_135.0.png,[Errno 2] No such file or directory: 'D:\\BaiduNetdiskDownload\\气象大模型数据（中南）-20260224\\气象雷达拼图（UTC）\\Z_RADA_C_BABJ_P_ACHN_CREF000_20260223090000_12.2_54.2_73.0_135.0.png'
7306,Z_RADA_C_BABJ_P_ACHN_CREF000_20260223090600_12.2_54.2_73.0_135.0.png,[Errno 2] No such file or directory: 'D:\\BaiduNetdiskDownload\\气象大模型数据（中南）-20260224\\气象雷达拼图（UTC）\\Z_RADA_C_BABJ_P_ACHN_CREF000_20260223090600_12.2_54.2_73.0_135.0.png'
7307,Z_RADA_C_BABJ_P_ACHN_CREF000_20260223091200_12.2_54.2_73.0_135.0.png,[Errno 2] No such file or directory: 'D:\\BaiduNetdiskDownload\\气象大模型数据（中南）-20260224\\气象雷达拼图（UTC）\\Z_RADA_C_BABJ_P_ACHN_CREF000_20260223091200_12.2_54.2_73.0_135.0.png'
7308,Z_RADA_C_BABJ_P_ACHN_CREF000_20260223091800_12.2_54.2_73.0_135.0.png,[Errno 2] No such file or directory: 'D:\\BaiduNetdiskDownload\\气象大模型数据（中南）-20260224\\气象雷达拼图（UTC）\\Z_RADA_C_BABJ_P_ACHN_CREF000_20260223091800_12.2_54.2_73.0_135.0.png'
7309,Z_RADA_C_BABJ_P_ACHN_CREF000_20260223092400_12.2_54.2_73.0_135.0.png,[Errno 2] No such file or directory: 'D:\\BaiduNetdiskDownload\\气象大模型数据（中南）-20260224\\气象雷达拼图（UTC）\\Z_RADA_C_BABJ_P_ACHN_CREF000_20260223092400_12.2_54.2_73.0_135.0.png'
7310,Z_RADA_C_BABJ_P_ACHN_CREF000_20260223093000_12.2_54.2_73.0_135.0.png,[Errno 2] No such file or directory: 'D:\\BaiduNetdiskDownload\\气象大模型数据（中南）-20260224\\气象雷达拼图（UTC）\\Z_RADA_C_BABJ_P_ACHN_CREF000_20260223093000_12.2_54.2_73.0_135.0.png'
7311,Z_RADA_C_BABJ_P_ACHN_CREF000_20260223093600_12.2_54.2_73.0_135.0.png,[Errno 2] No such file or directory: 'D:\\BaiduNetdiskDownload\\气象大模型数据（中南）-20260224\\气象雷达拼图（UTC）\\Z_RADA_C_BABJ_P_ACHN_CREF000_20260223093600_12.2_54.2_73.0_135.0.png'
7312,Z_RADA_C_BABJ_P_ACHN_CREF000_20260223094200_12.2_54.2_73.0_135.0.png,[Errno 2] No such file or directory: 'D:\\BaiduNetdiskDownload\\气象大模型数据（中南）-20260224\\气象雷达拼图（UTC）\\Z_RADA_C_BABJ_P_ACHN_CREF000_20260223094200_12.2_54.2_73.0_135.0.png'
7313,Z_RADA_C_BABJ_P_ACHN_CREF000_20260223094800_12.2_54.2_73.0_135.0.png,[Errno 2] No such file or directory: 'D:\\BaiduNetdiskDownload\\气象大模型数据（中南）-20260224\\气象雷达拼图（UTC）\\Z_RADA_C_BABJ_P_ACHN_CREF000_20260223094800_12.2_54.2_73.0_135.0.png'
7314,Z_RADA_C_BABJ_P_ACHN_CREF000_20260223095400_12.2_54.2_73.0_135.0.png,[Errno 2] No such file or directory: 'D:\\BaiduNetdiskDownload\\气象大模型数据（中南）-20260224\\气象雷达拼图（UTC）\\Z_RADA_C_BABJ_P_ACHN_CREF000_20260223095400_12.2_54.2_73.0_135.0.png'
7315,Z_RADA_C_BABJ_P_ACHN_CREF000_20260223100000_12.2_54.2_73.0_135.0.png,[Errno 2] No such file or directory: 'D:\\BaiduNetdiskDownload\\气象大模型数据（中南）-20260224\\气象雷达拼图（UTC）\\Z_RADA_C_BABJ_P_ACHN_CREF000_20260223100000_12.2_54.2_73.0_135.0.png'
7316,Z_RADA_C_BABJ_P_ACHN_CREF000_20260223100600_12.2_54.2_73.0_135.0.png,[Errno 2] No such file or directory: 'D:\\BaiduNetdiskDownload\\气象大模型数据（中南）-20260224\\气象雷达拼图（UTC）\\Z_RADA_C_BABJ_P_ACHN_CREF000_20260223100600_12.2_54.2_73.0_135.0.png'
7317,Z_RADA_C_BABJ_P_ACHN_CREF000_20260223101200_12.2_54.2_73.0_135.0.png,[Errno 2] No such file or directory: 'D:\\BaiduNetdiskDownload\\气象大模型数据（中南）-20260224\\气象雷达拼图（UTC）\\Z_RADA_C_BABJ_P_ACHN_CREF000_20260223101200_12.2_54.2_73.0_135.0.png'
7318,Z_RADA_C_BABJ_P_ACHN_CREF000_20260223101800_12.2_54.2_73.0_135.0.png,[Errno 2] No such file or directory: 'D:\\BaiduNetdiskDownload\\气象大模型数据（中南）-20260224\\气象雷达拼图（UTC）\\Z_RADA_C_BABJ_P_ACHN_CREF000_20260223101800_12.2_54.2_73.0_135.0.png'
7319,Z_RADA_C_BABJ_P_ACHN_CREF000_20260223102400_12.2_54.2_73.0_135.0.png,[Errno 2] No such file or directory: 'D:\\BaiduNetdiskDownload\\气象大模型数据（中南）-20260224\\气象雷达拼图（UTC）\\Z_RADA_C_BABJ_P_ACHN_CREF000_20260223102400_12.2_54.2_73.0_135.0.png'
7320,Z_RADA_C_BABJ_P_ACHN_CREF000_20260223103000_12.2_54.2_73.0_135.0.png,[Errno 2] No such file or directory: 'D:\\BaiduNetdiskDownload\\气象大模型数据（中南）-20260224\\气象雷达拼图（UTC）\\Z_RADA_C_BABJ_P_ACHN_CREF000_20260223103000_12.2_54.2_73.0_135.0.png'
7321,Z_RADA_C_BABJ_P_ACHN_CREF000_20260223103600_12.2_54.2_73.0_135.0.png,[Errno 2] No such file or directory: 'D:\\BaiduNetdiskDownload\\气象大模型数据（中南）-20260224\\气象雷达拼图（UTC）\\Z_RADA_C_BABJ_P_ACHN_CREF000_20260223103600_12.2_54.2_73.0_135.0.png'
7322,Z_RADA_C_BABJ_P_ACHN_CREF000_20260223104200_12.2_54.2_73.0_135.0.png,[Errno 2] No such file or directory: 'D:\\BaiduNetdiskDownload\\气象大模型数据（中南）-20260224\\气象雷达拼图（UTC）\\Z_RADA_C_BABJ_P_ACHN_CREF000_20260223104200_12.2_54.2_73.0_135.0.png'
7323,Z_RADA_C_BABJ_P_ACHN_CREF000_20260223104800_12.2_54.2_73.0_135.0.png,[Errno 2] No such file or directory: 'D:\\BaiduNetdiskDownload\\气象大模型数据（中南）-20260224\\气象雷达拼图（UTC）\\Z_RADA_C_BABJ_P_ACHN_CREF000_20260223104800_12.2_54.2_73.0_135.0.png'
7324,Z_RADA_C_BABJ_P_ACHN_CREF000_20260223105400_12.2_54.2_73.0_135.0.png,[Errno 2] No such file or directory: 'D:\\BaiduNetdiskDownload\\气象大模型数据（中南）-20260224\\气象雷达拼图（UTC）\\Z_RADA_C_BABJ_P_ACHN_CREF000_20260223105400_12.2_54.2_73.0_135.0.png'
7325,Z_RADA_C_BABJ_P_ACHN_CREF000_20260223110000_12.2_54.2_73.0_135.0.png,[Errno 2] No such file or directory: 'D:\\BaiduNetdiskDownload\\气象大模型数据（中南）-20260224\\气象雷达拼图（UTC）\\Z_RADA_C_BABJ_P_ACHN_CREF000_20260223110000_12.2_54.2_73.0_135.0.png'
7326,Z_RADA_C_BABJ_P_ACHN_CREF000_20260223110600_12.2_54.2_73.0_135.0.png,[Errno 2] No such file or directory: 'D:\\BaiduNetdiskDownload\\气象大模型数据（中南）-20260224\\气象雷达拼图（UTC）\\Z_RADA_C_BABJ_P_ACHN_CREF000_20260223110600_12.2_54.2_73.0_135.0.png'
7327,Z_RADA_C_BABJ_P_ACHN_CREF000_20260223111200_12.2_54.2_73.0_135.0.png,[Errno 2] No such file or directory: 'D:\\BaiduNetdiskDownload\\气象大模型数据（中南）-20260224\\气象雷达拼图（UTC）\\Z_RADA_C_BABJ_P_ACHN_CREF000_20260223111200_12.2_54.2_73.0_135.0.png'
7328,Z_RADA_C_BABJ_P_ACHN_CREF000_20260223111800_12.2_54.2_73.0_135.0.png,[Errno 2] No such file or directory: 'D:\\BaiduNetdiskDownload\\气象大模型数据（中南）-20260224\\气象雷达拼图（UTC）\\Z_RADA_C_BABJ_P_ACHN_CREF000_20260223111800_12.2_54.2_73.0_135.0.png'
7329,Z_RADA_C_BABJ_P_ACHN_CREF000_20260223112400_12.2_54.2_73.0_135.0.png,[Errno 2] No such file or directory: 'D:\\BaiduNetdiskDownload\\气象大模型数据（中南）-20260224\\气象雷达拼图（UTC）\\Z_RADA_C_BABJ_P_ACHN_CREF000_20260223112400_12.2_54.2_73.0_135.0.png'
7330,Z_RADA_C_BABJ_P_ACHN_CREF000_20260223113000_12.2_54.2_73.0_135.0.png,[Errno 2] No such file or directory: 'D:\\BaiduNetdiskDownload\\气象大模型数据（中南）-20260224\\气象雷达拼图（UTC）\\Z_RADA_C_BABJ_P_ACHN_CREF000_20260223113000_12.2_54.2_73.0_135.0.png'
7331,Z_RADA_C_BABJ_P_ACHN_CREF000_20260223113600_12.2_54.2_73.0_135.0.png,[Errno 2] No such file or directory: 'D:\\BaiduNetdiskDownload\\气象大模型数据（中南）-20260224\\气象雷达拼图（UTC）\\Z_RADA_C_BABJ_P_ACHN_CREF000_20260223113600_12.2_54.2_73.0_135.0.png'
7332,Z_RADA_C_BABJ_P_ACHN_CREF000_20260223114200_12.2_54.2_73.0_135.0.png,[Errno 2] No such file or directory: 'D:\\BaiduNetdiskDownload\\气象大模型数据（中南）-20260224\\气象雷达拼图（UTC）\\Z_RADA_C_BABJ_P_ACHN_CREF000_20260223114200_12.2_54.2_73.0_135.0.png'
7333,Z_RADA_C_BABJ_P_ACHN_CREF000_20260223114800_12.2_54.2_73.0_135.0.png,[Errno 2] No such file or directory: 'D:\\BaiduNetdiskDownload\\气象大模型数据（中南）-20260224\\气象雷达拼图（UTC）\\Z_RADA_C_BABJ_P_ACHN_CREF000_20260223114800_12.2_54.2_73.0_135.0.png'
7334,Z_RADA_C_BABJ_P_ACHN_CREF000_20260223115400_12.2_54.2_73.0_135.0.png,[Errno 2] No such file or directory: 'D:\\BaiduNetdiskDownload\\气象大模型数据（中南）-20260224\\气象雷达拼图（UTC）\\Z_RADA_C_BABJ_P_ACHN_CREF000_20260223115400_12.2_54.2_73.0_135.0.png'
7335,Z_RADA_C_BABJ_P_ACHN_CREF000_20260223120000_12.2_54.2_73.0_135.0.png,[Errno 2] No such file or directory: 'D:\\BaiduNetdiskDownload\\气象大模型数据（中南）-20260224\\气象雷达拼图（UTC）\\Z_RADA_C_BABJ_P_ACHN_CREF000_20260223120000_12.2_54.2_73.0_135.0.png'
7336,Z_RADA_C_BABJ_P_ACHN_CREF000_20260223120600_12.2_54.2_73.0_135.0.png,[Errno 2] No such file or directory: 'D:\\BaiduNetdiskDownload\\气象大模型数据（中南）-20260224\\气象雷达拼图（UTC）\\Z_RADA_C_BABJ_P_ACHN_CREF000_20260223120600_12.2_54.2_73.0_135.0.png'
7337,Z_RADA_C_BABJ_P_ACHN_CREF000_20260223121200_12.2_54.2_73.0_135.0.png,[Errno 2] No such file or directory: 'D:\\BaiduNetdiskDownload\\气象大模型数据（中南）-20260224\\气象雷达拼图（UTC）\\Z_RADA_C_BABJ_P_ACHN_CREF000_20260223121200_12.2_54.2_73.0_135.0.png'
7338,Z_RADA_C_BABJ_P_ACHN_CREF000_20260223121800_12.2_54.2_73.0_135.0.png,[Errno 2] No such file or directory: 'D:\\BaiduNetdiskDownload\\气象大模型数据（中南）-20260224\\气象雷达拼图（UTC）\\Z_RADA_C_BABJ_P_ACHN_CREF000_20260223121800_12.2_54.2_73.0_135.0.png'
7339,Z_RADA_C_BABJ_P_ACHN_CREF000_20260223122400_12.2_54.2_73.0_135.0.png,[Errno 2] No such file or directory: 'D:\\BaiduNetdiskDownload\\气象大模型数据（中南）-20260224\\气象雷达拼图（UTC）\\Z_RADA_C_BABJ_P_ACHN_CREF000_20260223122400_12.2_54.2_73.0_135.0.png'
7340,Z_RADA_C_BABJ_P_ACHN_CREF000_20260223123000_12.2_54.2_73.0_135.0.png,[Errno 2] No such file or directory: 'D:\\BaiduNetdiskDownload\\气象大模型数据（中南）-20260224\\气象雷达拼图（UTC）\\Z_RADA_C_BABJ_P_ACHN_CREF000_20260223123000_12.2_54.2_73.0_135.0.png'
7341,Z_RADA_C_BABJ_P_ACHN_CREF000_20260223123600_12.2_54.2_73.0_135.0.png,[Errno 2] No such file or directory: 'D:\\BaiduNetdiskDownload\\气象大模型数据（中南）-20260224\\气象雷达拼图（UTC）\\Z_RADA_C_BABJ_P_ACHN_CREF000_20260223123600_12.2_54.2_73.0_135.0.png'
7342,Z_RADA_C_BABJ_P_ACHN_CREF000_20260223124200_12.2_54.2_73.0_135.0.png,[Errno 2] No such file or directory: 'D:\\BaiduNetdiskDownload\\气象大模型数据（中南）-20260224\\气象雷达拼图（UTC）\\Z_RADA_C_BABJ_P_ACHN_CREF000_20260223124200_12.2_54.2_73.0_135.0.png'
7343,Z_RADA_C_BABJ_P_ACHN_CREF000_20260223124800_12.2_54.2_73.0_135.0.png,[Errno 2] No such file or directory: 'D:\\BaiduNetdiskDownload\\气象大模型数据（中南）-20260224\\气象雷达拼图（UTC）\\Z_RADA_C_BABJ_P_ACHN_CREF000_20260223124800_12.2_54.2_73.0_135.0.png'
7344,Z_RADA_C_BABJ_P_ACHN_CREF000_20260223125400_12.2_54.2_73.0_135.0.png,[Errno 2] No such file or directory: 'D:\\BaiduNetdiskDownload\\气象大模型数据（中南）-20260224\\气象雷达拼图（UTC）\\Z_RADA_C_BABJ_P_ACHN_CREF000_20260223125400_12.2_54.2_73.0_135.0.png'
7345,Z_RADA_C_BABJ_P_ACHN_CREF000_20260223130000_12.2_54.2_73.0_135.0.png,[Errno 2] No such file or directory: 'D:\\BaiduNetdiskDownload\\气象大模型数据（中南）-20260224\\气象雷达拼图（UTC）\\Z_RADA_C_BABJ_P_ACHN_CREF000_20260223130000_12.2_54.2_73.0_135.0.png'
7346,Z_RADA_C_BABJ_P_ACHN_CREF000_20260223130600_12.2_54.2_73.0_135.0.png,[Errno 2] No such file or directory: 'D:\\BaiduNetdiskDownload\\气象大模型数据（中南）-20260224\\气象雷达拼图（UTC）\\Z_RADA_C_BABJ_P_ACHN_CREF000_20260223130600_12.2_54.2_73.0_135.0.png'
7347,Z_RADA_C_BABJ_P_ACHN_CREF000_20260223131200_12.2_54.2_73.0_135.0.png,[Errno 2] No such file or directory: 'D:\\BaiduNetdiskDownload\\气象大模型数据（中南）-20260224\\气象雷达拼图（UTC）\\Z_RADA_C_BABJ_P_ACHN_CREF000_20260223131200_12.2_54.2_73.0_135.0.png'
7348,Z_RADA_C_BABJ_P_ACHN_CREF000_20260223131800_12.2_54.2_73.0_135.0.png,[Errno 2] No such file or directory: 'D:\\BaiduNetdiskDownload\\气象大模型数据（中南）-20260224\\气象雷达拼图（UTC）\\Z_RADA_C_BABJ_P_ACHN_CREF000_20260223131800_12.2_54.2_73.0_135.0.png'
7349,Z_RADA_C_BABJ_P_ACHN_CREF000_20260223132400_12.2_54.2_73.0_135.0.png,[Errno 2] No such file or directory: 'D:\\BaiduNetdiskDownload\\气象大模型数据（中南）-20260224\\气象雷达拼图（UTC）\\Z_RADA_C_BABJ_P_ACHN_CREF000_20260223132400_12.2_54.2_73.0_135.0.png'
7350,Z_RADA_C_BABJ_P_ACHN_CREF000_20260223133000_12.2_54.2_73.0_135.0.png,[Errno 2] No such file or directory: 'D:\\BaiduNetdiskDownload\\气象大模型数据（中南）-20260224\\气象雷达拼图（UTC）\\Z_RADA_C_BABJ_P_ACHN_CREF000_20260223133000_12.2_54.2_73.0_135.0.png'
7351,Z_RADA_C_BABJ_P_ACHN_CREF000_20260223133600_12.2_54.2_73.0_135.0.png,[Errno 2] No such file or directory: 'D:\\BaiduNetdiskDownload\\气象大模型数据（中南）-20260224\\气象雷达拼图（UTC）\\Z_RADA_C_BABJ_P_ACHN_CREF000_20260223133600_12.2_54.2_73.0_135.0.png'
7352,Z_RADA_C_BABJ_P_ACHN_CREF000_20260223134200_12.2_54.2_73.0_135.0.png,[Errno 2] No such file or directory: 'D:\\BaiduNetdiskDownload\\气象大模型数据（中南）-20260224\\气象雷达拼图（UTC）\\Z_RADA_C_BABJ_P_ACHN_CREF000_20260223134200_12.2_54.2_73.0_135.0.png'
7353,Z_RADA_C_BABJ_P_ACHN_CREF000_20260223134800_12.2_54.2_73.0_135.0.png,[Errno 2] No such file or directory: 'D:\\BaiduNetdiskDownload\\气象大模型数据（中南）-20260224\\气象雷达拼图（UTC）\\Z_RADA_C_BABJ_P_ACHN_CREF000_20260223134800_12.2_54.2_73.0_135.0.png'
7354,Z_RADA_C_BABJ_P_ACHN_CREF000_20260223135400_12.2_54.2_73.0_135.0.png,[Errno 2] No such file or directory: 'D:\\BaiduNetdiskDownload\\气象大模型数据（中南）-20260224\\气象雷达拼图（UTC）\\Z_RADA_C_BABJ_P_ACHN_CREF000_20260223135400_12.2_54.2_73.0_135.0.png'
7355,Z_RADA_C_BABJ_P_ACHN_CREF000_20260223140000_12.2_54.2_73.0_135.0.png,[Errno 2] No such file or directory: 'D:\\BaiduNetdiskDownload\\气象大模型数据（中南）-20260224\\气象雷达拼图（UTC）\\Z_RADA_C_BABJ_P_ACHN_CREF000_20260223140000_12.2_54.2_73.0_135.0.png'
7356,Z_RADA_C_BABJ_P_ACHN_CREF000_20260223140600_12.2_54.2_73.0_135.0.png,[Errno 2] No such file or directory: 'D:\\BaiduNetdiskDownload\\气象大模型数据（中南）-20260224\\气象雷达拼图（UTC）\\Z_RADA_C_BABJ_P_ACHN_CREF000_20260223140600_12.2_54.2_73.0_135.0.png'
7357,Z_RADA_C_BABJ_P_ACHN_CREF000_20260223141200_12.2_54.2_73.0_135.0.png,[Errno 2] No such file or directory: 'D:\\BaiduNetdiskDownload\\气象大模型数据（中南）-20260224\\气象雷达拼图（UTC）\\Z_RADA_C_BABJ_P_ACHN_CREF000_20260223141200_12.2_54.2_73.0_135.0.png'
7358,Z_RADA_C_BABJ_P_ACHN_CREF000_20260223141800_12.2_54.2_73.0_135.0.png,[Errno 2] No such file or directory: 'D:\\BaiduNetdiskDownload\\气象大模型数据（中南）-20260224\\气象雷达拼图（UTC）\\Z_RADA_C_BABJ_P_ACHN_CREF000_20260223141800_12.2_54.2_73.0_135.0.png'
7359,Z_RADA_C_BABJ_P_ACHN_CREF000_20260223142400_12.2_54.2_73.0_135.0.png,[Errno 2] No such file or directory: 'D:\\BaiduNetdiskDownload\\气象大模型数据（中南）-20260224\\气象雷达拼图（UTC）\\Z_RADA_C_BABJ_P_ACHN_CREF000_20260223142400_12.2_54.2_73.0_135.0.png'
7360,Z_RADA_C_BABJ_P_ACHN_CREF000_20260223143000_12.2_54.2_73.0_135.0.png,[Errno 2] No such file or directory: 'D:\\BaiduNetdiskDownload\\气象大模型数据（中南）-20260224\\气象雷达拼图（UTC）\\Z_RADA_C_BABJ_P_ACHN_CREF000_20260223143000_12.2_54.2_73.0_135.0.png'
7361,Z_RADA_C_BABJ_P_ACHN_CREF000_20260223143600_12.2_54.2_73.0_135.0.png,[Errno 2] No such file or directory: 'D:\\BaiduNetdiskDownload\\气象大模型数据（中南）-20260224\\气象雷达拼图（UTC）\\Z_RADA_C_BABJ_P_ACHN_CREF000_20260223143600_12.2_54.2_73.0_135.0.png'
7362,Z_RADA_C_BABJ_P_ACHN_CREF000_20260223144200_12.2_54.2_73.0_135.0.png,[Errno 2] No such file or directory: 'D:\\BaiduNetdiskDownload\\气象大模型数据（中南）-20260224\\气象雷达拼图（UTC）\\Z_RADA_C_BABJ_P_ACHN_CREF000_20260223144200_12.2_54.2_73.0_135.0.png'
7363,Z_RADA_C_BABJ_P_ACHN_CREF000_20260223144800_12.2_54.2_73.0_135.0.png,[Errno 2] No such file or directory: 'D:\\BaiduNetdiskDownload\\气象大模型数据（中南）-20260224\\气象雷达拼图（UTC）\\Z_RADA_C_BABJ_P_ACHN_CREF000_20260223144800_12.2_54.2_73.0_135.0.png'
7364,Z_RADA_C_BABJ_P_ACHN_CREF000_20260223145400_12.2_54.2_73.0_135.0.png,[Errno 2] No such file or directory: 'D:\\BaiduNetdiskDownload\\气象大模型数据（中南）-20260224\\气象雷达拼图（UTC）\\Z_RADA_C_BABJ_P_ACHN_CREF000_20260223145400_12.2_54.2_73.0_135.0.png'
7365,Z_RADA_C_BABJ_P_ACHN_CREF000_20260223150000_12.2_54.2_73.0_135.0.png,[Errno 2] No such file or directory: 'D:\\BaiduNetdiskDownload\\气象大模型数据（中南）-20260224\\气象雷达拼图（UTC）\\Z_RADA_C_BABJ_P_ACHN_CREF000_20260223150000_12.2_54.2_73.0_135.0.png'
7366,Z_RADA_C_BABJ_P_ACHN_CREF000_20260223150600_12.2_54.2_73.0_135.0.png,[Errno 2] No such file or directory: 'D:\\BaiduNetdiskDownload\\气象大模型数据（中南）-20260224\\气象雷达拼图（UTC）\\Z_RADA_C_BABJ_P_ACHN_CREF000_20260223150600_12.2_54.2_73.0_135.0.png'
7367,Z_RADA_C_BABJ_P_ACHN_CREF000_20260223151200_12.2_54.2_73.0_135.0.png,[Errno 2] No such file or directory: 'D:\\BaiduNetdiskDownload\\气象大模型数据（中南）-20260224\\气象雷达拼图（UTC）\\Z_RADA_C_BABJ_P_ACHN_CREF000_20260223151200_12.2_54.2_73.0_135.0.png'
7368,Z_RADA_C_BABJ_P_ACHN_CREF000_20260223151800_12.2_54.2_73.0_135.0.png,[Errno 2] No such file or directory: 'D:\\BaiduNetdiskDownload\\气象大模型数据（中南）-20260224\\气象雷达拼图（UTC）\\Z_RADA_C_BABJ_P_ACHN_CREF000_20260223151800_12.2_54.2_73.0_135.0.png'
7369,Z_RADA_C_BABJ_P_ACHN_CREF000_20260223152400_12.2_54.2_73.0_135.0.png,[Errno 2] No such file or directory: 'D:\\BaiduNetdiskDownload\\气象大模型数据（中南）-20260224\\气象雷达拼图（UTC）\\Z_RADA_C_BABJ_P_ACHN_CREF000_20260223152400_12.2_54.2_73.0_135.0.png'
7370,Z_RADA_C_BABJ_P_ACHN_CREF000_20260223153000_12.2_54.2_73.0_135.0.png,[Errno 2] No such file or directory: 'D:\\BaiduNetdiskDownload\\气象大模型数据（中南）-20260224\\气象雷达拼图（UTC）\\Z_RADA_C_BABJ_P_ACHN_CREF000_20260223153000_12.2_54.2_73.0_135.0.png'
7371,Z_RADA_C_BABJ_P_ACHN_CREF000_20260223153600_12.2_54.2_73.0_135.0.png,[Errno 2] No such file or directory: 'D:\\BaiduNetdiskDownload\\气象大模型数据（中南）-20260224\\气象雷达拼图（UTC）\\Z_RADA_C_BABJ_P_ACHN_CREF000_20260223153600_12.2_54.2_73.0_135.0.png'
7372,Z_RADA_C_BABJ_P_ACHN_CREF000_20260223154200_12.2_54.2_73.0_135.0.png,[Errno 2] No such file or directory: 'D:\\BaiduNetdiskDownload\\气象大模型数据（中南）-20260224\\气象雷达拼图（UTC）\\Z_RADA_C_BABJ_P_ACHN_CREF000_20260223154200_12.2_54.2_73.0_135.0.png'
7373,Z_RADA_C_BABJ_P_ACHN_CREF000_20260223154800_12.2_54.2_73.0_135.0.png,[Errno 2] No such file or directory: 'D:\\BaiduNetdiskDownload\\气象大模型数据（中南）-20260224\\气象雷达拼图（UTC）\\Z_RADA_C_BABJ_P_ACHN_CREF000_20260223154800_12.2_54.2_73.0_135.0.png'
7374,Z_RADA_C_BABJ_P_ACHN_CREF000_20260223155400_12.2_54.2_73.0_135.0.png,[Errno 2] No such file or directory: 'D:\\BaiduNetdiskDownload\\气象大模型数据（中南）-20260224\\气象雷达拼图（UTC）\\Z_RADA_C_BABJ_P_ACHN_CREF000_20260223155400_12.2_54.2_73.0_135.0.png'
7375,Z_RADA_C_BABJ_P_ACHN_CREF000_20260223160000_12.2_54.2_73.0_135.0.png,[Errno 2] No such file or directory: 'D:\\BaiduNetdiskDownload\\气象大模型数据（中南）-20260224\\气象雷达拼图（UTC）\\Z_RADA_C_BABJ_P_ACHN_CREF000_20260223160000_12.2_54.2_73.0_135.0.png'
7376,Z_RADA_C_BABJ_P_ACHN_CREF000_20260223160600_12.2_54.2_73.0_135.0.png,[Errno 2] No such file or directory: 'D:\\BaiduNetdiskDownload\\气象大模型数据（中南）-20260224\\气象雷达拼图（UTC）\\Z_RADA_C_BABJ_P_ACHN_CREF000_20260223160600_12.2_54.2_73.0_135.0.png'
7377,Z_RADA_C_BABJ_P_ACHN_CREF000_20260223161200_12.2_54.2_73.0_135.0.png,[Errno 2] No such file or directory: 'D:\\BaiduNetdiskDownload\\气象大模型数据（中南）-20260224\\气象雷达拼图（UTC）\\Z_RADA_C_BABJ_P_ACHN_CREF000_20260223161200_12.2_54.2_73.0_135.0.png'
7378,Z_RADA_C_BABJ_P_ACHN_CREF000_20260223161800_12.2_54.2_73.0_135.0.png,[Errno 2] No such file or directory: 'D:\\BaiduNetdiskDownload\\气象大模型数据（中南）-20260224\\气象雷达拼图（UTC）\\Z_RADA_C_BABJ_P_ACHN_CREF000_20260223161800_12.2_54.2_73.0_135.0.png'
7379,Z_RADA_C_BABJ_P_ACHN_CREF000_20260223162400_12.2_54.2_73.0_135.0.png,[Errno 2] No such file or directory: 'D:\\BaiduNetdiskDownload\\气象大模型数据（中南）-20260224\\气象雷达拼图（UTC）\\Z_RADA_C_BABJ_P_ACHN_CREF000_20260223162400_12.2_54.2_73.0_135.0.png'
7380,Z_RADA_C_BABJ_P_ACHN_CREF000_20260223163000_12.2_54.2_73.0_135.0.png,[Errno 2] No such file or directory: 'D:\\BaiduNetdiskDownload\\气象大模型数据（中南）-20260224\\气象雷达拼图（UTC）\\Z_RADA_C_BABJ_P_ACHN_CREF000_20260223163000_12.2_54.2_73.0_135.0.png'
7381,Z_RADA_C_BABJ_P_ACHN_CREF000_20260223163600_12.2_54.2_73.0_135.0.png,[Errno 2] No such file or directory: 'D:\\BaiduNetdiskDownload\\气象大模型数据（中南）-20260224\\气象雷达拼图（UTC）\\Z_RADA_C_BABJ_P_ACHN_CREF000_20260223163600_12.2_54.2_73.0_135.0.png'
7382,Z_RADA_C_BABJ_P_ACHN_CREF000_20260223164200_12.2_54.2_73.0_135.0.png,[Errno 2] No such file or directory: 'D:\\BaiduNetdiskDownload\\气象大模型数据（中南）-20260224\\气象雷达拼图（UTC）\\Z_RADA_C_BABJ_P_ACHN_CREF000_20260223164200_12.2_54.2_73.0_135.0.png'
7383,Z_RADA_C_BABJ_P_ACHN_CREF000_20260223164800_12.2_54.2_73.0_135.0.png,[Errno 2] No such file or directory: 'D:\\BaiduNetdiskDownload\\气象大模型数据（中南）-20260224\\气象雷达拼图（UTC）\\Z_RADA_C_BABJ_P_ACHN_CREF000_20260223164800_12.2_54.2_73.0_135.0.png'
7384,Z_RADA_C_BABJ_P_ACHN_CREF000_20260223165400_12.2_54.2_73.0_135.0.png,[Errno 2] No such file or directory: 'D:\\BaiduNetdiskDownload\\气象大模型数据（中南）-20260224\\气象雷达拼图（UTC）\\Z_RADA_C_BABJ_P_ACHN_CREF000_20260223165400_12.2_54.2_73.0_135.0.png'
7385,Z_RADA_C_BABJ_P_ACHN_CREF000_20260223170000_12.2_54.2_73.0_135.0.png,[Errno 2] No such file or directory: 'D:\\BaiduNetdiskDownload\\气象大模型数据（中南）-20260224\\气象雷达拼图（UTC）\\Z_RADA_C_BABJ_P_ACHN_CREF000_20260223170000_12.2_54.2_73.0_135.0.png'
7386,Z_RADA_C_BABJ_P_ACHN_CREF000_20260223170600_12.2_54.2_73.0_135.0.png,[Errno 2] No such file or directory: 'D:\\BaiduNetdiskDownload\\气象大模型数据（中南）-20260224\\气象雷达拼图（UTC）\\Z_RADA_C_BABJ_P_ACHN_CREF000_20260223170600_12.2_54.2_73.0_135.0.png'
7387,Z_RADA_C_BABJ_P_ACHN_CREF000_20260223171200_12.2_54.2_73.0_135.0.png,[Errno 2] No such file or directory: 'D:\\BaiduNetdiskDownload\\气象大模型数据（中南）-20260224\\气象雷达拼图（UTC）\\Z_RADA_C_BABJ_P_ACHN_CREF000_20260223171200_12.2_54.2_73.0_135.0.png'
7388,Z_RADA_C_BABJ_P_ACHN_CREF000_20260223171800_12.2_54.2_73.0_135.0.png,[Errno 2] No such file or directory: 'D:\\BaiduNetdiskDownload\\气象大模型数据（中南）-20260224\\气象雷达拼图（UTC）\\Z_RADA_C_BABJ_P_ACHN_CREF000_20260223171800_12.2_54.2_73.0_135.0.png'
7389,Z_RADA_C_BABJ_P_ACHN_CREF000_20260223172400_12.2_54.2_73.0_135.0.png,[Errno 2] No such file or directory: 'D:\\BaiduNetdiskDownload\\气象大模型数据（中南）-20260224\\气象雷达拼图（UTC）\\Z_RADA_C_BABJ_P_ACHN_CREF000_20260223172400_12.2_54.2_73.0_135.0.png'
7390,Z_RADA_C_BABJ_P_ACHN_CREF000_20260223173000_12.2_54.2_73.0_135.0.png,[Errno 2] No such file or directory: 'D:\\BaiduNetdiskDownload\\气象大模型数据（中南）-20260224\\气象雷达拼图（UTC）\\Z_RADA_C_BABJ_P_ACHN_CREF000_20260223173000_12.2_54.2_73.0_135.0.png'
7391,Z_RADA_C_BABJ_P_ACHN_CREF000_20260223173600_12.2_54.2_73.0_135.0.png,[Errno 2] No such file or directory: 'D:\\BaiduNetdiskDownload\\气象大模型数据（中南）-20260224\\气象雷达拼图（UTC）\\Z_RADA_C_BABJ_P_ACHN_CREF000_20260223173600_12.2_54.2_73.0_135.0.png'
7392,Z_RADA_C_BABJ_P_ACHN_CREF000_20260223174200_12.2_54.2_73.0_135.0.png,[Errno 2] No such file or directory: 'D:\\BaiduNetdiskDownload\\气象大模型数据（中南）-20260224\\气象雷达拼图（UTC）\\Z_RADA_C_BABJ_P_ACHN_CREF000_20260223174200_12.2_54.2_73.0_135.0.png'
7393,Z_RADA_C_BABJ_P_ACHN_CREF000_20260223174800_12.2_54.2_73.0_135.0.png,[Errno 2] No such file or directory: 'D:\\BaiduNetdiskDownload\\气象大模型数据（中南）-20260224\\气象雷达拼图（UTC）\\Z_RADA_C_BABJ_P_ACHN_CREF000_20260223174800_12.2_54.2_73.0_135.0.png'
7394,Z_RADA_C_BABJ_P_ACHN_CREF000_20260223175400_12.2_54.2_73.0_135.0.png,[Errno 2] No such file or directory: 'D:\\BaiduNetdiskDownload\\气象大模型数据（中南）-20260224\\气象雷达拼图（UTC）\\Z_RADA_C_BABJ_P_ACHN_CREF000_20260223175400_12.2_54.2_73.0_135.0.png'
7395,Z_RADA_C_BABJ_P_ACHN_CREF000_20260223180000_12.2_54.2_73.0_135.0.png,[Errno 2] No such file or directory: 'D:\\BaiduNetdiskDownload\\气象大模型数据（中南）-20260224\\气象雷达拼图（UTC）\\Z_RADA_C_BABJ_P_ACHN_CREF000_20260223180000_12.2_54.2_73.0_135.0.png'
